시군,읍면동,통리,반,관할구역
화성시,봉담읍,상1리,1반,상리 산17~100
화성시,봉담읍,상1리,2반,상리 101~185
화성시,봉담읍,상1리,3반,상리 185~207
화성시,봉담읍,상2리,1반,상리 357~394
화성시,봉담읍,상2리,2반,상리 240~248
화성시,봉담읍,상2리,3반,상리 산20~산50
화성시,봉담읍,상3리,1반,"상리 산13, 15-25, 459"
화성시,봉담읍,상3리,2반,상리 27부터 39까지
화성시,봉담읍,상3리,3반,"상리 40~43, 산22~산25"
화성시,봉담읍,상3리,4반,"상리 191~207, 산42"
화성시,봉담읍,상4리,1반,상리 21-2 한신A 101동(1호~4호)
화성시,봉담읍,상4리,2반,상리 21-2 한신A 101동(5호~8호)
화성시,봉담읍,상4리,3반,상리 21-2 한신A 102동(1호~6호)
화성시,봉담읍,상4리,4반,상리 21-2 한신A 102동(7호~12호)
화성시,봉담읍,상4리,5반,상리 21-2 한신A 103동(1호~4호)
화성시,봉담읍,상4리,6반,상리 21-2 한신A 103동(5호~8호)
화성시,봉담읍,상4리,7반,상리 21-2 한신A 104동(1호~2호)
화성시,봉담읍,상4리,8반,상리 21-2 한신A 105동(1호~4호)
화성시,봉담읍,상4리,9반,상리 21-2 한신A 105동(5호~8호)
화성시,봉담읍,상5리,1반,상리 25-7 봉담 신안인스빌아파트 101동 1~3호열
화성시,봉담읍,상5리,2반,상리 25-7 봉담 신안인스빌아파트 101동 4~6호열
화성시,봉담읍,상5리,3반,상리 25-7 봉담 신안인스빌아파트 102동 1~3호열
화성시,봉담읍,상5리,4반,상리 25-7 봉담 신안인스빌아파트 102동 4~6호열
화성시,봉담읍,상5리,5반,상리 25-7 봉담 신안인스빌아파트 103동
화성시,봉담읍,상5리,6반,상리 25-7 봉담 신안인스빌아파트 104동
화성시,봉담읍,상5리,7반,상리 25-7 봉담 신안인스빌아파트 105동 1~3호열
화성시,봉담읍,상5리,8반,상리 25-7 봉담 신안인스빌아파트 105동 4~6호열
화성시,봉담읍,상5리,9반,상리 25-7 봉담 신안인스빌아파트 106동 1~3호열
화성시,봉담읍,상5리,10반,상리 25-7 봉담 신안인스빌아파트 106동 4~6호열
화성시,읍면동,통리,반,관 할 구 역
화성시,봉담읍,상6리,1반,"상리 618 삼봉마을 주공아파트 101동, 상가동"
화성시,봉담읍,상6리,2반,상리 618 삼봉마을 주공아파트 102동(101호~908호)
화성시,봉담읍,상6리,3반,상리 618 삼봉마을 주공아파트 102동(1001호~1808호)
화성시,봉담읍,상6리,4반,상리 618 삼봉마을 주공아파트 103동
화성시,봉담읍,상6리,5반,상리 618 삼봉마을 주공아파트 104동(101호~908호)
화성시,봉담읍,상6리,6반,상리 618 삼봉마을 주공아파트 104동(1001호~1807호)
화성시,봉담읍,상6리,7반,상리 618 삼봉마을 주공아파트 105동
화성시,봉담읍,상6리,8반,상리 618 삼봉마을 주공아파트 106동(101호~906호)
화성시,봉담읍,상6리,9반,상리 618 삼봉마을 주공아파트 106동(1001호~1806호)
화성시,봉담읍,상6리,10반,상리 618 삼봉마을 주공아파트 107동
화성시,봉담읍,상7리,1반,"상리 622-1번지 동문굿모닝힐 아파트 101동, 상가동"
화성시,봉담읍,상7리,2반,상리 622-1번지 동문굿모닝힐 아파트 102동
화성시,봉담읍,상7리,3반,상리 622-1번지 동문굿모닝힐 아파트 103동
화성시,봉담읍,상7리,4반,상리 622-1번지 동문굿모닝힐 아파트 104동
화성시,봉담읍,상7리,5반,상리 622-1번지 동문굿모닝힐 아파트 105동
화성시,봉담읍,상7리,6반,상리 622-1번지 동문굿모닝힐 아파트 106동
화성시,봉담읍,상8리,1반,봉담2지구 LH2단지 아파트 201동
화성시,봉담읍,상8리,2반,봉담2지구 LH2단지 아파트 202동
화성시,봉담읍,상8리,3반,봉담2지구 LH2단지 아파트 203동
화성시,봉담읍,상8리,4반,봉담2지구 LH2단지 아파트 204동
화성시,봉담읍,상8리,5반,봉담2지구 LH2단지 아파트 205동
화성시,봉담읍,상8리,6반,봉담2지구 LH2단지 아파트 206동
화성시,봉담읍,상9리,1반,화성봉담2 e편한세상신봉담 아파트 101동
화성시,봉담읍,상9리,2반,화성봉담2 e편한세상신봉담 아파트 102동
화성시,봉담읍,상9리,3반,화성봉담2 e편한세상신봉담 아파트 103동
화성시,봉담읍,상9리,4반,화성봉담2 e편한세상신봉담 아파트 104동
화성시,봉담읍,상9리,5반,화성봉담2 e편한세상신봉담 아파트 105동
화성시,봉담읍,상9리,6반,화성봉담2 e편한세상신봉담 아파트 106동
화성시,봉담읍,상9리,7반,화성봉담2 e편한세상신봉담 아파트 107동
화성시,봉담읍,상10리,1반,화성상리1블록 행복주택 101동
화성시,봉담읍,상10리,2반,화성상리1블록 행복주택 102동
화성시,봉담읍,상10리,3반,화성상리1블록 행복주택 103동
화성시,봉담읍,상11리,1반,봉담2지구 중흥 S클래스 더퍼스트 아파트 101동
화성시,봉담읍,상11리,2반,봉담2지구 중흥 S클래스 더퍼스트 아파트 102동
화성시,봉담읍,상11리,3반,봉담2지구 중흥 S클래스 더퍼스트 아파트 103동
화성시,봉담읍,상11리,4반,봉담2지구 중흥 S클래스 더퍼스트 아파트 104동
화성시,봉담읍,상11리,5반,봉담2지구 중흥 S클래스 더퍼스트 아파트 105동
화성시,봉담읍,상11리,6반,봉담2지구 중흥 S클래스 더퍼스트 아파트 106동
화성시,봉담읍,상11리,7반,봉담2지구 중흥 S클래스 더퍼스트 아파트 107동
화성시,봉담읍,상11리,8반,봉담2지구 중흥 S클래스 더퍼스트 아파트 108동
화성시,봉담읍,상11리,9반,봉담2지구 중흥 S클래스 더퍼스트 아파트 109동
화성시,봉담읍,상11리,10반,봉담2지구 중흥 S클래스 더퍼스트 아파트 110동
화성시,읍면동,통리,반,관 할 구 역
화성시,봉담읍,상12리,1반,화성봉담2A-2BL 루엘리안 아파트 601동
화성시,봉담읍,상12리,2반,화성봉담2A-2BL 루엘리안 아파트 602동
화성시,봉담읍,상12리,3반,화성봉담2A-2BL 루엘리안 아파트 603동
화성시,봉담읍,상12리,4반,화성봉담2A-2BL 루엘리안 아파트 604동
화성시,봉담읍,상12리,5반,화성봉담2A-2BL 루엘리안 아파트 605동
화성시,봉담읍,상13리,1반,상리 678 봉담2지구 중흥 S클래스 에듀파크 아파트 301동
화성시,봉담읍,상13리,2반,상리 678 봉담2지구 중흥 S클래스 에듀파크 아파트 302동
화성시,봉담읍,상13리,3반,상리 678 봉담2지구 중흥 S클래스 에듀파크 아파트 303동
화성시,봉담읍,상13리,4반,상리 678 봉담2지구 중흥 S클래스 에듀파크 아파트 304동
화성시,봉담읍,상13리,5반,상리 678 봉담2지구 중흥 S클래스 에듀파크 아파트 305동
화성시,봉담읍,상13리,6반,상리 678 봉담2지구 중흥 S클래스 에듀파크 아파트 306동
화성시,봉담읍,상13리,7반,상리 678 봉담2지구 중흥 S클래스 에듀파크 아파트 307동
화성시,봉담읍,상13리,8반,상리 678 봉담2지구 중흥 S클래스 에듀파크 아파트 308동
화성시,봉담읍,상13리,9반,상리 678 봉담2지구 중흥 S클래스 에듀파크 아파트 309동
화성시,봉담읍,상13리,10반,상리 678 봉담2지구 중흥 S클래스 에듀파크 아파트 310동
화성시,봉담읍,상13리,11반,상리 678 봉담2지구 중흥 S클래스 에듀파크 아파트 311동
화성시,봉담읍,상13리,12반,상리 678 봉담2지구 중흥 S클래스 에듀파크 아파트 312동
화성시,봉담읍,상13리,13반,상리 678 봉담2지구 중흥 S클래스 에듀파크 아파트 313동
화성시,봉담읍,상14리,1반,봉담2지구 중흥 S클래스 에듀포레 아파트 601동
화성시,봉담읍,상14리,2반,봉담2지구 중흥 S클래스 에듀포레 아파트 602동
화성시,봉담읍,상14리,3반,봉담2지구 중흥 S클래스 에듀포레 아파트 603동
화성시,봉담읍,상14리,4반,봉담2지구 중흥 S클래스 에듀포레 아파트 604동
화성시,봉담읍,상14리,5반,봉담2지구 중흥 S클래스 에듀포레 아파트 605동
화성시,봉담읍,상14리,6반,봉담2지구 중흥 S클래스 에듀포레 아파트 606동
화성시,봉담읍,상14리,7반,봉담2지구 중흥 S클래스 에듀포레 아파트 607동
화성시,봉담읍,상14리,8반,봉담2지구 중흥 S클래스 에듀포레 아파트 608동
화성시,봉담읍,상14리,9반,봉담2지구 중흥 S클래스 에듀포레 아파트 609동
화성시,봉담읍,상15리,1반,봉담2지구 중흥 S클래스 에듀시티 아파트 501동
화성시,봉담읍,상15리,2반,봉담2지구 중흥 S클래스 에듀시티 아파트 502동
화성시,봉담읍,상15리,3반,봉담2지구 중흥 S클래스 에듀시티 아파트 503동
화성시,봉담읍,상15리,4반,봉담2지구 중흥 S클래스 에듀시티 아파트 504동
화성시,봉담읍,상15리,5반,봉담2지구 중흥 S클래스 에듀시티 아파트 505동
화성시,봉담읍,상15리,6반,봉담2지구 중흥 S클래스 에듀시티 아파트 506동
화성시,봉담읍,상15리,7반,봉담2지구 중흥 S클래스 에듀시티 아파트 507동
화성시,봉담읍,상15리,8반,봉담2지구 중흥 S클래스 에듀시티 아파트 508동
화성시,봉담읍,상16리,1반,상리 623-1부터 629까지 및 679-1부터 692-4까지
화성시,봉담읍,상16리,2반,상리 630부터 647까지
화성시,읍면동,통리,반,관 할 구 역
화성시,봉담읍,내1리,1반,내리 505~539
화성시,봉담읍,내1리,2반,내리 540~590
화성시,봉담읍,내1리,3반,내리 325~496
화성시,봉담읍,내2리,1반,내리 80~95
화성시,봉담읍,내2리,2반,내리 112~153
화성시,봉담읍,내2리,3반,내리 569~802
화성시,봉담읍,내3리,1반,봉담자이프라이드시티 101동
화성시,봉담읍,내3리,2반,봉담자이프라이드시티 102동
화성시,봉담읍,내3리,3반,봉담자이프라이드시티 103동
화성시,봉담읍,내3리,4반,봉담자이프라이드시티 104동
화성시,봉담읍,내3리,5반,봉담자이프라이드시티 105동
화성시,봉담읍,내3리,6반,봉담자이프라이드시티 106동
화성시,봉담읍,내3리,7반,봉담자이프라이드시티 107동
화성시,봉담읍,내3리,8반,봉담자이프라이드시티 108동
화성시,봉담읍,내3리,9반,봉담자이프라이드시티 109동
화성시,봉담읍,내3리,10반,봉담자이프라이드시티 110동
화성시,봉담읍,내3리,11반,봉담자이프라이드시티 111동
화성시,봉담읍,내4리,1반,힐스테이트봉담프라이드시티 201동
화성시,봉담읍,내4리,2반,힐스테이트봉담프라이드시티 202동
화성시,봉담읍,내4리,3반,힐스테이트봉담프라이드시티 203동
화성시,봉담읍,내4리,4반,힐스테이트봉담프라이드시티 204동
화성시,봉담읍,내4리,5반,힐스테이트봉담프라이드시티 205동
화성시,봉담읍,내4리,6반,힐스테이트봉담프라이드시티 206동
화성시,봉담읍,내4리,7반,힐스테이트봉담프라이드시티 207동
화성시,봉담읍,내4리,8반,힐스테이트봉담프라이드시티 208동
화성시,봉담읍,내4리,9반,힐스테이트봉담프라이드시티 209동
화성시,봉담읍,내4리,10반,힐스테이트봉담프라이드시티 210동
화성시,봉담읍,내4리,11반,힐스테이트봉담프라이드시티 211동
화성시,봉담읍,내4리,12반,힐스테이트봉담프라이드시티 212동
화성시,봉담읍,내4리,13반,힐스테이트봉담프라이드시티 213동
화성시,봉담읍,내4리,14반,힐스테이트봉담프라이드시티 214동
화성시,봉담읍,내4리,15반,힐스테이트봉담프라이드시티 215동
화성시,봉담읍,내4리,16반,힐스테이트봉담프라이드시티 216동
화성시,봉담읍,내4리,17반,힐스테이트봉담프라이드시티 217동
화성시,읍면동,통리,반,관 할 구 역
화성시,봉담읍,수영1리,1반,수영리 9~275
화성시,봉담읍,수영1리,2반,수영리 280~393-3
화성시,봉담읍,수영1리,3반,수영리 386~512-4
화성시,봉담읍,수영1리,4반,수영리 385-5~385-16(동산빌라)
화성시,봉담읍,수영2리,1반,수영리 671 양지마을 쌍용예가아파트 101동
화성시,봉담읍,수영2리,2반,수영리 671 양지마을 쌍용예가아파트 102동
화성시,봉담읍,수영2리,3반,"수영리 671 양지마을 쌍용예가아파트 103동, 상가동"
화성시,봉담읍,수영2리,4반,수영리 671 양지마을 쌍용예가아파트 104동
화성시,봉담읍,수영2리,5반,수영리 671 양지마을 쌍용예가아파트 105동
화성시,봉담읍,수영2리,6반,수영리 671 양지마을 쌍용예가아파트 106동
화성시,봉담읍,수영2리,7반,수영리 671 양지마을 쌍용예가아파트 107동
화성시,봉담읍,수영2리,8반,수영리 671 양지마을 쌍용예가아파트 108동
화성시,봉담읍,수영2리,9반,수영리 671 양지마을 쌍용예가아파트 109동
화성시,봉담읍,수영3리,1반,"수영리 614~620, 622~637"
화성시,봉담읍,수영3리,2반,수영리 606~612
화성시,봉담읍,수영3리,3반,수영리 576~1
화성시,봉담읍,수영4리,1반,수영리 639-3~649-4
화성시,봉담읍,수영4리,2반,수영리 649-8~649-42
화성시,봉담읍,수영4리,3반,수영리 649-43~649-58
화성시,봉담읍,수영4리,4반,수영리 649-59~649-72
화성시,봉담읍,수영4리,5반,"수영리 650~653-3, 산21~산22-4"
화성시,봉담읍,수영5리,1반,수영리 647-5 동남메리트 수정마을 101동(1~4호열)
화성시,봉담읍,수영5리,2반,수영리 647-5 동남메리트 수정마을 101동(5~8호열)
화성시,봉담읍,수영5리,3반,수영리 647-5 동남메리트 수정마을 102동
화성시,봉담읍,수영5리,4반,수영리 647-5 동남메리트 수정마을 103동(1~4호열)
화성시,봉담읍,수영5리,5반,수영리 647-5 동남메리트 수정마을 103동(5~8호열)
화성시,봉담읍,수영5리,6반,수영리 647-5 동남메리트 수정마을 104동(1~3호열)
화성시,봉담읍,수영5리,7반,수영리 647-5 동남메리트 수정마을 104동(4~6호열)
화성시,봉담읍,수영5리,8반,수영리 647-5 동남메리트 수정마을 105동
화성시,봉담읍,수영5리,9반,수영리 647-5 동남메리트 수정마을 106동
화성시,봉담읍,수영5리,10반,수영리 647-5 동남메리트 수정마을 107동
화성시,봉담읍,수영5리,11반,수영리 647-5 동남메리트 수정마을 108동(1~3호열)
화성시,봉담읍,수영5리,12반,수영리 647-5 동남메리트 수정마을 108동(4~6호열)
화성시,읍면동,통리,반,관 할 구 역
화성시,봉담읍,수영6리,1반,수영리 672번지 한울마을 신창비바패밀리 아파트 101동
화성시,봉담읍,수영6리,2반,수영리 672번지 한울마을 신창비바패밀리 아파트 102동
화성시,봉담읍,수영6리,3반,수영리 672번지 한울마을 신창비바패밀리 아파트 103동
화성시,봉담읍,수영6리,4반,수영리 672번지 한울마을 신창비바패밀리 아파트 104동
화성시,봉담읍,수영6리,5반,수영리 672번지 한울마을 신창비바패밀리 아파트 105동
화성시,봉담읍,수영6리,6반,수영리 672번지 한울마을 신창비바패밀리 아파트 106동
화성시,봉담읍,수영6리,7반,수영리 672번지 한울마을 신창비바패밀리 아파트 107동
화성시,봉담읍,수영6리,8반,수영리 672번지 한울마을 신창비바패밀리 아파트 108동
화성시,봉담읍,수영6리,9반,수영리 672번지 한울마을 신창비바패밀리 아파트 109동
화성시,봉담읍,수영6리,10반,수영리 672번지 한울마을 신창비바패밀리 아파트 110동
화성시,봉담읍,수영6리,11반,"수영리 672번지 한울마을 신창비바패밀리 아파트 111동,상가동"
화성시,봉담읍,수영6리,12반,수영리 672번지 한울마을 신창비바패밀리 아파트 112동
화성시,봉담읍,수영6리,13반,수영리 672번지 한울마을 신창비바패밀리 아파트 113동
화성시,봉담읍,수영7리,1반,수영리 673번지 한울마을 신창비바패밀리 아파트 201동
화성시,봉담읍,수영7리,2반,수영리 673번지 한울마을 신창비바패밀리 아파트 202동
화성시,봉담읍,수영7리,3반,수영리 673번지 한울마을 신창비바패밀리 아파트 203동
화성시,봉담읍,수영7리,4반,수영리 673번지 한울마을 신창비바패밀리 아파트 204동
화성시,봉담읍,수영7리,5반,수영리 673번지 한울마을 신창비바패밀리 아파트 205동
화성시,봉담읍,수영7리,6반,"수영리 673번지 한울마을 신창비바패밀리 아파트 206동,상가동"
화성시,봉담읍,수영8리,1반,봉담 우방아이유쉘 1단지 101동
화성시,봉담읍,수영8리,2반,봉담 우방아이유쉘 1단지 102동
화성시,봉담읍,수영8리,3반,봉담 우방아이유쉘 1단지 103동
화성시,봉담읍,수영8리,4반,봉담 우방아이유쉘 1단지 104동
화성시,봉담읍,수영8리,5반,봉담 우방아이유쉘 1단지 105동
화성시,봉담읍,수영8리,6반,"봉담 우방아이유쉘 1단지 106동, 상가동, 수영리 290-3"
화성시,봉담읍,수영9리,1반,"봉담 우방아이유쉘 2단지 101동, 상가동"
화성시,봉담읍,수영9리,2반,봉담 우방아이유쉘 2단지 102동
화성시,봉담읍,수영9리,3반,봉담 우방아이유쉘 2단지 103동
화성시,봉담읍,수영9리,4반,봉담 우방아이유쉘 2단지 104동
화성시,봉담읍,수영9리,5반,"봉담 우방아이유쉘 2단지 105동, 153-1~162-10"
화성시,봉담읍,수영9리,6반,봉담 우방아이유쉘 2단지 106동
화성시,봉담읍,수영10리,1반,봉담2지구 LH3단지 아파트 301동
화성시,봉담읍,수영10리,2반,봉담2지구 LH3단지 아파트 302동
화성시,봉담읍,수영10리,3반,봉담2지구 LH3단지 아파트 303동
화성시,봉담읍,수영10리,4반,봉담2지구 LH3단지 아파트 304동
화성시,봉담읍,수영10리,5반,봉담2지구 LH3단지 아파트 305동
화성시,봉담읍,수영10리,6반,봉담2지구 LH3단지 아파트 306동
화성시,봉담읍,수영10리,7반,봉담2지구 LH3단지 아파트 307동
화성시,봉담읍,수영10리,8반,봉담2지구 LH3단지 아파트 308동
화성시,읍면동,통리,반,관 할 구 역
화성시,봉담읍,수영11리,1반,화성봉담2 LH4단지 아파트 401동
화성시,봉담읍,수영11리,2반,화성봉담2 LH4단지 아파트 402동
화성시,봉담읍,수영11리,3반,화성봉담2 LH4단지 아파트 403동
화성시,봉담읍,수영12리,1반,화성봉담2 LH5단지 아파트 501동
화성시,봉담읍,수영12리,2반,화성봉담2 LH5단지 아파트 502동
화성시,봉담읍,수영12리,3반,화성봉담2 LH5단지 아파트 503동
화성시,봉담읍,수영12리,4반,화성봉담2 LH5단지 아파트 504동
화성시,봉담읍,수영12리,5반,화성봉담2 LH5단지 아파트 505동
화성시,봉담읍,수영12리,6반,화성봉담2 LH5단지 아파트 506동
화성시,봉담읍,수영12리,7반,화성봉담2 LH5단지 아파트 507동
화성시,봉담읍,수영12리,8반,화성봉담2 LH5단지 아파트 508동
화성시,봉담읍,수영12리,9반,화성봉담2 LH5단지 아파트 509동
화성시,봉담읍,수영12리,10반,화성봉담2 LH5단지 아파트 510동
화성시,봉담읍,수영12리,11반,화성봉담2 LH5단지 아파트 511동
화성시,봉담읍,수영13리,1반,화성봉담2 힐스테이트 아파트 301동
화성시,봉담읍,수영13리,2반,화성봉담2 힐스테이트 아파트 302동
화성시,봉담읍,수영13리,3반,화성봉담2 힐스테이트 아파트 303동
화성시,봉담읍,수영13리,4반,화성봉담2 힐스테이트 아파트 304동
화성시,봉담읍,수영13리,5반,화성봉담2 힐스테이트 아파트 305동
화성시,봉담읍,수영13리,6반,화성봉담2 힐스테이트 아파트 306동
화성시,봉담읍,수영13리,7반,화성봉담2 힐스테이트 아파트 307동
화성시,봉담읍,수영13리,8반,화성봉담2 힐스테이트 아파트 308동
화성시,봉담읍,수영13리,9반,화성봉담2 힐스테이트 아파트 309동
화성시,봉담읍,수영13리,10반,화성봉담2 힐스테이트 아파트 310동
화성시,봉담읍,수영13리,11반,화성봉담2 힐스테이트 아파트 311동
화성시,봉담읍,수영14리,1반,수영리 690 봉담2지구 중흥 S클래스 더 센트럴 아파트 101동
화성시,봉담읍,수영14리,2반,수영리 690 봉담2지구 중흥 S클래스 더 센트럴 아파트 102동
화성시,봉담읍,수영14리,3반,수영리 690 봉담2지구 중흥 S클래스 더 센트럴 아파트 103동
화성시,봉담읍,수영14리,4반,수영리 690 봉담2지구 중흥 S클래스 더 센트럴 아파트 104동
화성시,봉담읍,수영14리,5반,수영리 690 봉담2지구 중흥 S클래스 더 센트럴 아파트 105동
화성시,봉담읍,수영14리,6반,수영리 690 봉담2지구 중흥 S클래스 더 센트럴 아파트 106동
화성시,봉담읍,수영14리,7반,수영리 690 봉담2지구 중흥 S클래스 더 센트럴 아파트 107동
화성시,봉담읍,수영14리,8반,수영리 690 봉담2지구 중흥 S클래스 더 센트럴 아파트 108동
화성시,봉담읍,수영14리,9반,수영리 690 봉담2지구 중흥 S클래스 더 센트럴 아파트 109동
화성시,봉담읍,수영14리,10반,수영리 690 봉담2지구 중흥 S클래스 더 센트럴 아파트 110동
화성시,읍면동,통리,반,관 할 구 역
화성시,봉담읍,동화1리,1반,동화리 332~348
화성시,봉담읍,동화1리,2반,"동화리 349~366, 415"
화성시,봉담읍,동화1리,3반,동화리 410
화성시,봉담읍,동화1리,4반,동화리 414~415
화성시,봉담읍,동화1리,5반,동화리 420부터 425까지
화성시,봉담읍,동화2리,1반,"동화리 2부터 224까지(동화4리, 동화14리 및 동화15리의 관할구역은 제외한다)"
화성시,봉담읍,동화2리,2반,동화리 225~300
화성시,봉담읍,동화2리,3반,동화리 303~480 (동화12리 관할구역인 신동아 파밀리에 아파트 제외)
화성시,봉담읍,동화3리,1반,"동화리 431-4(유화빌아트), 431-7(그린빌라)"
화성시,봉담읍,동화3리,2반,"동화리 437~439, 484"
화성시,봉담읍,동화3리,3반,동화리 555-1~558-12
화성시,봉담읍,동화3리,4반,동화리 560-1~562-13
화성시,봉담읍,동화4리,1반,동화리 100-1 신일우남클래식타운 아파트 101동
화성시,봉담읍,동화4리,2반,동화리 100-1 신일우남클래식타운 아파트 102동
화성시,봉담읍,동화4리,3반,동화리 100-1 신일우남클래식타운 아파트 103동
화성시,봉담읍,동화4리,4반,동화리 100-1 신일우남클래식타운 아파트 104동
화성시,봉담읍,동화4리,5반,"동화리 100-1 신일우남클래식타운 아파트 105동, 상가동"
화성시,봉담읍,동화4리,6반,동화리 100-1 신일우남클래식타운 아파트 106동
화성시,봉담읍,동화4리,7반,동화리 100-1 신일우남클래식타운 아파트 107동
화성시,봉담읍,동화4리,8반,동화리 100-1 신일우남클래식타운 아파트 108동
화성시,봉담읍,동화4리,9반,동화리 100-1 신일우남클래식타운 아파트 109동
화성시,봉담읍,동화4리,10반,동화리 100-1 신일우남클래식타운 아파트 110동
화성시,봉담읍,동화5리,1반,동화리 594 동화마을 휴먼시아 아파트 101동
화성시,봉담읍,동화5리,2반,동화리 594 동화마을 휴먼시아 아파트 102동
화성시,봉담읍,동화5리,3반,동화리 594 동화마을 휴먼시아 아파트 103동
화성시,봉담읍,동화5리,4반,동화리 594 동화마을 휴먼시아 아파트 104동
화성시,봉담읍,동화5리,5반,동화리 594 동화마을 휴먼시아 아파트 105동
화성시,봉담읍,동화5리,6반,동화리 594 동화마을 휴먼시아 아파트 106동
화성시,봉담읍,동화5리,7반,"동화리 594 동화마을 휴먼시아 아파트 107동, 상가동"
화성시,봉담읍,동화6리,1반,동화리 611 동화마을 휴먼시아 아파트 201동
화성시,봉담읍,동화6리,2반,동화리 611 동화마을 휴먼시아 아파트 202동
화성시,봉담읍,동화6리,3반,"동화리 611 동화마을 휴먼시아 아파트 203동, 상가동"
화성시,봉담읍,동화6리,4반,동화리 611 동화마을 휴먼시아 아파트 204동
화성시,봉담읍,동화6리,5반,동화리 611 동화마을 휴먼시아 아파트 205동
화성시,봉담읍,동화6리,6반,동화리 611 동화마을 휴먼시아 아파트 206동
화성시,봉담읍,동화6리,7반,동화리 611 동화마을 휴먼시아 아파트 207동
화성시,봉담읍,동화6리,8반,동화리 611 동화마을 휴먼시아 아파트 208동
화성시,봉담읍,동화6리,9반,동화리 611 동화마을 휴먼시아 아파트 209동
화성시,봉담읍,동화6리,10반,동화리 611 동화마을 휴먼시아 아파트 210동
화성시,봉담읍,동화6리,11반,동화리 611 동화마을 휴먼시아 아파트 211동
화성시,읍면동,통리,반,관 할 구 역
화성시,봉담읍,동화7리,1반,동화리 617 동화마을 휴먼시아 아파트 301동
화성시,봉담읍,동화7리,2반,동화리 617 동화마을 휴먼시아 아파트 302동
화성시,봉담읍,동화7리,3반,동화리 617 동화마을 휴먼시아 아파트 303동
화성시,봉담읍,동화7리,4반,동화리 617 동화마을 휴먼시아 아파트 304동
화성시,봉담읍,동화7리,5반,동화리 617 동화마을 휴먼시아 아파트 305동
화성시,봉담읍,동화7리,6반,동화리 617 동화마을 휴먼시아 아파트 306동
화성시,봉담읍,동화7리,7반,동화리 617 동화마을 휴먼시아 아파트 307동
화성시,봉담읍,동화7리,8반,동화리 617 동화마을 휴먼시아 아파트 308동
화성시,봉담읍,동화7리,9반,동화리 617 동화마을 휴먼시아 아파트 309동
화성시,봉담읍,동화7리,10반,"동화리 617 동화마을 휴먼시아 아파트 310동, 상가동"
화성시,봉담읍,동화8리,1반,"동화리 603 동화마을 휴먼시아 아파트 401동, 상가동"
화성시,봉담읍,동화8리,2반,동화리 603 동화마을 휴먼시아 아파트 402동
화성시,봉담읍,동화8리,3반,동화리 603 동화마을 휴먼시아 아파트 403동
화성시,봉담읍,동화8리,4반,동화리 603 동화마을 휴먼시아 아파트 404동
화성시,봉담읍,동화8리,5반,동화리 603 동화마을 휴먼시아 아파트 405동
화성시,봉담읍,동화8리,6반,동화리 603 동화마을 휴먼시아 아파트 406동
화성시,봉담읍,동화8리,7반,동화리 603 동화마을 휴먼시아 아파트 407동
화성시,봉담읍,동화9리,1반,"동화리 628번지 휴먼시아 동화마을 501동, 상가동"
화성시,봉담읍,동화9리,2반,동화리 628번지 휴먼시아 동화마을 502동
화성시,봉담읍,동화9리,3반,동화리 628번지 휴먼시아 동화마을 503동
화성시,봉담읍,동화9리,4반,동화리 628번지 휴먼시아 동화마을 504동
화성시,봉담읍,동화9리,5반,동화리 628번지 휴먼시아 동화마을 505동
화성시,봉담읍,동화9리,6반,동화리 628번지 휴먼시아 동화마을 506동
화성시,봉담읍,동화9리,7반,동화리 628번지 휴먼시아 동화마을 507동
화성시,봉담읍,동화9리,8반,동화리 628번지 휴먼시아 동화마을 508동
화성시,봉담읍,동화9리,9반,동화리 628번지 휴먼시아 동화마을 509동
화성시,봉담읍,동화10리,1반,동화리 580 동화마을 휴먼시아 아파트 601동
화성시,봉담읍,동화10리,2반,동화리 580 동화마을 휴먼시아 아파트 602동
화성시,봉담읍,동화10리,3반,동화리 580 동화마을 휴먼시아 아파트 603동
화성시,봉담읍,동화10리,4반,동화리 580 동화마을 휴먼시아 아파트 604동
화성시,봉담읍,동화10리,5반,동화리 580 동화마을 휴먼시아 아파트 605동
화성시,봉담읍,동화10리,6반,동화리 580 동화마을 휴먼시아 아파트 606동
화성시,봉담읍,동화10리,7반,동화리 580 동화마을 휴먼시아 아파트 607동
화성시,봉담읍,동화10리,8반,"동화리 580 동화마을 휴먼시아 아파트 608동,상가동"
화성시,봉담읍,동화11리,1반,동화리 575번지 동화마을 동일하이빌아파트 101동
화성시,봉담읍,동화11리,2반,동화리 575번지 동화마을 동일하이빌아파트 102동
화성시,봉담읍,동화11리,3반,"동화리 575번지 동화마을 동일하이빌아파트 103동,상가동"
화성시,봉담읍,동화11리,4반,동화리 575번지 동화마을 동일하이빌아파트 104동
화성시,봉담읍,동화11리,5반,동화리 575번지 동화마을 동일하이빌아파트 105동
화성시,봉담읍,동화11리,6반,동화리 575번지 동화마을 동일하이빌아파트 106동
화성시,봉담읍,동화11리,7반,동화리 575번지 동화마을 동일하이빌아파트 107동
화성시,봉담읍,동화11리,8반,동화리 575번지 동화마을 동일하이빌아파트 108동
화성시,봉담읍,동화11리,9반,동화리 575번지 동화마을 동일하이빌아파트 109동
화성시,읍면동,통리,반,관 할 구 역
화성시,봉담읍,동화12리,1반,동화리 647 화성 봉담 신동아 파밀리에 101동
화성시,봉담읍,동화12리,2반,동화리 647 화성 봉담 신동아 파밀리에 102동
화성시,봉담읍,동화12리,3반,동화리 647 화성 봉담 신동아 파밀리에 103동
화성시,봉담읍,동화12리,4반,동화리 647 화성 봉담 신동아 파밀리에 104동
화성시,봉담읍,동화12리,5반,동화리 647 화성 봉담 신동아 파밀리에 105동
화성시,봉담읍,동화12리,6반,동화리 647 화성 봉담 신동아 파밀리에 106동
화성시,봉담읍,동화12리,7반,동화리 647 화성 봉담 신동아 파밀리에 107동
화성시,봉담읍,동화12리,8반,동화리 647 화성 봉담 신동아 파밀리에 108동
화성시,봉담읍,동화12리,9반,동화리 647 화성 봉담 신동아 파밀리에 109동
화성시,봉담읍,동화13리,1반,봉담 파라곤 아파트 101동
화성시,봉담읍,동화13리,2반,봉담 파라곤 아파트 102동
화성시,봉담읍,동화13리,3반,봉담 파라곤 아파트 103동
화성시,봉담읍,동화13리,4반,봉담 파라곤 아파트 104동
화성시,봉담읍,동화13리,5반,봉담 파라곤 아파트 105동
화성시,봉담읍,동화13리,6반,봉담 파라곤 아파트 106동
화성시,봉담읍,동화13리,7반,봉담 파라곤 아파트 107동
화성시,봉담읍,동화13리,8반,봉담 파라곤 아파트 108동
화성시,봉담읍,동화14리,1반,봉담자이 라피네 아파트 101동
화성시,봉담읍,동화14리,2반,봉담자이 라피네 아파트 102동
화성시,봉담읍,동화14리,3반,봉담자이 라피네 아파트 103동
화성시,봉담읍,동화14리,4반,봉담자이 라피네 아파트 104동
화성시,봉담읍,동화14리,5반,봉담자이 라피네 아파트 105동
화성시,봉담읍,동화14리,6반,봉담자이 라피네 아파트 106동
화성시,봉담읍,동화14리,7반,봉담자이 라피네 아파트 107동
화성시,봉담읍,동화14리,8반,봉담자이 라피네 아파트 108동
화성시,봉담읍,동화15리,1반,봉담자이라젠느 101동
화성시,봉담읍,동화15리,2반,봉담자이라젠느 102동
화성시,봉담읍,동화15리,3반,봉담자이라젠느 103동
화성시,봉담읍,동화15리,4반,봉담자이라젠느 104동
화성시,봉담읍,동화15리,5반,봉담자이라젠느 105동
화성시,봉담읍,동화15리,6반,봉담자이라젠느 106동
화성시,봉담읍,동화15리,7반,봉담자이라젠느 107동
화성시,봉담읍,와우1리,1반,와우리 100~129-5(와우리 111~113제외)
화성시,봉담읍,와우1리,2반,와우리 130~152-14
화성시,봉담읍,와우1리,3반,와우리 156-15~165-13
화성시,봉담읍,와우1리,4반,"와우리 168(성현빌라), 168-4(동서빌라), 168-5(대광빌라)"
화성시,봉담읍,와우1리,5반,"와우리 172-2(한일빌라), 173-7(성림빌라)"
화성시,봉담읍,와우1리,6반,와우리 176~182
화성시,봉담읍,와우2리,1반,와우리 111~192
화성시,봉담읍,와우2리,2반,와우리 73-1~85
화성시,봉담읍,와우2리,3반,"와우리 100-1(화신빌라), 100-17(엠에스원룸)"
화성시,봉담읍,와우2리,4반,"와우리 85-3(우신그린맨션), 87-1(아트빌), 27-3(거성빌라), 87-15(명성원룸)"
화성시,봉담읍,와우3리,1반,"와우리 26-2~59-5, 211~221-18"
화성시,봉담읍,와우3리,2반,와우리 70-4 시라맨션(1-2동)
화성시,봉담읍,와우3리,3반,와우리 70-4 시라맨션(3-5동)
화성시,봉담읍,와우3리,4반,와우리 10 동보영구임대아파트 101동(1~5층)
화성시,봉담읍,와우3리,5반,와우리 10 동보영구임대아파트 101동(6~10층)
화성시,봉담읍,와우3리,6반,와우리 10 동보영구임대아파트 101동(11~15층)
화성시,읍면동,통리,반,관 할 구 역
화성시,봉담읍,와우4리,1반,"와우리 8-13~42(와우리31-13제외), 63~69-4"
화성시,봉담읍,와우4리,2반,와우리 43~62
화성시,봉담읍,와우4리,3반,와우리 24-1 영풍아파트 1~8층
화성시,봉담읍,와우4리,4반,와우리 24-1 영풍아파트 9~17층
화성시,봉담읍,와우5리,1반,와우리 210-26 수성효성아파트 1~4층
화성시,봉담읍,와우5리,2반,와우리 210-26 수성효성아파트 5~8층
화성시,봉담읍,와우5리,3반,와우리 210-26 수성효성아파트 9~12층
화성시,봉담읍,와우5리,4반,와우리 210-26 수성효성아파트 13~15층
화성시,봉담읍,와우5리,5반,와우리 210-26 수성효성아파트 16~18층
화성시,봉담읍,와우6리,1반,와우리 20 신명아파트 101동(1~4호열)
화성시,봉담읍,와우6리,2반,와우리 20 신명아파트 101동(5~8호열)
화성시,봉담읍,와우6리,3반,와우리 20 신명아파트 102동(1~3호열)
화성시,봉담읍,와우6리,4반,와우리 20 신명아파트 102동(4~7호열)
화성시,봉담읍,와우6리,5반,와우리 20 신명아파트 103동
화성시,봉담읍,와우6리,6반,와우리 20 신명아파트 104동
화성시,봉담읍,와우6리,7반,와우리 20 신명아파트 105동
화성시,봉담읍,와우7리,1반,와우리 237 신일해피트리2차아파트 101동
화성시,봉담읍,와우7리,2반,와우리 237 신일해피트리2차아파트 102동
화성시,봉담읍,와우7리,3반,와우리 237 신일해피트리2차아파트 103동
화성시,봉담읍,와우7리,4반,와우리 237 신일해피트리2차아파트 104동
화성시,봉담읍,와우7리,5반,와우리 237 신일해피트리2차아파트 105동
화성시,봉담읍,와우7리,6반,와우리 237 신일해피트리2차아파트 106동
화성시,봉담읍,와우7리,7반,와우리 237 신일해피트리2차아파트 107동
화성시,봉담읍,와우8리,1반,와우리 238 다온마을쌍용스윗닷홈 아파트 101동
화성시,봉담읍,와우8리,2반,와우리 238 다온마을쌍용스윗닷홈 아파트 102동
화성시,봉담읍,와우8리,3반,와우리 238 다온마을쌍용스윗닷홈 아파트 103동
화성시,봉담읍,와우8리,4반,"와우리 238 다온마을쌍용스윗닷홈 아파트 104동, 상가동"
화성시,봉담읍,와우8리,5반,와우리 238 다온마을쌍용스윗닷홈 아파트 105동
화성시,봉담읍,와우8리,6반,와우리 238 다온마을쌍용스윗닷홈 아파트 106동
화성시,봉담읍,와우8리,7반,와우리 238 다온마을쌍용스윗닷홈 아파트 107동
화성시,봉담읍,와우8리,8반,와우리 238 다온마을쌍용스윗닷홈 아파트 108동
화성시,봉담읍,와우8리,9반,와우리 238 다온마을쌍용스윗닷홈 아파트 109동
화성시,봉담읍,와우8리,10반,와우리 238 다온마을쌍용스윗닷홈 아파트 110동
화성시,봉담읍,와우8리,11반,와우리 238 다온마을쌍용스윗닷홈 아파트 111동
화성시,봉담읍,와우8리,12반,와우리 238 다온마을쌍용스윗닷홈 아파트 112동
화성시,봉담읍,와우8리,13반,와우리 238 다온마을쌍용스윗닷홈 아파트 113동
화성시,봉담읍,와우8리,14반,와우리 238 다온마을쌍용스윗닷홈 아파트 114동
화성시,봉담읍,와우8리,15반,와우리 238 다온마을쌍용스윗닷홈 아파트 115동
화성시,봉담읍,와우8리,16반,와우리 238 다온마을쌍용스윗닷홈 아파트 116동
화성시,봉담읍,와우8리,17반,와우리 238 다온마을쌍용스윗닷홈 아파트 117동
화성시,봉담읍,와우8리,18반,와우리 238 다온마을쌍용스윗닷홈 아파트 118동
화성시,봉담읍,와우8리,19반,와우리 238 다온마을쌍용스윗닷홈 아파트 119동
화성시,읍면동,통리,반,관 할 구 역
화성시,봉담읍,와우9리,1반,와우리 239 봉담임광그대가 아파트 101동
화성시,봉담읍,와우9리,2반,와우리 239 봉담임광그대가 아파트 102동
화성시,봉담읍,와우9리,3반,"와우리 239 봉담임광그대가 아파트 103동, 상가동"
화성시,봉담읍,와우9리,4반,와우리 239 봉담임광그대가 아파트 104동
화성시,봉담읍,와우9리,5반,와우리 239 봉담임광그대가 아파트 105동
화성시,봉담읍,와우9리,6반,와우리 239 봉담임광그대가 아파트 201동
화성시,봉담읍,와우9리,7반,와우리 239 봉담임광그대가 아파트 202동
화성시,봉담읍,와우10리,1반,"와우리 589번지 봉담그대가 아파트 301동, 상가동"
화성시,봉담읍,와우10리,2반,와우리 589번지 봉담그대가 아파트 302동
화성시,봉담읍,와우10리,3반,와우리 589번지 봉담그대가 아파트 303동
화성시,봉담읍,와우10리,4반,와우리 589번지 봉담그대가 아파트 304동
화성시,봉담읍,와우10리,5반,와우리 589번지 봉담그대가 아파트 305동
화성시,봉담읍,와우10리,6반,와우리 589번지 봉담그대가 아파트 306동
화성시,봉담읍,와우10리,7반,와우리 589번지 봉담그대가 아파트 307동
화성시,봉담읍,와우10리,8반,와우리 589번지 봉담그대가 아파트 308동
화성시,봉담읍,와우10리,9반,와우리 589번지 봉담그대가 아파트 309동
화성시,봉담읍,와우10리,10반,와우리 589번지 봉담그대가 아파트 310동
화성시,봉담읍,와우10리,11반,와우리 589번지 봉담그대가 아파트 311동
화성시,봉담읍,와우10리,12반,와우리 589번지 봉담그대가 아파트 312동
화성시,봉담읍,와우10리,13반,와우리 589번지 봉담그대가 아파트 313동
화성시,봉담읍,와우10리,14반,와우리 589번지 봉담그대가 아파트 314동
화성시,봉담읍,와우10리,15반,와우리 589번지 봉담그대가 아파트 315동
화성시,봉담읍,와우10리,16반,와우리 589번지 봉담그대가 아파트 316동
화성시,봉담읍,와우10리,17반,와우리 589번지 봉담그대가 아파트 317동
화성시,봉담읍,와우10리,18반,와우리 589번지 봉담그대가 아파트 318동
화성시,봉담읍,와우10리,19반,와우리 589번지 봉담그대가 아파트 319동
화성시,봉담읍,와우11리,1반,와우리 12 화성봉담아이파크아파트 101동
화성시,봉담읍,와우11리,2반,와우리 12 화성봉담아이파크아파트 102동
화성시,봉담읍,와우11리,3반,와우리 12 화성봉담아이파크아파트 103동
화성시,봉담읍,와우11리,4반,와우리 12 화성봉담아이파크아파트 104동
화성시,봉담읍,와우11리,5반,와우리 12 화성봉담아이파크아파트 105동
화성시,봉담읍,와우11리,6반,와우리 12 화성봉담아이파크아파트 106동
화성시,봉담읍,와우11리,7반,와우리 12 화성봉담아이파크아파트 107동
화성시,봉담읍,와우11리,8반,"와우리 12 화성봉담아이파크아파트 108동, 상가동"
화성시,봉담읍,와우12리,1반,와우리 591 봉담휴먼빌아파트 101동
화성시,봉담읍,와우12리,2반,와우리 591 봉담휴먼빌아파트 102동
화성시,봉담읍,와우12리,3반,와우리 591 봉담휴먼빌아파트 103동
화성시,봉담읍,와우12리,4반,와우리 591 봉담휴먼빌아파트 104동
화성시,봉담읍,와우12리,5반,와우리 591 봉담휴먼빌아파트 105동
화성시,봉담읍,와우12리,6반,와우리 591 봉담휴먼빌아파트 106동
화성시,읍면동,통리,반,관 할 구 역
화성시,봉담읍,와우13리,1반,봉담 센트럴 푸르지오 101동
화성시,봉담읍,와우13리,2반,봉담 센트럴 푸르지오 102동
화성시,봉담읍,와우13리,3반,봉담 센트럴 푸르지오 103동
화성시,봉담읍,와우13리,4반,봉담 센트럴 푸르지오 104동
화성시,봉담읍,와우13리,5반,봉담 센트럴 푸르지오 105동
화성시,봉담읍,와우13리,6반,봉담 센트럴 푸르지오 106동
화성시,봉담읍,와우13리,7반,봉담 센트럴 푸르지오 107동
화성시,봉담읍,와우13리,8반,봉담 센트럴 푸르지오 108동
화성시,봉담읍,와우13리,9반,봉담 센트럴 푸르지오 109동
화성시,봉담읍,와우13리,10반,봉담 센트럴 푸르지오 110동
화성시,봉담읍,와우13리,11반,봉담 센트럴 푸르지오 111동
화성시,봉담읍,와우13리,12반,봉담 센트럴 푸르지오 112동
화성시,봉담읍,와우14리,1반,봉담한신더휴에듀파크 아파트 101동
화성시,봉담읍,와우14리,2반,봉담한신더휴에듀파크 아파트 102동
화성시,봉담읍,와우14리,3반,봉담한신더휴에듀파크 아파트 103동
화성시,봉담읍,와우14리,4반,봉담한신더휴에듀파크 아파트 104동
화성시,봉담읍,와우14리,5반,봉담한신더휴에듀파크 아파트 105동
화성시,봉담읍,와우14리,6반,봉담한신더휴에듀파크 아파트 106동
화성시,봉담읍,와우14리,7반,봉담한신더휴에듀파크 아파트 107동
화성시,봉담읍,와우14리,8반,봉담한신더휴에듀파크 아파트 108동
화성시,봉담읍,와우14리,9반,봉담한신더휴에듀파크 아파트 109동
화성시,봉담읍,와우14리,10반,봉담한신더휴에듀파크 아파트 110동
화성시,봉담읍,와우14리,11반,봉담한신더휴에듀파크 아파트 111동
화성시,봉담읍,수기1리,1반,수기리 5~30
화성시,봉담읍,수기1리,2반,"수기리 31~60(31-2, 31-13~14 제외)"
화성시,봉담읍,수기1리,3반,"수기리 31-2, 31-13~14(푸른들미 아파트)"
화성시,봉담읍,수기2리,1반,수기리 119~141
화성시,봉담읍,수기3리,1반,수기리 1~1-65
화성시,봉담읍,수기3리,2반,수기리 1-66~1-100
화성시,봉담읍,수기3리,3반,수기리 1-100~1-142
화성시,봉담읍,분천1리,1반,분천리 239~273
화성시,봉담읍,분천1리,2반,분천리 278~309
화성시,봉담읍,분천1리,3반,"분천리 50, 95, 96, 107부터 116까지, 118부터 119까지, 138, 138-1, 138-5, 138-9, 139부터 140까지, 141-3, 141-4, 141-6, 141-12, 141-13, 146, 148-10, 148-18, 149부터 160까지 및 169부터 227까지"
화성시,봉담읍,분천2리,1반,"분천리 1부터 49까지, 51부터 94까지 및 97부터 106까지"
화성시,봉담읍,분천2리,2반,"분천리 117, 120부터 137까지, 138-3, 138-6, 141-1, 141-2, 141-10, 141-11, 142부터 145까지, 148-1, 148-5부터 148-7까지, 148-12, 148-14부터 148-17까지 및 161부터 168까지"
화성시,읍면동,통리,반,관 할 구 역
화성시,봉담읍,왕림1리,1반,"왕림리 200~279(266, 263, 258제외)"
화성시,봉담읍,왕림1리,2반,왕림리 206
화성시,봉담읍,왕림1리,3반,왕림리 280~399
화성시,봉담읍,왕림1리,4반,"왕림리 266, 266-2"
화성시,봉담읍,왕림1리,5반,"왕림리 262, 263, 258"
화성시,봉담읍,왕림2리,1반,"왕림리 4-8~90-2, 산41-1~산60-1"
화성시,봉담읍,왕림2리,2반,"왕림리 98(리나빌라), 99-1(선일빌라)"
화성시,봉담읍,왕림2리,3반,왕림리 91-4~179-1
화성시,봉담읍,왕림3리,1반,왕림리 141-1~414-12(왕림아트빌라)
화성시,봉담읍,왕림3리,2반,왕림리 403~407-2(동산빌라)
화성시,봉담읍,왕림3리,3반,"왕림리 255(광성1차), 254-3~254-4(광성2차)"
화성시,봉담읍,왕림3리,4반,"왕림리 240~259, 400~429(255, 254-3, 254-4, 426제외)"
화성시,봉담읍,왕림3리,5반,"왕림리 426(육삼빌라), 418(신승빌라)"
화성시,봉담읍,왕림4리,1반,왕림리 431~497
화성시,봉담읍,왕림4리,2반,"왕림리 463-1(이상로얄맨션), 463-12(삼우맨션)"
화성시,봉담읍,왕림4리,3반,왕림리 500~631
화성시,봉담읍,세곡리,1반,세곡리 6-1~876-4
화성시,봉담읍,세곡리,2반,세곡리 80~187
화성시,봉담읍,세곡리,3반,세곡리 190-1~242
화성시,봉담읍,당하1리,1반,당하리 156~176
화성시,봉담읍,당하1리,2반,당하리 169-1(아세아타운)
화성시,봉담읍,당하1리,3반,당하리 197~247
화성시,봉담읍,당하1리,4반,당하리 249~275-2
화성시,봉담읍,당하1리,5반,당하리 305-10~305-21(신호빌라)
화성시,봉담읍,당하1리,6반,"당하리 305-10~327-1, 산41"
화성시,봉담읍,당하2리,1반,"당하리 2~60, 산4~산23-15"
화성시,봉담읍,당하2리,2반,당하리 62-26~152-3
화성시,봉담읍,당하2리,3반,당하리 97(일주빌라)
화성시,봉담읍,당하2리,4반,당하리 151(청구빌라)
화성시,봉담읍,마하리,1반,"마하리 1~57, 236~259, 288~300, 산1~26, 산 40~46"
화성시,봉담읍,마하리,2반,"마하리 58-1~87-3, 211~235, 260~283, 산27~29-1, 산32~37"
화성시,봉담읍,마하리,3반,"마하리 88~186-2, 191~195, 205~210-3, 산31-3, 산31-4"
화성시,봉담읍,마하리,4반,"마하리 187~190-10, 196~204, 301~367, 산47-1~56"
화성시,봉담읍,유1리,1반,"유리 1~175-3, 산2-6"
화성시,봉담읍,유1리,2반,"유리 176~375, 산35~산55"
화성시,봉담읍,유1리,3반,유리 113-7~113-41(그린빌라)
화성시,읍면동,통리,반,관 할 구 역
화성시,봉담읍,유2리,1반,유리 100-1 봉담기산베스트빌 101동
화성시,봉담읍,유2리,2반,유리 100-1 봉담기산베스트빌 102동
화성시,봉담읍,유2리,3반,유리 100-1 봉담기산베스트빌 103동(1~4호열)
화성시,봉담읍,유2리,4반,유리 100-1 봉담기산베스트빌 103동(5~8호열)
화성시,봉담읍,유2리,5반,유리 100-1 봉담기산베스트빌 104동(1~4호열)
화성시,봉담읍,유2리,6반,유리 100-1 봉담기산베스트빌 104동(5~8호열)
화성시,봉담읍,유2리,7반,유리 100-1 봉담기산베스트빌 105동
화성시,봉담읍,덕1리,1반,덕리 5~169
화성시,봉담읍,덕1리,2반,덕리 211~302
화성시,봉담읍,덕2리,1반,덕리 296~380
화성시,봉담읍,덕2리,2반,덕리 421 해병대사령부아파트 101호~103호
화성시,봉담읍,덕2리,3반,덕리 421 해병대사령부아파트 105호~107호
화성시,봉담읍,덕우리,1반,덕우리 73~94
화성시,봉담읍,덕우리,2반,덕우리 229~232
화성시,봉담읍,하가등리,1반,하가등리 76~195
화성시,봉담읍,하가등리,2반,하가등리 254~376
화성시,봉담읍,상기1리,1반,상기리 12~80
화성시,봉담읍,상기1리,2반,상기리 80~178
화성시,봉담읍,상기1리,3반,상기리 178~232
화성시,봉담읍,상기1리,4반,상기리 262~309
화성시,봉담읍,상기1리,5반,상기리 318~353
화성시,봉담읍,상기2리,1반,상기리 472~486
화성시,봉담읍,상기2리,2반,상기리 481~513
화성시,봉담읍,상기2리,3반,상기리 587~641
화성시,봉담읍,상기2리,4반,상기리 587~765
화성시,읍면동,통리,반,관 할 구 역
화성시,우정읍,원안1리,1반,원안리 491~499
화성시,우정읍,원안1리,2반,원안리 480~490
화성시,우정읍,원안2리,1반,원안리 382~390
화성시,우정읍,원안2리,2반,원안리 358~370
화성시,우정읍,원안3리,1반,원안리 265~270
화성시,우정읍,원안3리,2반,원안리 23~178
화성시,우정읍,호곡1리,1반,호곡리 1~55
화성시,우정읍,호곡1리,2반,호곡리 176~산288
화성시,우정읍,호곡2리,1반,호곡리 134~400
화성시,우정읍,호곡2리,2반,호곡리 401~645
화성시,우정읍,호곡2리,3반,호곡리 646~668
화성시,우정읍,호곡3리,1반,호곡리 1~19
화성시,우정읍,호곡3리,2반,호곡리 20~36
화성시,우정읍,호곡3리,3반,호곡리 37~54
화성시,우정읍,운평1리,1반,운평리 1~27
화성시,우정읍,운평1리,2반,운평리 28~53
화성시,우정읍,운평2리,1반,운평리 269~370
화성시,우정읍,운평2리,2반,운평리 224~268
화성시,우정읍,운평2리,3반,운평리 871~890
화성시,우정읍,운평3리,1반,운평리 269~370
화성시,우정읍,운평3리,2반,운평리 373~529
화성시,우정읍,운평4리,1반,운평리 545~1069
화성시,우정읍,운평4리,2반,운평리 511~545
화성시,우정읍,운평4리,3반,운평리 112~511
화성시,우정읍,한각1리,1반,한각리 331~350
화성시,우정읍,한각1리,2반,한각리 351~561
화성시,우정읍,한각2리,1반,한각리 150~217
화성시,우정읍,멱우1리,1반,멱우리 118부터 324까지
화성시,우정읍,멱우1리,2반,"멱우리 39부터 83까지(61은 제외한다), 689부터 694까지, 758부터 786까지, 산1부터 산24-3까지 및 산111부터 산112까지"
화성시,우정읍,멱우2리,1반,"멱우리 23부터 35까지, 317 및 325부터 540까지"
화성시,우정읍,멱우2리,2반,"멱우리 61, 687부터 805까지(689부터 694까지 및 758부터 786까지 는 제외한다), 산24-5부터 산62까지, 산67 및 산116부터 산123까지"
화성시,우정읍,멱우3리,1반,멱우리 607~651
화성시,우정읍,멱우3리,2반,멱우리 652~664
화성시,우정읍,화수1리,1반,화수리 153~267
화성시,우정읍,화수1리,2반,화수리 153~221
화성시,우정읍,화수1리,3반,화수리 11~221
화성시,우정읍,화수2리,1반,화수리 768~925
화성시,우정읍,화수2리,2반,화수리 산26~823
화성시,읍면동,통리,반,관 할 구 역
화성시,우정읍,화수3리,1반,화수리 456~513
화성시,우정읍,화수3리,2반,화수리 534~645
화성시,우정읍,화수4리,1반,화수리 375~568
화성시,우정읍,주곡1리,1반,주곡리 1~81
화성시,우정읍,주곡1리,2반,주곡리 82~249
화성시,우정읍,주곡1리,3반,주곡리 252~263
화성시,우정읍,주곡2리,1반,주곡리 869~162
화성시,우정읍,주곡2리,2반,주곡리 401~604
화성시,우정읍,주곡2리,3반,주곡리 606~705
화성시,우정읍,주곡3리,1반,주곡리 480~530
화성시,우정읍,주곡3리,2반,주곡리 산208~280
화성시,우정읍,이화1리,1반,이화리 514~526
화성시,우정읍,이화1리,2반,이화리 528~553
화성시,우정읍,이화1리,3반,이화리 554~587
화성시,우정읍,이화2리,1반,이화리 440~731
화성시,우정읍,이화3리,1반,이화리 894~900
화성시,우정읍,이화3리,2반,이화리 901~946
화성시,우정읍,이화3리,3반,"이화리 852, 853, 853-1, 854-59"
화성시,우정읍,이화4리,1반,이화리 산8~산68
화성시,우정읍,이화4리,2반,이화리 261~328
화성시,우정읍,이화4리,3반,이화리 328~340
화성시,우정읍,이화5리,1반,이화리 1111
화성시,우정읍,이화5리,2반,이화리 1111
화성시,우정읍,이화5리,3반,이화리 1111
화성시,우정읍,이화5리,4반,이화리 1111
화성시,우정읍,이화5리,5반,이화리 1111
화성시,우정읍,석천1리,1반,석천리 60~107
화성시,우정읍,석천1리,2반,석천리 290~318
화성시,우정읍,석천2리,1반,석천리 400~505
화성시,우정읍,석천2리,2반,석천리 413~436
화성시,우정읍,석천3리,1반,"석천리 724~735, 산100~산150"
화성시,우정읍,석천3리,2반,석천리 737~827
화성시,우정읍,석천3리,3반,석천리 838~955
화성시,우정읍,석천4리,1반,석천리 937~979
화성시,우정읍,석천4리,2반,매향리 905-1~905-15
화성시,우정읍,매향1리,1반,"매향리 905-20~905-30, 산119-2, 산120-1, 신121-1, 산124-1, 산 125-1, 산125-2, 산125-5~산129-3, 산129-5, 산130-2, 산132-1, 산132-1, 산134-1, 산134-3~산134-5, 산135-1, 산135-1, 산135-2"
화성시,읍면동,통리,반,관 할 구 역
화성시,우정읍,매향1리,2반,"매향리 907, 907-1, 908, 908-1~908-6, 947-1~947-10"
화성시,우정읍,매향1리,3반,"매향리 905-17~905-19, 906-1~906-9, 947-61~947-76, 948, 949-1~949-5"
화성시,우정읍,매향1리,4반,매향리 947-11~947-60
화성시,우정읍,매향1리,5반,"매향리 943, 944-1, 944-2, 945, 945-1~945-10, 946-1~946-4, 950, 950-1~950-19, 951, 952-3, 953, 963, 963-2, 965, 966, 966- 1~966-10, 967, 967-1~967-3, 968~970"
화성시,우정읍,매향2리,1반,매향리 649~638
화성시,우정읍,매향2리,2반,매향리 649~638
화성시,우정읍,매향2리,3반,매향리 109~638
화성시,우정읍,매향3리,1반,매향리 12~22
화성시,우정읍,매향3리,2반,매향리 109~638
화성시,우정읍,매향3리,3반,매향리 23~108
화성시,우정읍,매향4리,1반,매향리 600~722
화성시,우정읍,매향4리,2반,매향리 723~835
화성시,우정읍,매향5리,1반,"매향리 140, 143-1, 170, 172-1, 172-2, 173-1, 179, 184, 184-1, 187, 209, 314, 711, 713, 716, 842~844, 846, 853, 853-2~853-5, 858-2, 860, 861, 863, 865-1, 865-2, 866, 866-1, 866-2, 867, 867-1, 868, 868-1, 869-1, 869-2, 870-1, 870-3, 870-4, 871- 2~871-6, 873-2, 875, 879, 880, 881-2, 882, 882-2, 883, 883-1, 884~886, 886-1, 886-2, 887-1, 887-2, 890~892, 892-1, 892-2, 893, 893-1, 893-2, 894, 895-1~895-6, 896-1~896-5, 897-1~897-6, 898, 898-1, 898-2, 899, 899-1, 899-2, 900, 900-1~900-4, 901~903"
화성시,우정읍,매향5리,2반,"매향리 904-1~904-13, 909, 911, 912-1, 912-2, 913-2, 914, 915, 915-1, 916-1 916-2, 916-3~916-11, 917~920, 920-1, 921, 922, 922-1~922-7, 923~927, 927-1, 928~930, 901-1, 931-1~931-3, 932, 933-1, 933-2, 934, 935-1, 935-2, 936, 937-1~937-4"
화성시,우정읍,매향5리,3반,"매향리 산141, 산141-1, 산142, 산142-1, 산142-2, 산144-1, 산144-3, 산145-2, 산146, 산147-2, 산148-2, 산149-2, 산149-6, 산 149-8, 산150, 산150-1, 산150-2, 산151, 산151-1, 산151-2, 산152-1, 산153-2, 산157-2, 산158-1, 산160-2, 산160-4, 산161, 산164-3, 산165, 산166-1, 산167, 산168"
화성시,우정읍,화산1리,1반,화산리 112~1019
화성시,우정읍,화산1리,2반,화산리 1105~1083
화성시,우정읍,화산1리,3반,화산리 1084~1086
화성시,우정읍,화산2리,1반,화산리 240~300
화성시,우정읍,화산2리,2반,화산리 301~400
화성시,읍면동,통리,반,관 할 구 역
화성시,우정읍,화산3리,1반,"화산리 407~409, 410-1~410-3, 466-1~520-7, 639~694-6, 695-1~701-3, 1056-4, 1056-6~1056-43, 1202, 1202-2, 1203, 1203-1~1203-8, 1204-1~1204-9, 산36-1~산36-3, 산72-1, 산 72-3, 산72-4, 산77-6~산77-8, 산77-10, 산77-12, 산77-14, 산 78-1, 산79-4, 산79-5, 산79-7~산79-12, 산80-1~산80-3, 산89-3, 산89-4, 산90-1, 산90-3~산90-8, 산91-1, 산91-3~산91-7"
화성시,우정읍,화산3리,2반,화산리 695-7 기아사원2차아파트 201동
화성시,우정읍,화산3리,3반,화산리 695-7 기아사원2차아파트 202동
화성시,우정읍,화산3리,4반,화산리 695-7 기아사원2차아파트 203동
화성시,우정읍,화산4리,1반,"화산리 531~565, 612, 620~650"
화성시,우정읍,화산4리,2반,"화산리 602~606, 609-1"
화성시,우정읍,화산4리,3반,화산리 575~576-14
화성시,우정읍,화산5리,1반,"화산리 74~79, 83~96"
화성시,우정읍,화산5리,2반,"화산리 10~72, 129~130"
화성시,우정읍,화산5리,3반,화산리 3(희망빌리지)
화성시,우정읍,화산6리,1반,화산리 산69-1(기아생활관)
화성시,우정읍,화산6리,2반,화산리 산69-1(신용동)
화성시,우정읍,화산6리,3반,화산리 산69-11(101동)
화성시,우정읍,화산6리,4반,화산리 산69-11(102동)
화성시,우정읍,화산6리,5반,화산리 산69-11(103동)
화성시,우정읍,화산6리,6반,화산리 산69-11(104동)
화성시,우정읍,화산7리,1반,"화산리 692-11~692-15, 701-5, 701-6, 701-11~701-25, 701-27~701-30, 1201, 1201-1~1201-8, 산81-1, 산81-2, 산82-4, 산82-5, 산83-2, 산83-3, 산83-5, 산83-6, 산83-8, 산83-9, 산83-1 1~산83-14, 산84-5, 산84-20, 산85-1~산85-3, 산85-5"
화성시,우정읍,조암1리,1반,"조암리 4~147, 787~787-3, 788~788-16, 789~789-42,792"
화성시,우정읍,조암1리,2반,조암리 65~185
화성시,우정읍,조암1리,3반,"조암리 96~97, 170, 171, 789-17~19, 789-26"
화성시,우정읍,조암2리,1반,조암리 246~249
화성시,우정읍,조암2리,2반,조암리 260
화성시,우정읍,조암2리,3반,"조암리 270, 270-20~270-4"
화성시,우정읍,조암2리,4반,"조암리 270-41~270-49, 350"
화성시,우정읍,조암2리,5반,조암리 290
화성시,우정읍,조암3리,1반,조암리 산42-1~42-10
화성시,우정읍,조암3리,2반,조암리 340~341
화성시,우정읍,조암3리,3반,조암리 349-3~349-5
화성시,우정읍,조암3리,4반,조암리 327~333
화성시,읍면동,통리,반,관 할 구 역
화성시,우정읍,조암3리,5반,조암리 333~340
화성시,우정읍,조암3리,6반,조암리 471~473
화성시,우정읍,조암3리,7반,조암리 363(기산아파트)
화성시,우정읍,조암4리,1반,"조암리 504~550, 552~609"
화성시,우정읍,조암4리,2반,조암리 510~641
화성시,우정읍,조암4리,3반,조암리 642~672
화성시,우정읍,조암4리,4반,"조암리 551~551-16, 567-1~567-3, 산90-4~산90-6"
화성시,우정읍,조암5리,1반,"조암리 189-4, 189-7부터 189-10까지, 189-13부터 189-15까지,"
화성시,우정읍,조암5리,1반,"189-19부터 189-22까지, 189-24, 190부터 191까지, 192-3, 192-6, 192-7,"
화성시,우정읍,조암5리,1반,"192-9, 192-13, 223-2, 226-1, 226-6, 226-8부터 226-10까지, 226-14,"
화성시,우정읍,조암5리,1반,"226-16, 226-17, 227-1부터 227-5까지, 228부터 228-2까지, 229-9부터"
화성시,우정읍,조암5리,1반,"229-11까지, 230-4, 230-9, 230-18, 230-19, 230-24 및 230-28"
화성시,우정읍,조암5리,2반,"조암리 148-2, 148-4, 148-13, 149-3, 149-5, 149-7, 150-7, 150-8, 188-3,"
화성시,우정읍,조암5리,2반,"188-4, 189-2, 189-3, 189-11, 189-18, 192, 192-1, 192-10, 193, 194-1부터"
화성시,우정읍,조암5리,2반,"194-5까지, 194-7부터 194-14까지, 194-16, 194-18부터 194-23까지,"
화성시,우정읍,조암5리,2반,"194-25, 195-1, 195-4, 195-5, 195-8, 196부터 196-2까지, 197-1,"
화성시,우정읍,조암5리,2반,"197-5부터 197-8까지, 198-6, 198-10, 200-1, 203-6 및 203-13"
화성시,우정읍,조암5리,3반,"조암리 198-3, 198-27, 198-28, 199-1, 199-2, 199-4, 199-5, 199-10,"
화성시,우정읍,조암5리,3반,"199-12, 199-15, 199-16, 199-18, 200-4, 200-6, 200-7, 200-12부터"
화성시,우정읍,조암5리,3반,"200-19까지, 200-21, 201-1, 201-4, 202-1부터 202-7까지, 203-2, 203-36,"
화성시,우정읍,조암5리,3반,"204, 204-1, 204-5, 204-7부터 204-11까지, 205부터 205-3까지, 205-5,"
화성시,우정읍,조암5리,3반,"205-7부터 205-11까지, 206, 207, 207-2부터 207-5까지, 207-7, 373-6,"
화성시,우정읍,조암5리,3반,"373-19, 373-20, 373-22부터 373-24까지, 383-14, 산32-1, 산32-4부터"
화성시,우정읍,조암5리,3반,"산32-13까지, 산33-6, 산33-8, 산33-12 및 산33-14부터 산33-17까지"
화성시,우정읍,조암5리,4반,"조암리 203-8, 203-30, 204-3, 207-1, 207-6, 207-8부터 207-12까지,"
화성시,우정읍,조암5리,4반,"208부터 209까지, 210-2, 210-6, 210-13, 210-16, 210-18부터 210-20까지,"
화성시,우정읍,조암5리,4반,"210-26부터 210-28까지, 211-1, 211-10, 212-1, 212-2, 212-6, 212-12,"
화성시,우정읍,조암5리,4반,"212-16, 213, 213-2부터 213-4까지, 214, 214-1, 214-6, 214-10, 214-14,"
화성시,우정읍,조암5리,4반,"214-15, 360-62, 360-64, 360-73, 360-82, 360-115, 360-121, 360-122,"
화성시,우정읍,조암5리,4반,"360-126, 372-36 및 373-20"
화성시,우정읍,조암5리,5반,"조암리 203-4부터 203-6까지, 203-9, 203-11, 203-12, 203-16, 203-17,"
화성시,우정읍,조암5리,5반,"203-21, 203-22, 203-28, 203-29, 203-31, 203-32, 203-39, 210-1, 210-4,"
화성시,우정읍,조암5리,5반,"210-7부터 210-10까지, 210-15, 210-17, 210-22, 210-25, 211-7, 211-11,"
화성시,우정읍,조암5리,5반,"223, 223-4, 223-7, 224-1, 224-13, 226-1부터 226-5까지, 226-7 및 226-17"
화성시,우정읍,조암6리,1반,조암리 243~245
화성시,우정읍,조암6리,2반,조암리 212~215
화성시,우정읍,조암6리,3반,"조암리 265-5~266-9(삼우빌라 4, 6차)"
화성시,우정읍,조암6리,4반,조암리 265~266
화성시,우정읍,조암6리,5반,조암리 267
화성시,우정읍,조암6리,6반,조암리 351~359
화성시,우정읍,조암6리,7반,조암리 357-3(신도주택)
화성시,우정읍,조암6리,8반,조암리 357-1(조암연립)
화성시,읍면동,통리,반,관할구역
화성시,우정읍,조암7리,1반,조암리373~375
화성시,우정읍,조암7리,2반,조암리365-1~265-2
화성시,우정읍,조암7리,3반,조암리산43
화성시,우정읍,조암7리,4반,조암리400~435
화성시,우정읍,조암7리,5반,조암리365-16~366
화성시,우정읍,조암8리,1반,조암리484-1 금광임대아파트 101동
화성시,우정읍,조암8리,2반,조암리484-1 금광임대아파트 102동
화성시,우정읍,조암8리,3반,조암리484-1 금광임대아파트 103동
화성시,우정읍,조암8리,4반,"조암리476-2, 8(소망빌라)"
화성시,우정읍,조암8리,5반,"조암리476-3, 5(예랑파크타운)"
화성시,우정읍,조암9리,1반,조암리791 한라비발디아파트 101동
화성시,우정읍,조암9리,2반,조암리791 한라비발디아파트 102동
화성시,우정읍,조암9리,3반,조암리791 한라비발디아파트 103동
화성시,우정읍,조암9리,4반,조암리791 한라비발디아파트 104동
화성시,우정읍,조암9리,5반,조암리791 한라비발디아파트 105동
화성시,우정읍,조암9리,6반,조암리791 한라비발디아파트 106동
화성시,우정읍,조암9리,7반,조암리791 한라비발디아파트 107동
화성시,우정읍,조암9리,8반,조암리791 한라비발디아파트 108동
화성시,우정읍,조암9리,9반,조암리791 한라비발디아파트 109동
화성시,우정읍,조암9리,10반,조암리791 한라비발디아파트 110동
화성시,우정읍,조암9리,11반,조암리791 한라비발디아파트 111동
화성시,우정읍,조암10리,1반,"조암리 772-1, 772-38, 772-39, 772-102, 772-104, 772-110 및 802부터 810-4까지"
화성시,우정읍,조암10리,2반,"조암리 150-5, 150-6, 150-12부터 150-14까지, 155-1, 156-1, 167-3,"
화성시,우정읍,조암10리,2반,"185-1, 185-5, 185-6, 185-9, 185-11, 185-14, 185-16부터 185-18까지,"
화성시,우정읍,조암10리,2반,"185-20, 185-34, 185-35, 185-38, 185-46, 186-1, 186-2, 186-11부터"
화성시,우정읍,조암10리,2반,"186-19까지, 186-22부터 186-24까지, 186-27부터 186-32까지, 187부"
화성시,우정읍,조암10리,2반,"터 187-2까지, 188-1 및 188-3부터 188-7까지"
화성시,우정읍,조암10리,3반,"조암리 189-1, 189-4, 189-5, 189-12, 189-16, 189-17, 189-22, 189-23, 189-25부터 189-27까지, 229-2부터 229-7까지, 230-1, 230-2, 230-5,"
화성시,우정읍,조암10리,3반,"230-6, 230-10부터 230-13까지, 230-21, 231-1부터 231-4까지, 231-6,"
화성시,우정읍,조암10리,3반,"232-1부터 232-4까지, 232-9, 232-10, 232-18, 232-20, 239-7, 241-1,"
화성시,우정읍,조암10리,3반,"243-1, 243-3, 243-4, 243-8, 244-6부터 244-8까지, 245-4부터 245-6"
화성시,우정읍,조암10리,3반,"까지, 245-9, 245-10, 246-1, 246-2 및 247-2"
화성시,우정읍,조암11리,1반,조암리 793~796-6
화성시,우정읍,조암11리,2반,조암리 797~798-12
화성시,우정읍,조암11리,3반,"조암리 90-6, 90-7, 90-11, 90-12, 90-14부터 90-19까지, 90-24, 799부터 801-9까지 및 816부터 825까지"
화성시,우정읍,국화리,1반,국화리 15~84
화성시,읍면동,통리,반,관할구역
화성시,향남읍,평1리,1반,평리 121~135-2
화성시,향남읍,평1리,2반,평리 136-1~150
화성시,향남읍,평1리,3반,평리 146-4~147-5
화성시,향남읍,평2리,1반,평리 854~110-9
화성시,향남읍,평2리,2반,평리 65~85-3
화성시,향남읍,평2리,3반,평리 80-3~80-15
화성시,향남읍,평2리,4반,평리 81~91-43
화성시,향남읍,평3리,1반,평리 106-6~118-23
화성시,향남읍,평3리,2반,평리 78-1~81-69
화성시,향남읍,평3리,3반,"평리 76-8~76-28, 256~258"
화성시,향남읍,평4리,1반,평리 88-7~91
화성시,향남읍,평4리,2반,평리 98-1~109-11
화성시,향남읍,평4리,3반,평리 95-1~97-2
화성시,향남읍,발안1리,1반,발안리102~130
화성시,향남읍,발안1리,2반,발안리98~138
화성시,향남읍,발안1리,3반,발안리114~130
화성시,향남읍,발안1리,4반,발안리133
화성시,향남읍,발안1리,5반,발안리109~113
화성시,향남읍,발안1리,6반,발안리131~132
화성시,향남읍,발안2리,1반,발안리산1~3
화성시,향남읍,발안2리,2반,발안리52~73
화성시,향남읍,발안2리,3반,발안리74~107
화성시,향남읍,발안2리,4반,발안리산4~51
화성시,향남읍,발안2리,5반,발안리253~289
화성시,향남읍,발안3리,1반,발안리295 화성발안마을주공아파트 101동
화성시,향남읍,발안3리,2반,발안리295 화성발안마을주공아파트 102동
화성시,향남읍,발안3리,3반,발안리295 화성발안마을주공아파트 103동
화성시,향남읍,발안3리,4반,발안리295 화성발안마을주공아파트 104동
화성시,향남읍,발안3리,5반,발안리295 화성발안마을주공아파트 105동
화성시,향남읍,발안3리,6반,발안리295 화성발안마을주공아파트 106동
화성시,향남읍,발안3리,7반,발안리295 화성발안마을주공아파트 107동
화성시,향남읍,발안3리,8반,발안리295 화성발안마을주공아파트 108동
화성시,향남읍,발안3리,9반,발안리295 화성발안마을주공아파트 109동
화성시,향남읍,발안3리,10반,발안리295 화성발안마을주공아파트 110동
화성시,향남읍,발안3리,11반,발안리295 화성발안마을주공아파트 111동
화성시,향남읍,발안3리,12반,발안리295 화성발안마을주공아파트 112동
화성시,향남읍,발안3리,13반,발안리295 화성발안마을주공아파트 113동
화성시,향남읍,발안3리,14반,"발안리 295 화성발안마을주공아파트 114동, 발안리 294, 296, 297, 298, 299"
화성시,읍면동,통리,반,관 할 구 역
화성시,향남읍,발안4리,1반,발안리 305 화성발안우림필유 101동
화성시,향남읍,발안4리,2반,발안리 305 화성발안우림필유 102동
화성시,향남읍,발안4리,3반,발안리 305 화성발안우림필유 103동
화성시,향남읍,발안4리,4반,발안리 305 화성발안우림필유 104동
화성시,향남읍,발안4리,5반,발안리 305 화성발안우림필유 105동
화성시,향남읍,발안4리,6반,발안리 305 화성발안우림필유 106동
화성시,향남읍,발안4리,7반,발안리 305 화성발안우림필유 107동
화성시,향남읍,발안4리,8반,발안리 305 화성발안우림필유 108동
화성시,향남읍,발안4리,9반,발안리 305 화성발안우림필유 109동
화성시,향남읍,발안4리,10반,발안리 305 화성발안우림필유 110동
화성시,향남읍,발안4리,11반,발안리 305 화성발안우림필유 111동
화성시,향남읍,제암리,1반,제암리 21~398
화성시,향남읍,제암리,2반,제암리 403~452
화성시,향남읍,제암리,3반,제암리 399~402
화성시,향남읍,상신1리,1반,"상신리 327-251~341, 610-4, 610-62~610-97, 산87-6, 산87-8, 산90-1~산102 향남2택지개발지구 RA5~RA7 블록 단독주택단지"
화성시,향남읍,상신1리,2반,"상신리 293-5~293-7, 342~404, 산103~산105"
화성시,향남읍,상신1리,3반,"상신리 산105, 산121, 405~430-14, 430-18~437"
화성시,향남읍,상신2리,1반,"상신리 486~493, 567~858, 864~881, 940~948, 1150, 1151, 산43-2~산46"
화성시,향남읍,상신2리,2반,"상신리 산121-10~산130, 452~454. 456~470, 532-1, 535-41"
화성시,향남읍,상신2리,3반,"상신리 산139~산141, 446, 448, 455, 693"
화성시,향남읍,상신3리,1반,"상신리 613-1~613-13, 621~655, 700~712, 722~789, 805~813, 산13-13"
화성시,향남읍,상신3리,2반,"상신리 795-798, 800~802, 산2-1, 산9, 산13-19"
화성시,향남읍,상신4리,1반,"상신리 46-3~87-13, 610-7, 610-107"
화성시,향남읍,상신4리,2반,"상신리 224, 327-1~327-249, 산87-3~산87-5, 산87-7,"
화성시,향남읍,상신4리,2반,산87-9~산87-16
화성시,향남읍,상신5리,1반,"상신리 440, 430-15~430-17, 444-7, 444-134, 444-135, 1226-1~1236"
화성시,향남읍,상신5리,2반,"상신리 444-73~445-5, 1229-1~1230-8"
화성시,향남읍,상신5리,3반,상신리 1231-1~1233-7
화성시,향남읍,상신6리,1반,상신리 598-3~598-37
화성시,향남읍,상신6리,2반,상신리 598-43~598-47
화성시,향남읍,상신6리,3반,"상신리 591-1~597-9, 598-113~598-118"
화성시,향남읍,상신6리,4반,상신리 611-1~614-5
화성시,향남읍,상신6리,5반,"상신리 615~616-3, 617~620"
화성시,향남읍,상신7리,1반,상신리 1260~1269
화성시,향남읍,상신7리,2반,상신리 1270~1280
화성시,향남읍,상신8리,1반,상신리 1282~1292
화성시,향남읍,상신8리,2반,상신리 1293~1301
화성시,읍면동,통리,반,관 할 구 역
화성시,향남읍,상신9리,1반,상신리 1302~1314
화성시,향남읍,상신9리,2반,상산리 1315~1324
화성시,향남읍,상신10리,1반,상신리 1330언덕마을 사랑으로부영 17단지 아파트 1701동
화성시,향남읍,상신10리,2반,상신리 1330언덕마을 사랑으로부영 17단지 아파트 1702동
화성시,향남읍,상신10리,3반,상신리 1330언덕마을 사랑으로부영 17단지 아파트 1703동
화성시,향남읍,상신10리,4반,상신리 1330언덕마을 사랑으로부영 17단지 아파트 1704동
화성시,향남읍,상신10리,5반,상신리 1330언덕마을 사랑으로부영 17단지 아파트 1705동
화성시,향남읍,상신10리,6반,상신리 1330언덕마을 사랑으로부영 17단지 아파트 1706동
화성시,향남읍,상신10리,7반,상신리 1330언덕마을 사랑으로부영 17단지 아파트 1707동
화성시,향남읍,상신10리,8반,상신리 1330언덕마을 사랑으로부영 17단지 아파트 1708동
화성시,향남읍,상신10리,9반,상신리 1330언덕마을 사랑으로부영 17단지 아파트 1709동
화성시,향남읍,상신10리,10반,상신리 1330언덕마을 사랑으로부영 17단지 아파트 1710동
화성시,향남읍,상신10리,11반,상신리 1330언덕마을 사랑으로부영 17단지 아파트 1711동
화성시,향남읍,상신11리,1반,상신리 1331 LH언덕마을 18단지 아파트 1801동
화성시,향남읍,상신11리,2반,상신리 1331 LH언덕마을 18단지 아파트 1802동
화성시,향남읍,상신11리,3반,상신리 1331 LH언덕마을 18단지 아파트 1803동
화성시,향남읍,상신11리,4반,상신리 1331 LH언덕마을 18단지 아파트 1804동
화성시,향남읍,상신11리,5반,상신리 1331 LH언덕마을 18단지 아파트 1805동
화성시,향남읍,상신11리,6반,상신리 1331 LH언덕마을 18단지 아파트 1806동
화성시,향남읍,상신11리,7반,상신리 1331 LH언덕마을 18단지 아파트 1807동
화성시,향남읍,상신11리,8반,상신리 1331 LH언덕마을 18단지 아파트 1808동
화성시,향남읍,상신11리,9반,상신리 1331 LH언덕마을 18단지 아파트 1809동
화성시,향남읍,상신11리,10반,상신리 1331 LH언덕마을 18단지 아파트 1810동
화성시,향남읍,상신12리,1반,상신리 1258 화성향남 언덕마을LH15단지 1501동
화성시,향남읍,상신12리,2반,상신리 1258 화성향남 언덕마을LH15단지 1502동
화성시,향남읍,상신12리,3반,상신리 1258 화성향남 언덕마을LH15단지 1503동
화성시,향남읍,상신12리,4반,상신리 1258 화성향남 언덕마을LH15단지 1504동
화성시,향남읍,상신12리,5반,상신리 1258 화성향남 언덕마을LH15단지 1505동
화성시,향남읍,상신12리,6반,상신리 1258 화성향남 언덕마을LH15단지 1506동
화성시,향남읍,상신12리,7반,상신리 1258 화성향남 언덕마을LH15단지 1507동
화성시,향남읍,상신12리,8반,상신리 1258 화성향남 언덕마을LH15단지 1508동
화성시,향남읍,상신13리,1반,상신리 619-57 한양수자인디에스티지 101동
화성시,향남읍,상신13리,2반,상신리 619-57 한양수자인디에스티지 102동
화성시,향남읍,상신13리,3반,상신리 619-57 한양수자인디에스티지 103동
화성시,향남읍,상신13리,4반,상신리 619-57 한양수자인디에스티지 104동
화성시,향남읍,상신13리,5반,상신리 619-57 한양수자인디에스티지 105동
화성시,향남읍,상신13리,6반,상신리 619-57 한양수자인디에스티지 106동
화성시,향남읍,상신13리,7반,상신리 619-57 한양수자인디에스티지 107동
화성시,향남읍,상신13리,8반,상신리 619-57 한양수자인디에스티지 108동
화성시,향남읍,상신13리,9반,상신리 619-57 한양수자인디에스티지 109동
화성시,향남읍,상신13리,10반,상신리 619-57 한양수자인디에스티지 110동
화성시,향남읍,상신13리,11반,상신리 619-57 한양수자인디에스티지 111동
화성시,읍면동,통리,반,관 할 구 역
화성시,향남읍,구문천1리,1반,"구문천리 195~234, 248-11, 248-36 ~ 248-37, 248-42, 248-76, 248-139, 248-140, 898~899"
화성시,향남읍,구문천1리,2반,"구문천리 397~411, 414~415, 418~442, 896, 산85-2, 산88-3"
화성시,향남읍,구문천1리,3반,"구문천리 416~417, 443~483, 503~551, 866~867, 산96~106, 산109-4, 산109-18"
화성시,향남읍,구문천2리,1반,"구문천리 79, 161-2, 161-6, 162, 164, 165-2, 165-5, 166, 167~194"
화성시,향남읍,구문천2리,2반,"구문천리 80~103, 157, 887-6, 887-7, 913~916, 산20~산21, 산157"
화성시,향남읍,구문천2리,3반,"구문천리 14~78, 104~126, 556~563"
화성시,향남읍,구문천3리,1반,구문천리 593~594
화성시,향남읍,구문천3리,2반,구문천리 595~606
화성시,향남읍,구문천4리,1반,구문천리 300~320
화성시,향남읍,구문천4리,2반,구문천리 321~366
화성시,향남읍,구문천5리,1반,구문천리 산111
화성시,향남읍,구문천6리,1반,"구문천리 151~155, 159, 165, 165-3, 165-4, 923~928, 935~936, 943~948, 951~957"
화성시,향남읍,구문천6리,2반,"구문천리 248-3~248-7, 248-12~248-14, 248-16~248-35, 248-38~248-40, 248-43~248-72, 248-77~248-138, 248-141, 921~922, 929~934, 937~939, 941~942, 958~964"
화성시,향남읍,하길1리,1반,"하길리 산109~산111, 452~529, 633~665, 1252~1263, 1265~1273, 1300~1309, 1312~1314"
화성시,향남읍,하길1리,2반,"하길리 564~626, 694-4~694-6, 688-5, 709-21~709-27, 780-4~780-9, 788-1~788-2, 788-7, 1350~1373, 산124~산136-5, 산163-1"
화성시,향남읍,하길1리,3반,"하길리 666~709-20, 709-28~780-3, 781~787, 788- 3~788-6, 789~817, 818-1~819, 800-1~803, 831-1, 831-5, 1149~1154"
화성시,향남읍,하길2리,1반,"하길리 20~113, 211-1~211-210"
화성시,향남읍,하길2리,2반,하길리 1439~1443
화성시,향남읍,하길3리,1반,"하길리 산69-1, 산70, 253~349 향남2택지개발지구 AR블록 단독주택단지, 1529~1549-6"
화성시,향남읍,하길3리,2반,"하길리 산90, 350~451, 산89-4~산97, 1241~1250, 1264, 1274~1297, 1310~1311, 1315~1317, 1323~1326"
화성시,향남읍,하길4리,1반,"하길리 804~807, 810~818, 820~827, 829~830, 832~900, 1126~1130, 1403~1412"
화성시,향남읍,하길4리,2반,"하길리 901~1171, 산212-1~ 산229-1"
화성시,향남읍,하길5리,1반,하길리 1444 서봉마을1단지아파트 101동
화성시,향남읍,하길5리,2반,하길리 1444 서봉마을1단지아파트 102동
화성시,향남읍,하길5리,3반,하길리 1444 서봉마을1단지아파트 103동
화성시,향남읍,하길5리,4반,"하길리 1444 서봉마을1단지아파트 104동, 상가동"
화성시,읍면동,통리,반,관 할 구 역
화성시,향남읍,하길6리,1반,하길리 1447 서봉마을2단지아파트 201동
화성시,향남읍,하길6리,2반,하길리 1447 서봉마을2단지아파트 202동
화성시,향남읍,하길6리,3반,하길리 1447 서봉마을2단지아파트 203동
화성시,향남읍,하길6리,4반,하길리 1447 서봉마을2단지아파트 204동
화성시,향남읍,하길6리,5반,"하길리 1447 서봉마을2단지아파트 205동, 상가동"
화성시,향남읍,하길7리,1반,향남2택지개발지구 B9블록 화성향남오색마을사랑으로부영9단지아파트 901동
화성시,향남읍,하길7리,2반,향남2택지개발지구 B9블록 화성향남오색마을사랑으로부영9단지아파트 902동
화성시,향남읍,하길7리,3반,향남2택지개발지구 B9블록 화성향남오색마을사랑으로부영9단지아파트 903동
화성시,향남읍,하길7리,4반,향남2택지개발지구 B9블록 화성향남오색마을사랑으로부영9단지아파트 904동
화성시,향남읍,하길7리,5반,향남2택지개발지구 B9블록 화성향남오색마을사랑으로부영9단지아파트 905동
화성시,향남읍,하길7리,6반,향남2택지개발지구 B9블록 화성향남오색마을사랑으로부영9단지아파트 906동
화성시,향남읍,하길7리,7반,"향남2택지개발지구 B9블록 화성향남오색마을사랑으로부영9단지아파트 907동, 상가동"
화성시,향남읍,하길8리,1반,향남2택지개발지구 B10블록 화성향남오색마을사랑으로부영10단지아파트 1001동
화성시,향남읍,하길8리,2반,향남2택지개발지구 B10블록 화성향남오색마을사랑으로부영10단지아파트 1002동
화성시,향남읍,하길8리,3반,향남2택지개발지구 B10블록 화성향남오색마을사랑으로부영10단지아파트 1003동
화성시,향남읍,하길8리,4반,향남2택지개발지구 B10블록 화성향남오색마을사랑으로부영10단지아파트 1004동
화성시,향남읍,하길8리,5반,향남2택지개발지구 B10블록 화성향남오색마을사랑으로부영10단지아파트 1005동
화성시,향남읍,하길8리,6반,향남2택지개발지구 B10블록 화성향남오색마을사랑으로부영10단지아파트 1006동
화성시,향남읍,하길8리,7반,향남2택지개발지구 B10블록 화성향남오색마을사랑으로부영10단지아파트 1007동
화성시,향남읍,하길8리,8반,향남2택지개발지구 B10블록 화성향남오색마을사랑으로부영10단지아파트 1008동
화성시,향남읍,하길8리,9반,향남2택지개발지구 B10블록 화성향남오색마을사랑으로부영10단지아파트 1009동
화성시,향남읍,하길8리,10반,향남2택지개발지구 B10블록 화성향남오색마을사랑으로부영10단지아파트 1010동
화성시,향남읍,하길8리,11반,"향남2택지개발지구 B10블록 화성향남오색마을사랑으로부영10단지아파트 1011동, 상가동"
화성시,읍면동,통리,반,관 할 구 역
화성시,향남읍,하길9리,1반,향남2택지개발지구 B11블록 화성향남오색마을사랑으로부영11단지아파트 1101동
화성시,향남읍,하길9리,2반,향남2택지개발지구 B11블록 화성향남오색마을사랑으로부영11단지아파트 1102동
화성시,향남읍,하길9리,3반,향남2택지개발지구 B11블록 화성향남오색마을사랑으로부영11단지아파트 1103동
화성시,향남읍,하길9리,4반,향남2택지개발지구 B11블록 화성향남오색마을사랑으로부영11단지아파트 1104동
화성시,향남읍,하길9리,5반,향남2택지개발지구 B11블록 화성향남오색마을사랑으로부영11단지아파트 1105동
화성시,향남읍,하길9리,6반,향남2택지개발지구 B11블록 화성향남오색마을사랑으로부영11단지아파트 1106동
화성시,향남읍,하길9리,7반,향남2택지개발지구 B11블록 화성향남오색마을사랑으로부영11단지아파트 1107동
화성시,향남읍,하길9리,8반,향남2택지개발지구 B11블록 화성향남오색마을사랑으로부영11단지아파트 1108동
화성시,향남읍,하길9리,9반,향남2택지개발지구 B11블록 화성향남오색마을사랑으로부영11단지아파트 1109동
화성시,향남읍,하길9리,10반,향남2택지개발지구 B11블록 화성향남오색마을사랑으로부영11단지아파트 1110동
화성시,향남읍,하길9리,11반,향남2택지개발지구 B11블록 화성향남오색마을사랑으로부영11단지아파트 1111동
화성시,향남읍,하길9리,12반,향남2택지개발지구 B11블록 화성향남오색마을사랑으로부영11단지아파트 1112동
화성시,향남읍,하길9리,13반,"향남2택지개발지구 B11블록 화성향남오색마을사랑으로부영11단지아파트 1113동, 상가동"
화성시,향남읍,하길10리,1반,하길리 1464 화성향남서봉마을사랑으로부영3단지 301동
화성시,향남읍,하길10리,2반,하길리 1464 화성향남서봉마을사랑으로부영3단지 302동
화성시,향남읍,하길10리,3반,하길리 1464 화성향남서봉마을사랑으로부영3단지 303동
화성시,향남읍,하길10리,4반,하길리 1464 화성향남서봉마을사랑으로부영3단지 304동
화성시,향남읍,하길10리,5반,하길리 1464 화성향남서봉마을사랑으로부영3단지 305동
화성시,향남읍,하길10리,6반,하길리 1464 화성향남서봉마을사랑으로부영3단지 306동
화성시,향남읍,하길10리,7반,하길리 1464 화성향남서봉마을사랑으로부영3단지 307동
화성시,향남읍,하길10리,8반,하길리 1464 화성향남서봉마을사랑으로부영3단지 308동
화성시,향남읍,하길10리,9반,하길리 1464 화성향남서봉마을사랑으로부영3단지 309동
화성시,향남읍,하길10리,10반,하길리 1464 화성향남서봉마을사랑으로부영3단지 310동
화성시,향남읍,하길10리,11반,하길리 1464 화성향남서봉마을사랑으로부영3단지 311동
화성시,향남읍,하길10리,12반,"하길리 1464 화성향남서봉마을사랑으로부영3단지 312동, 상가동"
화성시,향남읍,하길11리,1반,하길리 1473 서봉마을 모아엘가 801동
화성시,향남읍,하길11리,2반,하길리 1473 서봉마을 모아엘가 802동
화성시,향남읍,하길11리,3반,하길리 1473 서봉마을 모아엘가 803동
화성시,향남읍,하길11리,4반,하길리 1473 서봉마을 모아엘가 804동
화성시,향남읍,하길11리,5반,하길리 1473 서봉마을 모아엘가 805동
화성시,향남읍,하길11리,6반,하길리 1473 서봉마을 모아엘가 806동~811동
화성시,읍면동,통리,반,관 할 구 역
화성시,향남읍,하길12리,1반,하길리 1477 서봉마을5단지 501동
화성시,향남읍,하길12리,2반,하길리 1477 서봉마을5단지 502동
화성시,향남읍,하길12리,3반,하길리 1477 서봉마을5단지 503동
화성시,향남읍,하길12리,4반,하길리 1477 서봉마을5단지 504동
화성시,향남읍,하길12리,5반,"하길리 1477 서봉마을5단지 505동, 상가동"
화성시,향남읍,하길12리,6반,하길리 1477 서봉마을5단지 506동
화성시,향남읍,하길12리,7반,하길리 1477 서봉마을5단지 507동
화성시,향남읍,하길12리,8반,하길리 1477 서봉마을5단지 508동
화성시,향남읍,하길12리,9반,하길리 1477 서봉마을5단지 509동
화성시,향남읍,하길13리,1반,하길리 1474 화성향남서봉마을사랑으로부영7단지 701동
화성시,향남읍,하길13리,2반,하길리 1474 화성향남서봉마을사랑으로부영7단지 702동
화성시,향남읍,하길13리,3반,하길리 1474 화성향남서봉마을사랑으로부영7단지 703동
화성시,향남읍,하길13리,4반,하길리 1474 화성향남서봉마을사랑으로부영7단지 704동
화성시,향남읍,하길13리,5반,하길리 1474 화성향남서봉마을사랑으로부영7단지 705동
화성시,향남읍,하길13리,6반,하길리 1474 화성향남서봉마을사랑으로부영7단지 706동
화성시,향남읍,하길13리,7반,하길리 1474 화성향남서봉마을사랑으로부영7단지 707동
화성시,향남읍,하길13리,8반,하길리 1474 화성향남서봉마을사랑으로부영7단지 708동
화성시,향남읍,하길13리,9반,하길리 1474 화성향남서봉마을사랑으로부영7단지 709동
화성시,향남읍,하길13리,10반,하길리 1474 화성향남서봉마을사랑으로부영7단지 710동
화성시,향남읍,하길13리,11반,"하길리 1474 화성향남서봉마을사랑으로부영7단지 711동, 상가동"
화성시,향남읍,하길14리,1반,하길리 1448~1455
화성시,향남읍,하길14리,2반,하길리 1456~1463
화성시,향남읍,하길15리,1반,하길리 1515 모아미래도아파트 401동
화성시,향남읍,하길15리,2반,하길리 1515 모아미래도아파트 402동
화성시,향남읍,하길15리,3반,하길리 1515 모아미래도아파트 403동
화성시,향남읍,하길15리,4반,하길리 1515 모아미래도아파트 404동
화성시,향남읍,하길15리,5반,하길리 1515 모아미래도아파트 405동
화성시,향남읍,하길15리,6반,하길리 1515 모아미래도아파트 406동
화성시,향남읍,하길15리,7반,하길리 1515 모아미래도아파트 407동
화성시,향남읍,하길15리,8반,하길리 1515 모아미래도아파트 408동
화성시,향남읍,하길15리,9반,하길리 1515 모아미래도아파트 409동
화성시,향남읍,하길15리,10반,하길리 1515 모아미래도아파트 410동
화성시,향남읍,하길15리,11반,하길리 1515 모아미래도아파트 411동
화성시,향남읍,하길15리,12반,하길리 1515 모아미래도아파트 412동
화성시,향남읍,하길15리,13반,하길리 1515 모아미래도아파트 413동
화성시,읍면동,통리,반,관 할 구 역
화성시,향남읍,하길16리,1반,하길리 1475 부영6단지 601동
화성시,향남읍,하길16리,2반,하길리 1475 부영6단지 602동
화성시,향남읍,하길16리,3반,하길리 1475 부영6단지 603동
화성시,향남읍,하길16리,4반,하길리 1475 부영6단지 604동
화성시,향남읍,하길16리,5반,하길리 1475 부영6단지 605동
화성시,향남읍,하길16리,6반,하길리 1475 부영6단지 606동
화성시,향남읍,하길16리,7반,하길리 1475 부영6단지 607동
화성시,향남읍,하길16리,8반,하길리 1475 부영6단지 608동
화성시,향남읍,하길16리,9반,하길리 1475 부영6단지 609동
화성시,향남읍,하길16리,10반,하길리 1475 부영6단지 610동
화성시,향남읍,하길16리,11반,하길리 1475 부영6단지 611동
화성시,향남읍,하길16리,12반,하길리 1475 부영6단지 612동
화성시,향남읍,하길17리,1반,하길리 1523 서봉마을센텀벨라 1901동
화성시,향남읍,하길17리,2반,하길리 1523 서봉마을센텀벨라 1902동
화성시,향남읍,하길17리,3반,하길리 1523 서봉마을센텀벨라 1903동
화성시,향남읍,하길17리,4반,하길리 1523 서봉마을센텀벨라 1904동
화성시,향남읍,하길17리,5반,하길리 1523 서봉마을센텀벨라 1905동
화성시,향남읍,화리현1리,1반,화리현리 242~산22
화성시,향남읍,화리현1리,2반,화리현리 231~299
화성시,향남읍,화리현1리,3반,화리현리 252~308
화성시,향남읍,화리현2리,1반,화리현리 167~169
화성시,향남읍,화리현2리,2반,화리현리 222~282
화성시,향남읍,화리현2리,3반,화리현리 283~391
화성시,향남읍,상두1리,1반,상두리 160~169
화성시,향남읍,상두1리,2반,상두리 202~222
화성시,향남읍,상두1리,3반,상두리 267~289
화성시,향남읍,상두2리,1반,상두리 369~397
화성시,향남읍,상두2리,2반,상두리 398~410
화성시,향남읍,상두2리,3반,상두리 411~437
화성시,향남읍,백토1리,1반,백토리 205~267
화성시,향남읍,백토1리,2반,백토리 350~379
화성시,향남읍,백토1리,3반,백토리 466~555
화성시,읍면동,통리,반,관할구역
화성시,향남읍,백토2리,1반,백토리 128~173
화성시,향남읍,길성리,1반,길성리 72~308
화성시,향남읍,길성리,2반,길성리 375~392
화성시,향남읍,요리,1반,요리 60~186
화성시,향남읍,요리,2반,요리 220~336
화성시,향남읍,수직1리,1반,수직리58~76
화성시,향남읍,수직1리,2반,수직리157~173
화성시,향남읍,수직2리,1반,수직리114~120-5
화성시,향남읍,수직2리,2반,수직리121-3~128
화성시,향남읍,수직2리,3반,수직리129-1~150
화성시,향남읍,갈천리,1반,갈천리35-91
화성시,향남읍,갈천리,2반,갈천리31-71
화성시,향남읍,증거리,1반,증거리88~102
화성시,향남읍,증거리,2반,증거리124~137
화성시,향남읍,증거리,3반,증거리138~149
화성시,향남읍,송곡1리,1반,송곡리134~205
화성시,향남읍,송곡1리,2반,송곡리206280
화성시,향남읍,송곡2리,1반,송곡리10~13
화성시,향남읍,송곡2리,2반,송곡리107~139
화성시,향남읍,송곡2리,3반,송곡리140~164
화성시,향남읍,동오리,1반,동오리418~430
화성시,향남읍,동오리,2반,동오리449-458
화성시,향남읍,관리,1반,관리 67~85
화성시,향남읍,관리,2반,관리 112~188
화성시,향남읍,도이1리,1반,도이리 12~25
화성시,향남읍,도이1리,2반,도이리 40~51
화성시,향남읍,도이1리,3반,도이리 135~143
화성시,향남읍,도이1리,4반,도이리 258~259
화성시,향남읍,도이2리,1반,도이리 54~294
화성시,향남읍,도이2리,2반,도이리 166
화성시,향남읍,도이2리,3반,도이리 161~169
화성시,향남읍,행정1리,1반,"행정리 1~85-2, 108, 109, 316~331, 산1~11, 산14~20, 산 43~44, 산87~88"
화성시,향남읍,행정1리,2반,행정리 519~525
화성시,읍면동,통리,반,관 할 구 역
화성시,향남읍,행정2리,1반,행정리 479 복사꽃마을 한국아델리움아파트 901동
화성시,향남읍,행정2리,2반,행정리 479 복사꽃마을 한국아델리움아파트 902동
화성시,향남읍,행정2리,3반,행정리 479 복사꽃마을 한국아델리움아파트 903동
화성시,향남읍,행정2리,4반,행정리 479 복사꽃마을 한국아델리움아파트 904동
화성시,향남읍,행정2리,5반,행정리 479 복사꽃마을 한국아델리움아파트 905동
화성시,향남읍,행정2리,6반,행정리 479 복사꽃마을 한국아델리움아파트 906동
화성시,향남읍,행정2리,7반,행정리 479 복사꽃마을 한국아델리움아파트 907동
화성시,향남읍,행정2리,8반,행정리 479 복사꽃마을 한국아델리움아파트 908동
화성시,향남읍,행정2리,9반,"행정리 479 복사꽃마을 한국아델리움아파트 909동, 행정리 478-1, 478-2, 479-1~479-5"
화성시,향남읍,행정3리,1반,행정리 470 복사꽃마을 주공휴먼시아아파트 701동
화성시,향남읍,행정3리,2반,행정리 470 복사꽃마을 주공휴먼시아아파트 702동
화성시,향남읍,행정3리,3반,행정리 470 복사꽃마을 주공휴먼시아아파트 703동
화성시,향남읍,행정3리,4반,행정리 470 복사꽃마을 주공휴먼시아아파트 704동
화성시,향남읍,행정3리,5반,행정리 470 복사꽃마을 주공휴먼시아아파트 705동
화성시,향남읍,행정3리,6반,행정리 470 복사꽃마을 주공휴먼시아아파트 706동
화성시,향남읍,행정3리,7반,행정리 470 복사꽃마을 주공휴먼시아아파트 707동
화성시,향남읍,행정3리,8반,행정리 470 복사꽃마을 주공휴먼시아아파트 708동
화성시,향남읍,행정3리,9반,행정리 470 복사꽃마을 주공휴먼시아아파트 709동
화성시,향남읍,행정3리,10반,행정리 470 복사꽃마을 주공휴먼시아아파트 710동
화성시,향남읍,행정3리,11반,"행정리 470 복사꽃마을 주공휴먼시아아파트 711동, 행정리 469-1~469-5, 470-1~470-4, 471-1, 471-2"
화성시,향남읍,행정4리,1반,행정리 475 복사꽃마을 코오롱하늘채아파트 801동
화성시,향남읍,행정4리,2반,행정리 475 복사꽃마을 코오롱하늘채아파트 802동
화성시,향남읍,행정4리,3반,행정리 475 복사꽃마을 코오롱하늘채아파트 803동
화성시,향남읍,행정4리,4반,행정리 475 복사꽃마을 코오롱하늘채아파트 804동
화성시,향남읍,행정4리,5반,행정리 475 복사꽃마을 코오롱하늘채아파트 805동
화성시,향남읍,행정4리,6반,행정리 475 복사꽃마을 코오롱하늘채아파트 806동
화성시,향남읍,행정4리,7반,행정리 475 복사꽃마을 코오롱하늘채아파트 807동
화성시,향남읍,행정4리,8반,행정리 475 복사꽃마을 코오롱하늘채아파트 808동
화성시,향남읍,행정4리,9반,행정리 475 복사꽃마을 코오롱하늘채아파트 809동
화성시,향남읍,행정4리,10반,행정리 475 복사꽃마을 코오롱하늘채아파트 810동
화성시,향남읍,행정4리,11반,행정리 475 복사꽃마을 코오롱하늘채아파트 811동
화성시,향남읍,행정4리,12반,"행정리 475 복사꽃마을 코오롱하늘채아파트 812동, 행정리 472-3, 473-1~473-8, 474-1~474-10, 475-1~475-6, 476, 477-1~477-5"
화성시,읍면동,통리,반,관 할 구 역
화성시,향남읍,행정5리,1반,행정리 485 살구꽃마을 대방노블랜드아파트 1001동
화성시,향남읍,행정5리,2반,행정리 485 살구꽃마을 대방노블랜드아파트 1002동
화성시,향남읍,행정5리,3반,행정리 485 살구꽃마을 대방노블랜드아파트 1003동
화성시,향남읍,행정5리,4반,행정리 485 살구꽃마을 대방노블랜드아파트 1004동
화성시,향남읍,행정5리,5반,행정리 485 살구꽃마을 대방노블랜드아파트 1005동
화성시,향남읍,행정5리,6반,행정리 485 살구꽃마을 대방노블랜드아파트 1006동
화성시,향남읍,행정5리,7반,행정리 485 살구꽃마을 대방노블랜드아파트 1007동
화성시,향남읍,행정5리,8반,행정리 485 살구꽃마을 대방노블랜드아파트 1008동
화성시,향남읍,행정5리,9반,행정리 485 살구꽃마을 대방노블랜드아파트 1009동
화성시,향남읍,행정5리,10반,행정리 485 살구꽃마을 대방노블랜드아파트 1010동
화성시,향남읍,행정5리,11반,행정리 485 살구꽃마을 대방노블랜드아파트 1011동
화성시,향남읍,행정5리,12반,"행정리 485 살구꽃마을 대방노블랜드아파트 1012동, 행정리 485-1~485-7, 486-1~486-6, 487-1~487-7"
화성시,향남읍,행정6리,1반,행정리 480 살구꽃마을 풍림아이원 아파트 1401동
화성시,향남읍,행정6리,2반,행정리 480 살구꽃마을 풍림아이원 아파트 1402동
화성시,향남읍,행정6리,3반,행정리 480 살구꽃마을 풍림아이원 아파트 1403동
화성시,향남읍,행정6리,4반,행정리 480 살구꽃마을 풍림아이원 아파트 1404동
화성시,향남읍,행정6리,5반,행정리 480 살구꽃마을 풍림아이원 아파트 1405동
화성시,향남읍,행정6리,6반,행정리 480 살구꽃마을 풍림아이원 아파트 1406동
화성시,향남읍,행정6리,7반,행정리 480 살구꽃마을 풍림아이원 아파트 1407동
화성시,향남읍,행정6리,8반,행정리 480 살구꽃마을 풍림아이원 아파트 1408동
화성시,향남읍,행정6리,9반,행정리 480 살구꽃마을 풍림아이원 아파트 1409동
화성시,향남읍,행정6리,10반,행정리 480 살구꽃마을 풍림아이원 아파트 1410동
화성시,향남읍,행정6리,11반,행정리 480 살구꽃마을 풍림아이원 아파트 1411동
화성시,향남읍,행정6리,12반,행정리 480 살구꽃마을 풍림아이원 아파트 1412동
화성시,향남읍,행정6리,13반,행정리 480 살구꽃마을 풍림아이원 아파트 1413동
화성시,향남읍,행정6리,14반,"행정리 480 살구꽃마을 풍림아이원 아파트 1414동, 상가동"
화성시,읍면동,통리,반,관 할 구 역
화성시,향남읍,행정7리,1반,행정리 482 살구꽃마을 화성파크드림아파트 1501동
화성시,향남읍,행정7리,2반,행정리 482 살구꽃마을 화성파크드림아파트 1502동
화성시,향남읍,행정7리,3반,행정리 482 살구꽃마을 화성파크드림아파트 1503동
화성시,향남읍,행정7리,4반,행정리 482 살구꽃마을 화성파크드림아파트 1504동
화성시,향남읍,행정7리,5반,행정리 482 살구꽃마을 화성파크드림아파트 1505동
화성시,향남읍,행정7리,6반,행정리 482 살구꽃마을 화성파크드림아파트 1506동
화성시,향남읍,행정7리,7반,행정리 482 살구꽃마을 화성파크드림아파트 1507동
화성시,향남읍,행정7리,8반,행정리 482 살구꽃마을 화성파크드림아파트 1508동
화성시,향남읍,행정7리,9반,행정리 482 살구꽃마을 화성파크드림아파트 1509동
화성시,향남읍,행정7리,10반,행정리 482 살구꽃마을 화성파크드림아파트 1510동
화성시,향남읍,행정7리,11반,"행정리 482 살구꽃마을 화성파크드림아파트 1511동, 행정리 482-1, 483, 484"
화성시,향남읍,행정8리,1반,행정리 494 살구꽃마을 한일베라체아파트 1301동
화성시,향남읍,행정8리,2반,행정리 494 살구꽃마을 한일베라체아파트 1302동
화성시,향남읍,행정8리,3반,행정리 494 살구꽃마을 한일베라체아파트 1303동
화성시,향남읍,행정8리,4반,행정리 494 살구꽃마을 한일베라체아파트 1304동
화성시,향남읍,행정8리,5반,행정리 494 살구꽃마을 한일베라체아파트 1305동
화성시,향남읍,행정8리,6반,"행정리 494 살구꽃마을 한일베라체아파트 1306동, 행정리 488, 494-1, 495-2"
화성시,향남읍,행정9리,1반,행정리 491 살구꽃마을 제일오투그란데아파트 1101동
화성시,향남읍,행정9리,2반,행정리 491 살구꽃마을 제일오투그란데아파트 1102동
화성시,향남읍,행정9리,3반,행정리 491 살구꽃마을 제일오투그란데아파트 1103동
화성시,향남읍,행정9리,4반,행정리 491 살구꽃마을 제일오투그란데아파트 1104동
화성시,향남읍,행정9리,5반,행정리 491 살구꽃마을 제일오투그란데아파트 1105동
화성시,향남읍,행정9리,6반,"행정리 491 살구꽃마을 제일오투그란데아파트 1106동, 행정리 491-1~492-4, 493"
화성시,향남읍,행정10리,1반,행정리 492 살구꽃마을 신영지웰 아파트 1201동
화성시,향남읍,행정10리,2반,행정리 492 살구꽃마을 신영지웰 아파트 1202동
화성시,향남읍,행정10리,3반,행정리 492 살구꽃마을 신영지웰 아파트 1203동
화성시,향남읍,행정10리,4반,행정리 492 살구꽃마을 신영지웰 아파트 1204동
화성시,향남읍,행정10리,5반,행정리 492 살구꽃마을 신영지웰 아파트 1205동
화성시,향남읍,행정10리,6반,"행정리 492 살구꽃마을 신영지웰 아파트 1206동, 행정리 492-1~492-4, 493"
화성시,향남읍,행정11리,1반,"행정리 389?415, 430?437"
화성시,읍면동,통리,반,관 할 구 역
화성시,향남읍,행정12리,1반,행정리 440 넓은들마을 향남 지웰2차 아파트 201동
화성시,향남읍,행정12리,2반,행정리 440 넓은들마을 향남 지웰2차 아파트 202동
화성시,향남읍,행정12리,3반,행정리 440 넓은들마을 향남 지웰2차 아파트 203동
화성시,향남읍,행정12리,4반,행정리 440 넓은들마을 향남 지웰2차 아파트 204동
화성시,향남읍,행정12리,5반,행정리 440 넓은들마을 향남 지웰2차 아파트 205동
화성시,향남읍,행정12리,6반,행정리 440 넓은들마을 향남 지웰2차 아파트 206동
화성시,향남읍,행정12리,7반,행정리 440 넓은들마을 향남 지웰2차 아파트 207동
화성시,향남읍,행정12리,8반,"행정리 440 넓은들마을 향남 지웰2차 아파트 208동, 행정리 441-1~441-4"
화성시,향남읍,행정13리,1반,행정리 441 넓은들마을 일신에일린의뜰 아파트 401동
화성시,향남읍,행정13리,2반,행정리 441 넓은들마을 일신에일린의뜰 아파트 402동
화성시,향남읍,행정13리,3반,행정리 441 넓은들마을 일신에일린의뜰 아파트 403동
화성시,향남읍,행정13리,4반,행정리 441 넓은들마을 일신에일린의뜰 아파트 404동
화성시,향남읍,행정13리,5반,행정리 441 넓은들마을 일신에일린의뜰 아파트 405동
화성시,향남읍,행정13리,6반,행정리 441 넓은들마을 일신에일린의뜰 아파트 406동
화성시,향남읍,행정13리,7반,행정리 441 넓은들마을 일신에일린의뜰 아파트 407동
화성시,향남읍,행정13리,8반,"행정리 441 넓은들마을 일신에일린의뜰 아파트 408동, 행정리 441-1~441-4"
화성시,향남읍,행정14리,1반,행정리 438 넓은들마을 우미린 아파트 101동
화성시,향남읍,행정14리,2반,행정리 438 넓은들마을 우미린 아파트 102동
화성시,향남읍,행정14리,3반,행정리 438 넓은들마을 우미린 아파트 103동
화성시,향남읍,행정14리,4반,행정리 438 넓은들마을 우미린 아파트 104동
화성시,향남읍,행정14리,5반,행정리 438 넓은들마을 우미린 아파트 105동
화성시,향남읍,행정14리,6반,행정리 438 넓은들마을 우미린 아파트 106동
화성시,향남읍,행정14리,7반,행정리 438 넓은들마을 우미린 아파트 107동
화성시,향남읍,행정14리,8반,행정리 438 넓은들마을 우미린 아파트 108동
화성시,향남읍,행정14리,9반,행정리 438 넓은들마을 우미린 아파트 109동
화성시,향남읍,행정14리,10반,"행정리 438 넓은들마을 우미린 아파트 110동, 행정리 438-1~438-3, 439, 439-1~439-6"
화성시,향남읍,행정15리,1반,행정리 443 넓은들마을 신명스카이뷰 아파트 301동
화성시,향남읍,행정15리,2반,행정리 443 넓은들마을 신명스카이뷰 아파트 302동
화성시,향남읍,행정15리,3반,행정리 443 넓은들마을 신명스카이뷰 아파트 303동
화성시,향남읍,행정15리,4반,행정리 443 넓은들마을 신명스카이뷰 아파트 304동
화성시,향남읍,행정15리,5반,행정리 443 넓은들마을 신명스카이뷰 아파트 305동
화성시,향남읍,행정15리,6반,행정리 443 넓은들마을 신명스카이뷰 아파트 306동
화성시,향남읍,행정15리,7반,행정리 443 넓은들마을 신명스카이뷰 아파트 307동
화성시,향남읍,행정15리,8반,행정리 443 넓은들마을 신명스카이뷰 아파트 308동
화성시,향남읍,행정15리,9반,행정리 443 넓은들마을 신명스카이뷰 아파트 309동
화성시,읍면동,통리,반,관 할 구 역
화성시,향남읍,행정16리,1반,행정리 465 한우물마을 주공휴먼시아 아파트 601동
화성시,향남읍,행정16리,2반,행정리 465 한우물마을 주공휴먼시아 아파트 602동
화성시,향남읍,행정16리,3반,행정리 465 한우물마을 주공휴먼시아 아파트 603동
화성시,향남읍,행정16리,4반,행정리 465 한우물마을 주공휴먼시아 아파트 604동
화성시,향남읍,행정16리,5반,행정리 465 한우물마을 주공휴먼시아 아파트 605동
화성시,향남읍,행정16리,6반,행정리 465 한우물마을 주공휴먼시아 아파트 606동
화성시,향남읍,행정16리,7반,행정리 465 한우물마을 주공휴먼시아 아파트 607동
화성시,향남읍,행정16리,8반,행정리 465 한우물마을 주공휴먼시아 아파트 608동
화성시,향남읍,행정16리,9반,행정리 465 한우물마을 주공휴먼시아 아파트 609동
화성시,향남읍,행정16리,10반,행정리 465 한우물마을 주공휴먼시아 아파트 610동
화성시,향남읍,행정16리,11반,행정리 465 한우물마을 주공휴먼시아 아파트 611동
화성시,향남읍,행정16리,12반,행정리 465 한우물마을 주공휴먼시아 아파트 612동
화성시,향남읍,행정16리,13반,행정리 465 한우물마을 주공휴먼시아 아파트 613동
화성시,향남읍,행정16리,14반,행정리 465 한우물마을 주공휴먼시아 아파트 614동
화성시,향남읍,행정16리,15반,행정리 465 한우물마을 주공휴먼시아 아파트 615동
화성시,향남읍,행정16리,16반,행정리 465 한우물마을 주공휴먼시아 아파트 616동
화성시,향남읍,행정16리,17반,행정리 465 한우물마을 주공휴먼시아 아파트 617동
화성시,향남읍,행정16리,18반,"행정리 465 한우물마을 주공휴먼시아 아파트 618동, 행정리 465-1~465-7, 466~468, 468-1, 468-1~468-4"
화성시,향남읍,행정17리,1반,행정리 463 한우물마을 주공휴먼시아 아파트 501동
화성시,향남읍,행정17리,2반,행정리 463 한우물마을 주공휴먼시아 아파트 502동
화성시,향남읍,행정17리,3반,행정리 463 한우물마을 주공휴먼시아 아파트 503동
화성시,향남읍,행정17리,4반,행정리 463 한우물마을 주공휴먼시아 아파트 504동
화성시,향남읍,행정17리,5반,행정리 463 한우물마을 주공휴먼시아 아파트 505동
화성시,향남읍,행정17리,6반,행정리 463 한우물마을 주공휴먼시아 아파트 506동
화성시,향남읍,행정17리,7반,행정리 463 한우물마을 주공휴먼시아 아파트 507동
화성시,향남읍,행정17리,8반,행정리 463 한우물마을 주공휴먼시아 아파트 508동
화성시,향남읍,행정17리,9반,행정리 463 한우물마을 주공휴먼시아 아파트 509동
화성시,향남읍,행정17리,10반,행정리 463 한우물마을 주공휴먼시아 아파트 510동
화성시,향남읍,행정17리,11반,행정리 463 한우물마을 주공휴먼시아 아파트 511동
화성시,향남읍,행정17리,12반,행정리 463 한우물마을 주공휴먼시아 아파트 512동
화성시,향남읍,행정17리,13반,행정리 463 한우물마을 주공휴먼시아 아파트 513동
화성시,향남읍,행정17리,14반,행정리 463 한우물마을 주공휴먼시아 아파트 514동
화성시,향남읍,행정17리,15반,행정리 463 한우물마을 주공휴먼시아 아파트 515동
화성시,향남읍,행정17리,16반,"행정리 463 한우물마을 주공휴먼시아 아파트 516동, 행정리 463-1~463-3, 464, 462-1~462-10"
화성시,향남읍,행정18리,1반,행정리 505~508
화성시,향남읍,행정18리,2반,행정리 509~518
화성시,향남읍,행정19리,1반,행정리 495~497
화성시,향남읍,행정19리,2반,"행정리 498~499, 503"
화성시,향남읍,행정19리,3반,"행정리 500~502, 504"
화성시,향남읍,행정20리,1반,"행정리 산62-3, 62-4, 287-1, 287-3, 288, 288-2, 291-1, 291-5, 292-11?292-13, 425?429"
화성시,향남읍,행정20리,2반,행정리 417?424
화성시,향남읍,행정20리,3반,행정리 445?454
화성시,향남읍,행정20리,4반,행정리 456?461
화성시,읍면동,통리,반,관 할 구 역
화성시,향남읍,방축리,1반,"방축리 144~167, 184~359, 411~441, 443"
화성시,향남읍,방축리,2반,"방축리 168~183, 442, 산1~2, 산7-1~7-2, 산9, 산15, 산31~산38"
화성시,향남읍,장짐1리,1반,장짐리 1~191
화성시,향남읍,장짐1리,2반,장짐리 156
화성시,향남읍,장짐2리,1반,장짐리 243
화성시,향남읍,장짐2리,2반,"장짐리 207-1~277-1, 277-5, 277-6"
화성시,향남읍,장짐2리,3반,"장짐리 277-4, 277-7, 278-1, 278-4"
화성시,향남읍,장짐2리,4반,장짐리 277-3
화성시,향남읍,장짐3리,1반,장짐리 203
화성시,향남읍,장짐3리,2반,장짐리 206
화성시,향남읍,장짐3리,3반,"장짐리 200, 283-2, 283-7, 283-10, 284, 285"
화성시,향남읍,장짐3리,4반,"장짐리 278-3, 278-5~278-11, 279, 280, 283-1, 283-3, 283-6, 283-8, 283-11~283-18"
화성시,향남읍,장짐3리,5반,장짐리 281~282
화성시,향남읍,장짐3리,6반,"장짐리 192~199, 201~202, 286~398"
화성시,향남읍,장짐4리,1반,"장짐리 409 장짐마을신성발안미소지움아파트 101동, 106동, 109동"
화성시,향남읍,장짐4리,2반,장짐리 409 장짐마을신성발안미소지움아파트 102동
화성시,향남읍,장짐4리,3반,장짐리 409 장짐마을신성발안미소지움아파트 103동
화성시,향남읍,장짐4리,4반,장짐리 409 장짐마을신성발안미소지움아파트 104동
화성시,향남읍,장짐4리,5반,장짐리 409 장짐마을신성발안미소지움아파트 105동
화성시,향남읍,장짐4리,6반,장짐리 409 장짐마을신성발안미소지움아파트 107동
화성시,향남읍,장짐4리,7반,장짐리 409 장짐마을신성발안미소지움아파트 108동
화성시,향남읍,장짐5리,1반,장짐리 410 장짐마을신성발안2차미소지움아파트 201동
화성시,향남읍,장짐5리,2반,장짐리 410 장짐마을신성발안2차미소지움아파트 202동
화성시,향남읍,장짐5리,3반,장짐리 410 장짐마을신성발안2차미소지움아파트 203동
화성시,향남읍,장짐5리,4반,장짐리 410 장짐마을신성발안2차미소지움아파트 204동
화성시,향남읍,장짐5리,5반,장짐리 410 장짐마을신성발안2차미소지움아파트 205동
화성시,읍면동,통리,반,관 할 구 역
화성시,남양읍,남양1리,1반,"남양리 산56, 1989~1998"
화성시,남양읍,남양1리,2반,남양리 1328~1360
화성시,남양읍,남양1리,3반,남양리 1274~1326 (남양뉴타운 시티프라디움 2차 아파트 제외)
화성시,남양읍,남양1리,4반,남양리 1331~1334(대풍빌라) (남양뉴타운 B4블럭 동광뷰엘 제외)
화성시,남양읍,남양2리,1반,남양리 1265~1267
화성시,남양읍,남양2리,2반,남양리 1165~1261
화성시,남양읍,남양2리,3반,남양리 1163~1165
화성시,남양읍,남양2리,4반,남양리 1137~1153
화성시,남양읍,남양2리,5반,"남양리 631-5, 650-2, 650-11, 1159-1, 1160~1165"
화성시,남양읍,남양2리,6반,남양리 631(민성연립)
화성시,남양읍,남양3리,1반,남양리 2008부터 2020-13까지
화성시,남양읍,남양3리,2반,남양리 2021부터 2035까지
화성시,남양읍,남양3리,3반,남양리 2061-1부터 2070-10까지
화성시,남양읍,남양3리,4반,남양리 2072-1부터 2078-10까지
화성시,남양읍,남양4리,1반,"남양리 2~31, 35, 117~137"
화성시,남양읍,남양4리,2반,"남양리 32~33, 42~68, 1118~1159"
화성시,남양읍,남양4리,3반,"남양리 1156-1, 4, 5, 632-2(보라, 시화아파트)"
화성시,남양읍,남양5리,1반,남양리 615~665
화성시,남양읍,남양5리,2반,남양리 560~579
화성시,남양읍,남양5리,3반,남양리 580~600
화성시,남양읍,남양5리,4반,남양리 540~578
화성시,남양읍,남양5리,5반,남양리 410~440
화성시,남양읍,남양5리,6반,남양리 800~920
화성시,남양읍,남양5리,7반,남양리 676~715
화성시,남양읍,남양6리,1반,남양리 296~393
화성시,남양읍,남양6리,2반,남양리 249~256
화성시,남양읍,남양6리,3반,남양리 995~1037
화성시,남양읍,남양6리,4반,남양리 900~940
화성시,남양읍,남양6리,5반,남양리 산300-1 남양에코하임 101동~111동
화성시,남양읍,남양7리,1반,"남양리 산131, 산139, 1852, 1854, 1856"
화성시,남양읍,남양7리,2반,"남양리 2314~2317, 2319~2333, 2148~2171"
화성시,남양읍,남양8리,1반,남양리 산141(현대사원기숙사)
화성시,남양읍,남양8리,2반,남양리 산141(현대사원기숙사)
화성시,남양읍,남양8리,3반,"남양리 1842, 1843, 산141(현대사원아파트 101리)"
화성시,남양읍,남양8리,4반,"남양리 1842, 1843, 산141(현대사원아파트 102리)"
화성시,남양읍,남양8리,5반,남양리 산141-6(현대사원아파트 103리)
화성시,남양읍,남양9리,1반,남양리 415 우림그린빌리지 101리
화성시,남양읍,남양9리,2반,남양리 415 우림그린빌리지 102리
화성시,남양읍,남양9리,3반,남양리 415 우림그린빌리지 103리
화성시,남양읍,남양9리,4반,남양리 415 우림그린빌리지 104리
화성시,남양읍,남양9리,5반,남양리 415 우림그린빌리지 105리
화성시,남양읍,남양9리,6반,남양리 415 우림그린빌리지 106리
화성시,읍면동,통리,반,관 할 구 역
화성시,남양읍,남양9리,7반,남양리 415 우림그린빌리지 107동
화성시,남양읍,남양9리,8반,남양리 415 우림그린빌리지 108동
화성시,남양읍,남양9리,9반,남양리 415 우림그린빌리지 109동 (1~8층)
화성시,남양읍,남양9리,10반,남양리 415 우림그린빌리지 109동 (9~16층)
화성시,남양읍,남양9리,11반,남양리 415 우림그린빌리지 110동
화성시,남양읍,남양9리,12반,남양리 415 우림그린빌리지 111동 (1~8층)
화성시,남양읍,남양9리,13반,남양리 415 우림그린빌리지 111동 (9~16층)
화성시,남양읍,남양9리,14반,남양리 415 우림그린빌리지 112동
화성시,남양읍,남양10리,1반,남양리 2001 대광파인밸리아파트 101동(1~3호열)
화성시,남양읍,남양10리,2반,남양리 2001 대광파인밸리아파트 101동(4~6호열)
화성시,남양읍,남양10리,3반,남양리 2001 대광파인밸리아파트 102동
화성시,남양읍,남양10리,4반,남양리 2001 대광파인밸리아파트 103동
화성시,남양읍,남양10리,5반,남양리 2001 대광파인밸리아파트 104동
화성시,남양읍,남양10리,6반,남양리 2001 대광파인밸리아파트 105동
화성시,남양읍,남양10리,7반,남양리 2001 대광파인밸리아파트 106동
화성시,남양읍,남양10리,8반,남양리 2001 대광파인밸리아파트 107동
화성시,남양읍,남양10리,9반,남양리 2001 대광파인밸리아파트 108동
화성시,남양읍,남양10리,10반,남양리 2001 대광파인밸리아파트 109동
화성시,남양읍,남양10리,11반,남양리 2001 대광파인밸리아파트 110동
화성시,남양읍,남양10리,12반,남양리 2001 대광파인밸리아파트 111동
화성시,남양읍,남양10리,13반,남양리 2001 대광파인밸리아파트 112동
화성시,남양읍,남양10리,14반,"남양리 2001 대광파인밸리아파트 113동(1~4호열) 2002, 2003"
화성시,남양읍,남양10리,15반,남양리 2001 대광파인밸리아파트 113동(5~8호열)
화성시,남양읍,남양10리,16반,남양리 2001 대광파인밸리아파트 114동
화성시,남양읍,남양11리,1반,남양리 293-3 금강에스쁘아 101동
화성시,남양읍,남양11리,2반,남양리 293-3 금강에스쁘아 102동
화성시,남양읍,남양11리,3반,남양리 293-3 금강에스쁘아 103동
화성시,남양읍,남양11리,4반,남양리 293-3 금강에스쁘아 104동
화성시,남양읍,남양12리,1반,남양리 2048 남양아이파크아파트 101동
화성시,남양읍,남양12리,2반,남양리 2048 남양아이파크아파트 102동
화성시,남양읍,남양12리,3반,남양리 2048 남양아이파크아파트 103동
화성시,남양읍,남양12리,4반,남양리 2048 남양아이파크아파트 104동
화성시,남양읍,남양12리,5반,남양리 2048 남양아이파크아파트 105동
화성시,남양읍,남양13리,1반,남양리 2047 우림필유아파트 101동
화성시,남양읍,남양13리,2반,남양리 2047 우림필유아파트 102동
화성시,남양읍,남양13리,3반,남양리 2047 우림필유아파트 103동
화성시,남양읍,남양13리,4반,남양리 2047 우림필유아파트 104동
화성시,남양읍,남양13리,5반,남양리 2047 우림필유아파트 105동
화성시,남양읍,남양13리,6반,남양리 2047 우림필유아파트 106동
화성시,남양읍,남양14리,1반,남양리 1800 남양뉴타운 양우내안애 아파트 101동 1~2호라인
화성시,남양읍,남양14리,2반,남양리 1800 남양뉴타운 양우내안애 아파트 101동 3~5호라인
화성시,남양읍,남양14리,3반,남양리 1800 남양뉴타운 양우내안애 아파트 102동 1~2호라인
화성시,남양읍,남양14리,4반,남양리 1800 남양뉴타운 양우내안애 아파트 102동 3~5호라인
화성시,남양읍,남양14리,5반,남양리 1800 남양뉴타운 양우내안애 아파트 103동
화성시,남양읍,남양14리,6반,남양리 1800 남양뉴타운 양우내안애 아파트 104동
화성시,남양읍,남양14리,7반,남양리 1800 남양뉴타운 양우내안애 아파트 105동
화성시,읍면동,통리,반,관 할 구 역
화성시,남양읍,남양15리,1반,남양리 1563 남양뉴타운 LH4단지아파트 411동
화성시,남양읍,남양15리,2반,남양리 1563 남양뉴타운 LH4단지아파트 412동
화성시,남양읍,남양15리,3반,남양리 1563 남양뉴타운 LH4단지아파트 413동
화성시,남양읍,남양15리,4반,남양리 1563 남양뉴타운 LH4단지아파트 414동
화성시,남양읍,남양15리,5반,남양리 1563 남양뉴타운 LH4단지아파트 415동
화성시,남양읍,남양15리,6반,남양리 1563 남양뉴타운 LH4단지아파트 416동
화성시,남양읍,남양16리,1반,남양리 1532-4 화성남양뉴타운 LH9단지 901동
화성시,남양읍,남양16리,2반,남양리 1532-4 화성남양뉴타운 LH9단지 902동
화성시,남양읍,남양16리,3반,남양리 1532-4 화성남양뉴타운 LH9단지 903동
화성시,남양읍,남양16리,4반,남양리 1532-4 화성남양뉴타운 LH9단지 904동
화성시,남양읍,남양16리,5반,남양리 1532-4 화성남양뉴타운 LH9단지 905동
화성시,남양읍,남양17리,1반,남양뉴타운 B2블럭 양우내안애2차에듀타운아파트 201동
화성시,남양읍,남양17리,2반,남양뉴타운 B2블럭 양우내안애2차에듀타운아파트 202동
화성시,남양읍,남양17리,3반,남양뉴타운 B2블럭 양우내안애2차에듀타운아파트 203동
화성시,남양읍,남양17리,4반,남양뉴타운 B2블럭 양우내안애2차에듀타운아파트 204동
화성시,남양읍,남양17리,5반,남양뉴타운 B2블럭 양우내안애2차에듀타운아파트 205동
화성시,남양읍,남양17리,6반,남양뉴타운 B2블럭 양우내안애2차에듀타운아파트 206동
화성시,남양읍,남양17리,7반,남양뉴타운 B2블럭 양우내안애2차에듀타운아파트 207동
화성시,남양읍,남양17리,8반,남양뉴타운 B2블럭 양우내안애2차에듀타운아파트 208동
화성시,남양읍,남양17리,9반,남양뉴타운 B2블럭 양우내안애2차에듀타운아파트 209동
화성시,남양읍,남양18리,1반,남양뉴타운 B1블럭 시티프라디움 101동
화성시,남양읍,남양18리,2반,남양뉴타운 B1블럭 시티프라디움 102동
화성시,남양읍,남양18리,3반,남양뉴타운 B1블럭 시티프라디움 103동
화성시,남양읍,남양18리,4반,남양뉴타운 B1블럭 시티프라디움 104동
화성시,남양읍,남양18리,5반,남양뉴타운 B1블럭 시티프라디움 105동
화성시,남양읍,남양18리,6반,남양뉴타운 B1블럭 시티프라디움 106동
화성시,남양읍,남양18리,7반,남양뉴타운 B1블럭 시티프라디움 107동
화성시,남양읍,남양18리,8반,남양뉴타운 B1블럭 시티프라디움 108동
화성시,남양읍,남양18리,9반,남양뉴타운 B1블럭 시티프라디움 109동
화성시,남양읍,남양18리,10반,남양뉴타운 B1블럭 시티프라디움 110동
화성시,남양읍,남양18리,11반,남양뉴타운 B1블럭 시티프라디움 111동
화성시,남양읍,남양18리,12반,남양뉴타운 B1블럭 시티프라디움 112동
화성시,남양읍,남양19리,1반,남양뉴타운 A4블럭 시티프라디움 201동
화성시,남양읍,남양19리,2반,남양뉴타운 A4블럭 시티프라디움 202동
화성시,남양읍,남양19리,3반,남양뉴타운 A4블럭 시티프라디움 203동
화성시,남양읍,남양19리,4반,남양뉴타운 A4블럭 시티프라디움 204동
화성시,남양읍,남양19리,5반,남양뉴타운 A4블럭 시티프라디움 205동
화성시,남양읍,남양19리,6반,남양뉴타운 A4블럭 시티프라디움 206동
화성시,남양읍,남양19리,7반,남양뉴타운 A4블럭 시티프라디움 207동
화성시,남양읍,남양19리,8반,남양뉴타운 A4블럭 시티프라디움 208동
화성시,남양읍,남양19리,9반,남양뉴타운 A4블럭 시티프라디움 209동
화성시,남양읍,남양20리,1반,남양뉴타운 B13블럭 현대자동차아파트 201동
화성시,남양읍,남양20리,2반,남양뉴타운 B13블럭 현대자동차아파트 202동
화성시,남양읍,남양20리,3반,남양뉴타운 B13블럭 현대자동차아파트 203동
화성시,남양읍,남양20리,4반,남양뉴타운 B13블럭 현대자동차아파트 204동
화성시,남양읍,남양20리,5반,남양뉴타운 B13블럭 현대자동차아파트 205동
화성시,남양읍,남양20리,6반,남양뉴타운 B13블럭 현대자동차아파트 206동
화성시,읍면동,통리,반,관 할 구 역
화성시,남양읍,남양21리,1반,남양뉴타운 B-4블럭 동광뷰엘 101동
화성시,남양읍,남양21리,2반,남양뉴타운 B-4블럭 동광뷰엘 102동
화성시,남양읍,남양21리,3반,남양뉴타운 B-4블럭 동광뷰엘 103동
화성시,남양읍,남양21리,4반,남양뉴타운 B-4블럭 동광뷰엘 104동
화성시,남양읍,남양21리,5반,남양뉴타운 B-4블럭 동광뷰엘 105동
화성시,남양읍,남양21리,6반,남양뉴타운 B-4블럭 동광뷰엘 106동
화성시,남양읍,남양21리,7반,남양뉴타운 B-4블럭 동광뷰엘 107동
화성시,남양읍,남양21리,8반,남양뉴타운 B-4블럭 동광뷰엘 108동
화성시,남양읍,남양22리,1반,남양뉴타운 B12블럭 시티프라디움 301동
화성시,남양읍,남양22리,2반,남양뉴타운 B12블럭 시티프라디움 302동
화성시,남양읍,남양22리,3반,남양뉴타운 B12블럭 시티프라디움 303동
화성시,남양읍,남양22리,4반,남양뉴타운 B12블럭 시티프라디움 304동
화성시,남양읍,남양22리,5반,남양뉴타운 B12블럭 시티프라디움 305동
화성시,남양읍,남양22리,6반,남양뉴타운 B12블럭 시티프라디움 306동
화성시,남양읍,남양22리,7반,남양뉴타운 B12블럭 시티프라디움 307동
화성시,남양읍,남양23리,1반,남양뉴타운 A2블럭 LH10단지 1001동
화성시,남양읍,남양23리,2반,남양뉴타운 A2블럭 LH10단지 1002동
화성시,남양읍,남양23리,3반,남양뉴타운 A2블럭 LH10단지 1003동
화성시,남양읍,남양23리,4반,남양뉴타운 A2블럭 LH10단지 1004동
화성시,남양읍,남양23리,5반,남양뉴타운 A2블럭 LH10단지 1005동
화성시,남양읍,남양23리,6반,남양뉴타운 A2블럭 LH10단지 1006동
화성시,남양읍,남양24리,1반,남양뉴타운 A5블럭 LH6단지 601동
화성시,남양읍,남양24리,2반,남양뉴타운 A5블럭 LH6단지 602동
화성시,남양읍,남양25리,1반,남양뉴타운 B6블럭 루나포레아파트 101동
화성시,남양읍,남양25리,2반,남양뉴타운 B6블럭 루나포레아파트 102동
화성시,남양읍,남양25리,3반,남양뉴타운 B6블럭 루나포레아파트 103동
화성시,남양읍,남양25리,4반,남양뉴타운 B6블럭 루나포레아파트 104동
화성시,남양읍,남양25리,5반,남양뉴타운 B6블럭 루나포레아파트 105동
화성시,남양읍,남양25리,6반,남양뉴타운 B6블럭 루나포레아파트 106동
화성시,남양읍,남양25리,7반,남양뉴타운 B6블럭 루나포레아파트 107동
화성시,남양읍,남양25리,8반,남양뉴타운 B6블럭 루나포레아파트 108동
화성시,남양읍,남양25리,9반,남양뉴타운 B6블럭 루나포레아파트 109동
화성시,남양읍,남양26리,1반,남양중앙로 420 남양뉴타운 LH19단지행복주택 901동
화성시,남양읍,남양26리,2반,남양중앙로 420 남양뉴타운 LH19단지행복주택 902동
화성시,남양읍,남양26리,3반,남양중앙로 420 남양뉴타운 LH19단지행복주택 903동
화성시,남양읍,남양26리,4반,남양중앙로 420 남양뉴타운 LH19단지행복주택 904동
화성시,남양읍,남양26리,5반,남양중앙로 420 남양뉴타운 LH19단지행복주택 905동
화성시,읍면동,통리,반,관 할 구 역
화성시,남양읍,남양27리,1반,남양리 2201 남양뉴타운 LH20단지아파트 1001동
화성시,남양읍,남양27리,2반,남양리 2201 남양뉴타운 LH20단지아파트 1002동
화성시,남양읍,남양27리,3반,남양리 2201 남양뉴타운 LH20단지아파트 1003동
화성시,남양읍,남양27리,4반,남양리 2201 남양뉴타운 LH20단지아파트 1004동
화성시,남양읍,남양27리,5반,남양리 2201 남양뉴타운 LH20단지아파트 1005동
화성시,남양읍,남양27리,6반,남양리 2201 남양뉴타운 LH20단지아파트 1006동
화성시,남양읍,남양27리,7반,남양리 2201 남양뉴타운 LH20단지아파트 1007동
화성시,남양읍,남양27리,8반,남양리 2201 남양뉴타운 LH20단지아파트 1008동
화성시,남양읍,남양27리,9반,남양리 2201 남양뉴타운 LH20단지아파트 1009동
화성시,남양읍,남양27리,10반,남양리 2201 남양뉴타운 LH20단지아파트 1010동
화성시,남양읍,남양28리,1반,남양리 2195 남양뉴타운 B-11블럭 e편한세상 1101동
화성시,남양읍,남양28리,2반,남양리 2195 남양뉴타운 B-11블럭 e편한세상 1102동
화성시,남양읍,남양28리,3반,남양리 2195 남양뉴타운 B-11블럭 e편한세상 1103동
화성시,남양읍,남양28리,4반,남양리 2195 남양뉴타운 B-11블럭 e편한세상 1104동
화성시,남양읍,남양28리,5반,남양리 2195 남양뉴타운 B-11블럭 e편한세상 1105동
화성시,남양읍,남양28리,6반,남양리 2195 남양뉴타운 B-11블럭 e편한세상 1106동
화성시,남양읍,남양28리,7반,남양리 2195 남양뉴타운 B-11블럭 e편한세상 1107동
화성시,남양읍,남양28리,8반,남양리 2195 남양뉴타운 B-11블럭 e편한세상 1108동
화성시,남양읍,남양29리,1반,남양리 2191 남양뉴타운 B-14블럭 시티프라디움4차 401동
화성시,남양읍,남양29리,2반,남양리 2191 남양뉴타운 B-14블럭 시티프라디움4차 402동
화성시,남양읍,남양29리,3반,남양리 2191 남양뉴타운 B-14블럭 시티프라디움4차 403동
화성시,남양읍,남양29리,4반,남양리 2191 남양뉴타운 B-14블럭 시티프라디움4차 404동
화성시,남양읍,남양29리,5반,남양리 2191 남양뉴타운 B-14블럭 시티프라디움4차 405동
화성시,남양읍,남양29리,6반,남양리 2191 남양뉴타운 B-14블럭 시티프라디움4차 406동
화성시,남양읍,남양29리,7반,남양리 2191 남양뉴타운 B-14블럭 시티프라디움4차 407동
화성시,남양읍,남양30리,1반,남양리 2310 남양뉴타운 C-2블럭 리젠시빌란트 101동
화성시,남양읍,남양30리,2반,남양리 2310 남양뉴타운 C-2블럭 리젠시빌란트 102동
화성시,남양읍,남양30리,3반,남양리 2310 남양뉴타운 C-2블럭 리젠시빌란트 103동
화성시,남양읍,남양30리,4반,남양리 2310 남양뉴타운 C-2블럭 리젠시빌란트 104동
화성시,남양읍,남양30리,5반,남양리 2310 남양뉴타운 C-2블럭 리젠시빌란트 105동
화성시,남양읍,남양30리,6반,남양리 2310 남양뉴타운 C-2블럭 리젠시빌란트 106동
화성시,남양읍,남양30리,7반,남양리 2310 남양뉴타운 C-2블럭 리젠시빌란트 107동
화성시,남양읍,남양31리,1반,남양리 2039부터 2044까지
화성시,남양읍,남양31리,2반,남양리 2045-1부터 2046-21까지 및 2049-1부터 2050-28까지
화성시,남양읍,남양31리,3반,남양리 2051-1부터 2054-21까지
화성시,남양읍,남양31리,4반,남양리 2055-1부터 2059까지
화성시,남양읍,남양32리,1반,"남양리 1682부터 1740-5까지, 1748(아이리스오피스텔), 2282부터 2291-3까지, 2292부터 2298-7까지, 2302부터 2309-4까지 및 2311부터 2311-6까지"
화성시,남양읍,남양32리,2반,남양리 2257-1부터 2268-8까지
화성시,남양읍,남양32리,3반,남양리 2269-1부터 2274-16까지 및 2275-1부터 2281-6까지
화성시,남양읍,남양32리,4반,"남양리 1436-5부터 1436-44까지, 2208-1부터 2217까지 및 2222-1부터 2232-10까지"
화성시,읍면동,통리,반,관 할 구 역
화성시,남양읍,신남1리,1반,신남리 132~652
화성시,남양읍,신남1리,2반,신남리 653~688
화성시,남양읍,신남1리,3반,신남리 689~732
화성시,남양읍,신남2리,1반,신남리 800~900
화성시,남양읍,신남2리,2반,신남리 910~980
화성시,남양읍,신남3리,1반,신남리 1000~1300
화성시,남양읍,신남3리,2반,신남리 1400~1600
화성시,남양읍,신남3리,3반,신남리 1700~1760
화성시,남양읍,신남3리,4반,신남리 1761~1850
화성시,남양읍,신남4리,1반,"신남리 156~228, 산84~산96"
화성시,남양읍,신남4리,2반,"신남리 1-5부터 1-15까지, 37부터 124까지(39는 제외한다), 176 및 산40부터 산84까지(산40-8, 산67-8, 산67-9, 산67-15 및 산72-1은 제외한다)"
화성시,남양읍,신남4리,3반,"신남리 229~407, 산100~산113"
화성시,남양읍,신남4리,4반,"신남리 393의1, 393의5, 408~525, 산113~산124의1, 산139, 산141의1"
화성시,남양읍,신남4리,5반,"신남리 197, 198(에델하임), 199의1, 산92의1, 산96"
화성시,남양읍,신남4리,6반,"신남리 1~36, 산64~67"
화성시,남양읍,신남4리,7반,"신남리 36-6~-21, 36-23~-30 (블랑쉬타운 제외)"
화성시,남양읍,신남4리,8반,"신남리36-4, 36-5, 36-22 (블랑쉬타운)"
화성시,남양읍,신남5리,1반,신남리 25-9 기산베스트빌 101동
화성시,남양읍,신남5리,2반,신남리 25-9 기산베스트빌 102동
화성시,남양읍,신남5리,3반,신남리 25-9 기산베스트빌 103동
화성시,남양읍,신남5리,4반,신남리 25-9 기산베스트빌 104동
화성시,남양읍,신남6리,1반,신남리 1563 대광파인밸리골드 201동
화성시,남양읍,신남6리,2반,신남리 1563 대광파인밸리골드 202동
화성시,남양읍,신남6리,3반,신남리 1563 대광파인밸리골드 203동
화성시,남양읍,신남6리,4반,신남리 1563 대광파인밸리골드 204동
화성시,남양읍,신남6리,5반,신남리 1563 대광파인밸리골드 205동
화성시,남양읍,신남6리,6반,신남리 1563 대광파인밸리골드 206동
화성시,남양읍,신남6리,7반,신남리 1563 대광파인밸리골드 207동
화성시,남양읍,신남7리,1반,신남리 산40-8 화성시청역서희스타힐스 1차 101동
화성시,남양읍,신남7리,2반,신남리 산40-8 화성시청역서희스타힐스 1차 102동
화성시,남양읍,신남7리,3반,신남리 산40-8 화성시청역서희스타힐스 1차 103동
화성시,남양읍,신남7리,4반,신남리 산40-8 화성시청역서희스타힐스 1차 104동
화성시,남양읍,신남7리,5반,신남리 산40-8 화성시청역서희스타힐스 1차 105동
화성시,남양읍,신남7리,6반,신남리 산40-8 화성시청역서희스타힐스 1차 106동
화성시,남양읍,신남7리,7반,신남리 산40-8 화성시청역서희스타힐스 1차 107동
화성시,남양읍,신남7리,8반,신남리 산40-8 화성시청역서희스타힐스 1차 108동
화성시,남양읍,신남7리,9반,신남리 산40-8 화성시청역서희스타힐스 1차 109동
화성시,남양읍,신남7리,10반,신남리 산40-8 화성시청역서희스타힐스 1차 110동
화성시,남양읍,신남8리,1반,신남리 산67-15 화성시청역서희스타힐스 2차 201동
화성시,남양읍,신남8리,2반,신남리 산67-15 화성시청역서희스타힐스 2차 202동
화성시,남양읍,신남8리,3반,신남리 산67-15 화성시청역서희스타힐스 2차 203동
화성시,남양읍,신남8리,4반,신남리 산67-15 화성시청역서희스타힐스 2차 204동
화성시,남양읍,신남8리,5반,신남리 산67-15 화성시청역서희스타힐스 2차 205동
화성시,남양읍,신남8리,6반,신남리 산67-15 화성시청역서희스타힐스 2차 206동
화성시,남양읍,신남8리,7반,신남리 산67-15 화성시청역서희스타힐스 2차 207동
화성시,남양읍,신남8리,8반,신남리 산67-15 화성시청역서희스타힐스 2차 208동
화성시,남양읍,신남8리,9반,신남리 산67-15 화성시청역서희스타힐스 2차 209동
화성시,남양읍,신남8리,10반,신남리 산67-15 화성시청역서희스타힐스 2차 210동
화성시,남양읍,신남8리,11반,신남리 산67-15 화성시청역서희스타힐스 2차 211동
화성시,읍면동,통리,반,관 할 구 역
화성시,남양읍,신남9리,1반,신남리 39 화성시청역서희스타힐스 3차 301동
화성시,남양읍,신남9리,2반,신남리 39 화성시청역서희스타힐스 3차 302동
화성시,남양읍,신남9리,3반,신남리 39 화성시청역서희스타힐스 3차 303동
화성시,남양읍,신남9리,4반,신남리 39 화성시청역서희스타힐스 3차 304동
화성시,남양읍,신남9리,5반,신남리 39 화성시청역서희스타힐스 3차 305동
화성시,남양읍,신남9리,6반,신남리 39 화성시청역서희스타힐스 3차 306동
화성시,남양읍,신남9리,7반,신남리 39 화성시청역서희스타힐스 3차 307동
화성시,남양읍,신남9리,8반,신남리 39 화성시청역서희스타힐스 3차 308동
화성시,남양읍,신남10리,1반,화성시청역서희스타힐스 4차 101동
화성시,남양읍,신남10리,2반,화성시청역서희스타힐스 4차 102동
화성시,남양읍,신남10리,3반,화성시청역서희스타힐스 4차 103동
화성시,남양읍,신남10리,4반,화성시청역서희스타힐스 4차 104동
화성시,남양읍,신남10리,5반,화성시청역서희스타힐스 4차 105동
화성시,남양읍,신남10리,6반,화성시청역서희스타힐스 4차 106동
화성시,남양읍,신남10리,7반,화성시청역서희스타힐스 4차 107동
화성시,남양읍,신남10리,8반,화성시청역서희스타힐스 4차 201동
화성시,남양읍,신남10리,9반,화성시청역서희스타힐스 4차 202동
화성시,남양읍,신남10리,10반,화성시청역서희스타힐스 4차 203동
화성시,남양읍,신남10리,11반,화성시청역서희스타힐스 4차 204동
화성시,남양읍,신남10리,12반,화성시청역서희스타힐스 4차 205동
화성시,남양읍,신남10리,13반,화성시청역서희스타힐스 4차 206동
화성시,남양읍,신남10리,14반,화성시청역서희스타힐스 4차 207동
화성시,남양읍,신남10리,15반,화성시청역서희스타힐스 4차 208동
화성시,남양읍,신남10리,16반,화성시청역서희스타힐스 4차 209동
화성시,남양읍,신남10리,17반,화성시청역서희스타힐스 4차 210동
화성시,남양읍,신남10리,18반,화성시청역서희스타힐스 4차 211동
화성시,남양읍,신남10리,19반,화성시청역서희스타힐스 4차 212동
화성시,남양읍,신남10리,20반,화성시청역서희스타힐스 4차 213동
화성시,남양읍,장덕1리,1반,장덕리 543~571
화성시,남양읍,장덕1리,2반,장덕리 359~389
화성시,남양읍,장덕1리,3반,장덕리 660~714
화성시,남양읍,장덕1리,4반,장덕리 700~727
화성시,남양읍,장덕1리,5반,장덕리 906~921
화성시,남양읍,장덕2리,1반,장덕리 111~119
화성시,남양읍,장덕2리,2반,"장덕리 27의1의11~110, 120~301"
화성시,남양읍,장덕2리,3반,장덕리 310~336
화성시,남양읍,안석1리,1반,안석리 101~209
화성시,남양읍,안석1리,2반,안석리 33~110
화성시,남양읍,안석1리,3반,안석리 210~279
화성시,남양읍,안석1리,4반,안석리 280~299
화성시,남양읍,안석2리,1반,안석리 300~400
화성시,남양읍,안석2리,2반,안석리 401~499
화성시,남양읍,안석2리,3반,안석리 1~32
화성시,읍면동,통리,반,관 할 구 역
화성시,남양읍,활초리,1반,활초리 180~291
화성시,남양읍,활초리,2반,활초리 92~179
화성시,남양읍,활초리,3반,활초리 319~355
화성시,남양읍,활초리,4반,활초리 355~473
화성시,남양읍,활초리,5반,활초리 475~519
화성시,남양읍,활초리,6반,활초리 520~604
화성시,남양읍,온석1리,1반,"온석리 산29-1, 95~114"
화성시,남양읍,온석1리,2반,"온석리 산1, 260, 115~123"
화성시,남양읍,온석2리,1반,온석리 330~355
화성시,남양읍,온석2리,2반,"온석리 290~330, 356~370"
화성시,남양읍,온석2리,3반,온석리 371~395
화성시,남양읍,무송1리,1반,무송리 1~99
화성시,남양읍,무송1리,2반,무송리 100~298
화성시,남양읍,무송2리,1반,무송리 299~349
화성시,남양읍,무송2리,2반,무송리 350~474
화성시,남양읍,무송2리,3반,무송리 475~555
화성시,남양읍,무송3리,1반,무송리 642 금광포란재아파트 101동 무송리 642-1 금광포란재아파트 상가동
화성시,남양읍,무송3리,2반,무송리 642 금광포란재아파트 102동
화성시,남양읍,무송3리,3반,무송리 642 금광포란재아파트 103동
화성시,남양읍,무송3리,4반,무송리 642 금광포란재아파트 104동
화성시,남양읍,북양1리,1반,북양리 240~274
화성시,남양읍,북양1리,2반,북양리 215~240
화성시,남양읍,북양1리,3반,북양리 5~120
화성시,남양읍,북양2리,1반,북양리 308~332
화성시,남양읍,북양2리,2반,북양리 453~509
화성시,남양읍,북양3리,1반,"북양리 527, 553~567"
화성시,남양읍,북양3리,2반,"북양리 534~552, 568~647"
화성시,남양읍,북양3리,3반,"북양리 500~533, 613~642"
화성시,남양읍,송림1리,1반,송림리 155~273
화성시,남양읍,송림1리,2반,송림리 310~343
화성시,남양읍,송림1리,3반,송림리 11~48
화성시,남양읍,송림2리,1반,송림리 412~546
화성시,남양읍,송림2리,2반,송림리 547~673
화성시,남양읍,수화1리,1반,"수화리 산22, 1~146"
화성시,남양읍,수화1리,2반,수화리 147~234
화성시,남양읍,수화1리,3반,수화리 286~323
화성시,남양읍,수화1리,4반,"수화리 234~285, 323~406"
화성시,읍면동,통리,반,관 할 구 역
화성시,남양읍,수화2리,1반,수화리 643~667
화성시,남양읍,수화2리,2반,수화리 668~704
화성시,남양읍,수화2리,3반,수화리 705~741
화성시,남양읍,장전리,1반,"장전리 50~316, 343~360"
화성시,남양읍,장전리,2반,장전리 317~342
화성시,남양읍,장전리,3반,장전리 389~400
화성시,남양읍,장전리,4반,장전리 401~410
화성시,남양읍,장전리,5반,장전리 520~623
화성시,남양읍,장전리,6반,장전리 457~462
화성시,남양읍,신외1리,1반,신외리 591~606
화성시,남양읍,신외1리,2반,신외리 502~590
화성시,남양읍,신외1리,3반,신외리 486~501
화성시,남양읍,신외1리,4반,신외리 444~435
화성시,남양읍,신외2리,1반,신외리 215~233
화성시,남양읍,신외2리,2반,신외리 234~265
화성시,남양읍,신외2리,3반,"신외리 184~21, 286~302"
화성시,남양읍,문호1리,1반,문호리 산7~93
화성시,남양읍,문호1리,2반,문호리 100~380
화성시,남양읍,문호2리,1반,문호리 430~612
화성시,남양읍,문호2리,2반,문호리 613~705
화성시,남양읍,문호2리,3반,문호리 706~851
화성시,남양읍,시1리,1반,시리 437~573
화성시,남양읍,시1리,2반,"시리 447~662, 663~668"
화성시,남양읍,시2리,1반,"시리 153~181, 358~369"
화성시,남양읍,시2리,2반,시리 181~243
화성시,남양읍,원천리,1반,"원천리 11~85, 107, 252"
화성시,남양읍,원천리,2반,"원천리 93~106, 108~251, 253~304"
화성시,남양읍,원천리,3반,원천리 321~450
화성시,남양읍,원천리,4반,원천리 176~183
화성시,남양읍,원천리,5반,원천리 566~567
화성시,읍면동,통리,반,관할구역
화성시,매송면,천천1리,1반,"천천리 181, 200"
화성시,매송면,천천1리,2반,"천천리 201, 290(203, 203-1, 203-7제외)"
화성시,매송면,천천1리,3반,"천천리 94, 140"
화성시,매송면,천천1리,4반,"천천리 114-1, 114-4(소망빌라)"
화성시,매송면,천천1리,5반,"천천리 197, 198"
화성시,매송면,천천1리,6반,"천천리 203, 203-1, 203-7(대우주택)"
화성시,매송면,천천2리,1반,"천천리 147~151, 163, 171~177, 181~184"
화성시,매송면,천천2리,2반,"천천리 산59-1, 산62-1, 산64-1, 344-8~373-2, 산52"
화성시,매송면,천천2리,3반,천천리 173(우정빌라)
화성시,매송면,천천2리,4반,"천천리 172(성광빌라), 172-7(성광상가)"
화성시,매송면,천천2리,5반,천천리 344(경인빌라)
화성시,매송면,천천2리,6반,천천리 345(우정빌라)
화성시,매송면,천천3리,1반,"천천리 92, 93"
화성시,매송면,천천3리,2반,"천천리 92, 93"
화성시,매송면,천천3리,3반,"천천리 92, 93"
화성시,매송면,천천4리,1반,천천리 34~43
화성시,매송면,천천4리,2반,"천천리 80~135-2, 산25~산41-1"
화성시,매송면,천천5리,1반,"천천리 148, 152-3~171-1, 190~194-2, 205-7~205-25"
화성시,매송면,천천5리,2반,천천리 159(우정빌라)
화성시,매송면,천천5리,3반,천천리 188(경인빌라)
화성시,매송면,천천5리,4반,천천리 152(천천빌라)
화성시,매송면,천천5리,5반,천천리 156(동천빌라)
화성시,매송면,천천5리,6반,천천리 205(한중빌라)
화성시,매송면,천천5리,7반,천천리 152(보성빌라)
화성시,매송면,천천5리,8반,천천리 205(청구빌라)
화성시,매송면,천천5리,9반,천천리 168(가원빌라)
화성시,매송면,천천5리,10반,천천리 168(다성빌라)
화성시,매송면,천천5리,11반,천천리 154(우정빌라)
화성시,매송면,원평1리,1반,원평리 산15(군인관사)
화성시,매송면,원평1리,2반,"원평리 135, 151, 220, 233"
화성시,매송면,원평1리,3반,"원평리 103, 106, 108, 114"
화성시,매송면,원평1리,4반,원평리 105~112
화성시,매송면,원평2리,1반,원평리 504~525
화성시,매송면,원평2리,2반,원평리 309~461
화성시,매송면,원평3리,1반,"원평리 95, 97"
화성시,읍면동,통리,반,관 할 구 역
화성시,매송면,원평3리,2반,"원평리 64, 79, 81"
화성시,매송면,원평3리,3반,원평리 96(은방울빌라)
화성시,매송면,원평3리,4반,원평리 78-7~78-12(대성하이츠빌라)
화성시,매송면,원평3리,5반,"원평리 91-14, 91-16(금강빌라)"
화성시,매송면,원평4리,1반,"원평리 산2, 7, 44, 64"
화성시,매송면,원평4리,2반,원평리 64
화성시,매송면,원평4리,3반,원평리 65
화성시,매송면,원평4리,4반,"원평리 77-1~77-3, 77-6, 77-11, 77-15(장미빌라)"
화성시,매송면,원평4리,5반,"원평리 75-5, 75-6, 75-11, 75-18, 76-22, 76-25~76-27, 78"
화성시,매송면,어천1리,1반,어천리 362~419
화성시,매송면,어천1리,2반,어천리 245~343
화성시,매송면,어천1리,3반,어천리 344~360
화성시,매송면,어천2리,1반,어천리 산6~산93
화성시,매송면,어천2리,2반,어천리 221~332
화성시,매송면,어천2리,3반,"어천리 333, 427"
화성시,매송면,어천2리,4반,어천리 429~458
화성시,매송면,어천2리,5반,어천리 330-2
화성시,매송면,숙곡1리,1반,숙곡리 131~195
화성시,매송면,숙곡1리,2반,숙곡리 81~196
화성시,매송면,숙곡1리,3반,숙곡리 196~331
화성시,매송면,숙곡1리,4반,숙곡리 366~452
화성시,매송면,숙곡2리,1반,숙곡리 507~555
화성시,매송면,숙곡2리,2반,숙곡리 562~609
화성시,매송면,야목1리,1반,야목리 952~970
화성시,매송면,야목1리,2반,야목리 868~921
화성시,매송면,야목1리,3반,야목리 620~510
화성시,매송면,야목2리,1반,야목리 530~620
화성시,매송면,야목2리,2반,야목리 510~521
화성시,매송면,야목2리,3반,야목리 460~510
화성시,매송면,야목2리,4반,야목리 247~456
화성시,매송면,야목3리,1반,야목리 301~521
화성시,매송면,야목3리,2반,야목리 335~360
화성시,매송면,야목4리,1반,야목리 175
화성시,매송면,야목4리,2반,야목리 171~174
화성시,매송면,야목4리,3반,야목리 167~170
화성시,매송면,야목5리,1반,야목리 1300 휴먼시아아파트 101동
화성시,매송면,야목5리,2반,야목리 1300 휴먼시아아파트 102동
화성시,매송면,야목5리,3반,야목리 1300 휴먼시아아파트 103동
화성시,매송면,야목5리,4반,야목리 1300 휴먼시아아파트 104동
화성시,읍면동,통리,반,관 할 구 역
화성시,매송면,야목5리,5반,야목리 1300 휴먼시아아파트 105동
화성시,매송면,야목5리,6반,야목리 1300 휴먼시아아파트 106동
화성시,매송면,야목5리,7반,야목리 1300 휴먼시아아파트 107동
화성시,매송면,야목5리,8반,야목리 1300 휴먼시아아파트 108동
화성시,매송면,야목5리,9반,"야목리 1300 휴먼시아아파트 109동, 1301?1306"
화성시,매송면,송라1리,1반,송라리 607~635
화성시,매송면,송라1리,2반,송라리 126~607
화성시,매송면,송라1리,3반,송라리 126~509
화성시,매송면,송라2리,1반,송라리 252~328
화성시,매송면,송라2리,2반,송라리 240~290
화성시,매송면,송라2리,3반,송라리 111~150
화성시,매송면,송라2리,4반,송라리 64~190
화성시,매송면,원리,1반,"원리 261~263-2, 264"
화성시,매송면,원리,2반,원리 174~200
화성시,매송면,원리,3반,원리 111~170
화성시,매송면,원리,4반,원리 35~110
화성시,매송면,원리,5반,"원리 263-3, 264-4(백운연립)"
화성시,읍면동,통리,반,관 할 구 역
화성시,비봉면,양노1리,1반,"양노리 산1부터 산9까지 및 148부터 288까지(253, 279부터 281 까지 및 280-26은 제외한다)"
화성시,비봉면,양노1리,2반,양노리 289부터 310까지
화성시,비봉면,양노1리,3반,양노리 253(명성로즈빌)
화성시,비봉면,양노1리,4반,"양노리 279부터 280까지(스타캐슬 101동, 102동)"
화성시,비봉면,양노1리,5반,"양노리 281(스타캐슬 201동, 202동)"
화성시,비봉면,양노1리,6반,양노리 280-26(씨티아이파크)
화성시,비봉면,양노2리,1반,양노리 24~75
화성시,비봉면,양노2리,2반,양노리 61~165
화성시,비봉면,양노2리,3반,양노리 13~166
화성시,비봉면,양노2리,4반,양노리 166~
화성시,비봉면,양노3리,1반,양노리 522~627
화성시,비봉면,양노3리,2반,양노리 602~산101
화성시,비봉면,양노3리,3반,양노리 389~450
화성시,비봉면,양노4리,1반,양노리 850 천산스카이빌 101동
화성시,비봉면,양노4리,2반,양노리 850 천산스카이빌 102동
화성시,비봉면,양노4리,3반,양노리 850 천산스카이빌 103동
화성시,비봉면,남전1리,1반,남전리 30~49
화성시,비봉면,남전1리,2반,남전리 460~468
화성시,비봉면,남전1리,3반,남전리 403~408
화성시,비봉면,남전1리,4반,남전리 279~349
화성시,비봉면,남전2리,1반,남전리 475~536
화성시,비봉면,남전2리,2반,"남전리 461~474, 537~590"
화성시,비봉면,남전2리,3반,"남전리 35~278, 359~425"
화성시,비봉면,남전2리,4반,남전리 279~358
화성시,비봉면,유포1리,1반,유포리 309~337
화성시,비봉면,유포1리,2반,유포리 120~300
화성시,비봉면,유포1리,3반,유포리 96~120
화성시,비봉면,유포2리,1반,유포리 80~81
화성시,비봉면,유포2리,2반,유포리 80~81
화성시,비봉면,유포2리,3반,유포리 80~93
화성시,비봉면,삼화1리,1반,삼화리 1021부터 1030까지 및 1037부터 1064까지
화성시,비봉면,삼화1리,2반,삼화리 950부터 1036까지(1021부터 1030까지는 제외한다)
화성시,비봉면,삼화1리,3반,삼화리 773부터 825까지
화성시,비봉면,삼화1리,4반,삼화리 847부터 912까지
화성시,읍면동,통리,반,관 할 구 역
화성시,비봉면,삼화2리,1반,삼화리 631부터 711까지(650 및 651은 제외한다) 및 1701부터 1758까지
화성시,비봉면,삼화2리,2반,삼화리 712부터 771까지 및 1633부터 1700까지
화성시,비봉면,삼화3리,1반,"삼화리 591부터 630까지, 650, 651, 1262부터 1632까지, 산61 및 산62"
화성시,비봉면,삼화3리,2반,삼화리 511부터 588까지(513부터 548까지는 제외한다) 및 1759부터 1802까지
화성시,비봉면,삼화3리,3반,삼화리 541부터 548까지(541-24 및 541-25는 제외한다)
화성시,비봉면,삼화3리,4반,"삼화리 513부터 540까지, 541-24 및 541-25(한림빌라, 삼기빌라)"
화성시,비봉면,삼화4리,1반,"삼화리 258~314-2, 357~381-6, 산58-15, 산58-16, 산69"
화성시,비봉면,삼화4리,2반,"삼화리 315~356-6, 381-1~511, 산70, 산71, 산72-1, 산73-1, 산74-2, 산77, 산78, 산79-2, 산80-2, 산81-2, 산83~산85, 산87, 산87-1, 산87-2, 산88-1, 산88-3, 산89-1, 산89-2"
화성시,비봉면,삼화5리,1반,삼화리 1~199
화성시,비봉면,삼화5리,2반,삼화리 200~257
화성시,비봉면,삼화6리,1반,비봉 공공주택지구 B-1BL 201동
화성시,비봉면,삼화6리,2반,비봉 공공주택지구 B-1BL 202동
화성시,비봉면,삼화6리,3반,비봉 공공주택지구 B-1BL 203동
화성시,비봉면,삼화6리,4반,비봉 공공주택지구 B-1BL 204동
화성시,비봉면,삼화6리,5반,비봉 공공주택지구 B-1BL 205동
화성시,비봉면,삼화7리,1반,비봉 공공주택지구 A-3BL 301동
화성시,비봉면,삼화7리,2반,비봉 공공주택지구 A-3BL 302동
화성시,비봉면,삼화7리,3반,비봉 공공주택지구 A-3BL 303동
화성시,비봉면,삼화7리,4반,비봉 공공주택지구 A-3BL 304동
화성시,비봉면,삼화7리,5반,비봉 공공주택지구 A-3BL 305동
화성시,비봉면,삼화7리,6반,비봉 공공주택지구 A-3BL 306동
화성시,비봉면,삼화7리,7반,비봉 공공주택지구 A-3BL 307동
화성시,비봉면,삼화7리,8반,비봉 공공주택지구 A-3BL 308동
화성시,비봉면,삼화7리,9반,비봉 공공주택지구 A-3BL 309동
화성시,비봉면,삼화7리,10반,비봉 공공주택지구 A-3BL 310동
화성시,비봉면,삼화7리,11반,비봉 공공주택지구 A-3BL 311동
화성시,비봉면,삼화8리,1반,비봉 공공주택지구 A-5BL 501동
화성시,비봉면,삼화8리,2반,비봉 공공주택지구 A-5BL 502동
화성시,비봉면,삼화8리,3반,비봉 공공주택지구 A-5BL 503동
화성시,비봉면,삼화8리,4반,비봉 공공주택지구 A-5BL 504동
화성시,비봉면,삼화8리,5반,비봉 공공주택지구 A-5BL 505동
화성시,비봉면,삼화8리,6반,비봉 공공주택지구 A-5BL 506동
화성시,읍면동,통리,반,관 할 구 역
화성시,비봉면,삼화9리,1반,비봉 공공주택지구 B-2BL 화성 비봉 호반 써밋 201동
화성시,비봉면,삼화9리,2반,비봉 공공주택지구 B-2BL 화성 비봉 호반 써밋 202동
화성시,비봉면,삼화9리,3반,비봉 공공주택지구 B-2BL 화성 비봉 호반 써밋 203동
화성시,비봉면,삼화9리,4반,비봉 공공주택지구 B-2BL 화성 비봉 호반 써밋 204동
화성시,비봉면,삼화9리,5반,비봉 공공주택지구 B-2BL 화성 비봉 호반 써밋 205동
화성시,비봉면,삼화9리,6반,비봉 공공주택지구 B-2BL 화성 비봉 호반 써밋 206동
화성시,비봉면,삼화9리,7반,비봉 공공주택지구 B-2BL 화성 비봉 호반 써밋 207동
화성시,비봉면,삼화9리,8반,비봉 공공주택지구 B-2BL 화성 비봉 호반 써밋 208동
화성시,비봉면,삼화10리,1반,비봉 공공주택지구 B-3BL 화성 비봉 예미지 센트럴 에듀 101동
화성시,비봉면,삼화10리,2반,비봉 공공주택지구 B-3BL 화성 비봉 예미지 센트럴 에듀 102동
화성시,비봉면,삼화10리,3반,비봉 공공주택지구 B-3BL 화성 비봉 예미지 센트럴 에듀 103동
화성시,비봉면,삼화10리,4반,비봉 공공주택지구 B-3BL 화성 비봉 예미지 센트럴 에듀 104동
화성시,비봉면,삼화10리,5반,비봉 공공주택지구 B-3BL 화성 비봉 예미지 센트럴 에듀 105동
화성시,비봉면,삼화10리,6반,비봉 공공주택지구 B-3BL 화성 비봉 예미지 센트럴 에듀 106동
화성시,비봉면,삼화10리,7반,비봉 공공주택지구 B-3BL 화성 비봉 예미지 센트럴 에듀 107동
화성시,비봉면,삼화10리,8반,비봉 공공주택지구 B-3BL 화성 비봉 예미지 센트럴 에듀 108동
화성시,비봉면,삼화10리,9반,비봉 공공주택지구 B-3BL 화성 비봉 예미지 센트럴 에듀 109동
화성시,비봉면,삼화10리,10반,비봉 공공주택지구 B-3BL 화성 비봉 예미지 센트럴 에듀 110동
화성시,비봉면,삼화11리,1반,비봉 공공주택지구 B-4BL 화성 비봉 우미린 101동
화성시,비봉면,삼화11리,2반,비봉 공공주택지구 B-4BL 화성 비봉 우미린 102동
화성시,비봉면,삼화11리,3반,비봉 공공주택지구 B-4BL 화성 비봉 우미린 103동
화성시,비봉면,삼화11리,4반,비봉 공공주택지구 B-4BL 화성 비봉 우미린 104동
화성시,비봉면,삼화11리,5반,비봉 공공주택지구 B-4BL 화성 비봉 우미린 105동
화성시,비봉면,삼화11리,6반,비봉 공공주택지구 B-4BL 화성 비봉 우미린 106동
화성시,비봉면,삼화11리,7반,비봉 공공주택지구 B-4BL 화성 비봉 우미린 107동
화성시,비봉면,삼화12리,1반,비봉 공공주택지구 A-4BL 401동
화성시,비봉면,삼화12리,2반,비봉 공공주택지구 A-4BL 402동
화성시,비봉면,삼화12리,3반,비봉 공공주택지구 A-4BL 403동
화성시,비봉면,삼화12리,4반,비봉 공공주택지구 A-4BL 404동
화성시,비봉면,삼화12리,5반,비봉 공공주택지구 A-4BL 405동
화성시,비봉면,삼화12리,6반,비봉 공공주택지구 A-4BL 406동
화성시,비봉면,삼화12리,7반,비봉 공공주택지구 A-4BL 407동
화성시,비봉면,삼화12리,8반,비봉 공공주택지구 A-4BL 408동
화성시,비봉면,삼화12리,9반,비봉 공공주택지구 A-4BL 409동
화성시,비봉면,삼화12리,10반,비봉 공공주택지구 A-4BL 410동
화성시,읍면동,통리,반,관 할 구 역
화성시,비봉면,구포1리,1반,"구포리 511~543, 575~594"
화성시,비봉면,구포1리,2반,"구포리 547~566, 820~833"
화성시,비봉면,구포1리,3반,"구포리 567~574, 793~819"
화성시,비봉면,구포1리,4반,"구포리 389~419, 595~621"
화성시,비봉면,구포2리,1반,"구포리 800~967(800-8, 비봉공공주택지구 제외)"
화성시,비봉면,구포2리,2반,"구포리 732~790(764-3, 764-6, 782-3, 782-7 제외), 800-8(우리주택)"
화성시,비봉면,구포2리,3반,구포리 606~731
화성시,비봉면,구포2리,4반,"구포리 782-3, 782-7(동산빌라)"
화성시,비봉면,구포2리,5반,"구포리 764-3, 764-6(윤경빌라)"
화성시,비봉면,구포3리,1반,구포리 1부터 130까지
화성시,비봉면,구포3리,2반,구포리 131부터 288까지
화성시,비봉면,구포4리,1반,"구포리 872-1(화성비봉LH1단지, 101동)"
화성시,비봉면,구포4리,2반,"구포리 872-1(화성비봉LH1단지, 102동)"
화성시,비봉면,구포4리,3반,"구포리 872-1(화성비봉LH1단지, 103동)"
화성시,비봉면,구포5리,1반,"구포리 874-2(화성비봉LH2단지, 201동, 202동)"
화성시,비봉면,구포5리,2반,"구포리 874-2(화성비봉LH2단지, 203동)"
화성시,비봉면,쌍학1리,1반,"쌍학리 산4, 166~195, 417, 417-1, 417-2, 412-2, 413-1, 415-1, 556~559, 558-3, 580"
화성시,비봉면,쌍학1리,2반,쌍학리 196~355
화성시,비봉면,쌍학2리,1반,"쌍학리 356~412-1, 413-2~415, 416, 418~449"
화성시,비봉면,쌍학2리,2반,쌍학리 450~486
화성시,비봉면,쌍학3리,1반,"쌍학리 516~555, 560~579, 581~639"
화성시,비봉면,쌍학3리,2반,쌍학리 642~669
화성시,비봉면,쌍학3리,3반,쌍학리 670~844
화성시,비봉면,쌍학4리,1반,쌍학리 산8~94-5
화성시,비봉면,청요1리,1반,청요리 301~353
화성시,비봉면,청요1리,2반,청요리 410~450
화성시,비봉면,청요2리,1반,청요리 150~175
화성시,비봉면,청요2리,2반,청요리 74~167
화성시,비봉면,청요3리,1반,청요리 514~622
화성시,비봉면,청요3리,2반,청요리 411~517
화성시,비봉면,청요3리,3반,청요리 754~815
화성시,비봉면,자안1리,1반,자안리 1~193
화성시,비봉면,자안1리,2반,자안리 194~223
화성시,비봉면,자안1리,3반,자안리 224~299
화성시,비봉면,자안1리,4반,"자안리 300~408 (363~383, 387~396 제외)"
화성시,비봉면,자안2리,1반,"자안리 363~383, 387~396, 409~489"
화성시,비봉면,자안2리,2반,"자안리 490~615 (571~581, 605~609 제외)"
화성시,비봉면,자안2리,3반,"자안리 571~581, 605~609, 616~730 (721~728 제외)"
화성시,비봉면,자안2리,4반,"자안리 721~728, 731~857"
화성시,읍면동,통리,반,관 할 구 역
화성시,마도면,석교1리,1반,석교리 212?233
화성시,마도면,석교1리,2반,석교리 234?246
화성시,마도면,석교1리,3반,"석교리 238-7(교정아파트, 화성외국인보호소 관사)"
화성시,마도면,석교2리,1반,석교리 382?572
화성시,마도면,석교3리,1반,"석교리 180?211, 248?286 산12"
화성시,마도면,석교3리,2반,석교리 110?155
화성시,마도면,석교3리,3반,석교리 6?82
화성시,마도면,두곡1리,1반,"두곡리 145?188, 409?417, 419?420, 445?510"
화성시,마도면,두곡1리,2반,"두곡리 42?66, 189?216"
화성시,마도면,두곡1리,3반,"두곡리 90?121, 218?315"
화성시,마도면,두곡1리,4반,두곡리 260
화성시,마도면,두곡2리,1반,"두곡리 364~399,418, 424~444, 산79-4"
화성시,마도면,두곡2리,2반,두곡리 389-1(양지빌라)
화성시,마도면,두곡2리,3반,"두곡리 364-1, 364-6(시흥주택마도빌라)"
화성시,마도면,두곡2리,4반,두곡리 590(백상화인빌아파트 1~4호열)
화성시,마도면,두곡2리,5반,두곡리 590(백상화인빌아파트 5~8호열)
화성시,마도면,두곡3리,1반,"두곡리 319~363, 400~406"
화성시,마도면,두곡3리,2반,두곡리 328-3(2차성도하이츠빌라)
화성시,마도면,두곡3리,3반,두곡리 325-1(미도그린빌라)
화성시,마도면,두곡3리,4반,두곡리 402-7(1차성도하이츠빌라)
화성시,마도면,송정1리,1반,"송정리 1?147, 산1, 530(송정공단)"
화성시,마도면,송정1리,2반,"송정리 154?242, 471, 503?506, 624"
화성시,마도면,송정1리,3반,"송정리 277, 304?458, 산127"
화성시,마도면,송정2리,1반,송정리 543?788
화성시,마도면,쌍송1리,1반,"쌍송리 1?59, 87?93, 255?265"
화성시,마도면,쌍송1리,2반,쌍송리 63?74
화성시,마도면,쌍송1리,3반,쌍송리 150?165
화성시,마도면,쌍송1리,4반,"쌍송리 78?80, 99?147"
화성시,마도면,쌍송2리,1반,"쌍송리 197?254, 266?324, 329?340, 412?454, 산89-4"
화성시,마도면,쌍송2리,2반,"쌍송리 455?468,487?536"
화성시,마도면,쌍송2리,3반,"쌍송리 387?405, 469?486, 540?621"
화성시,마도면,쌍송2리,4반,"쌍송리 325?328, 348?386"
화성시,마도면,쌍송3리,1반,"쌍송리 182?193, 240"
화성시,마도면,쌍송3리,2반,쌍송리 662?692(마도산업단지)
화성시,마도면,청원1리,1반,"청원리 73-1.-2,-5, 74?106, 111?196"
화성시,마도면,청원1리,2반,청원리 198?231
화성시,마도면,청원1리,3반,"청원리 270?294, 307, 314?319"
화성시,마도면,청원1리,4반,"청원리 258?268, 295?306, 308?312, 320?348, 354?417, 423?424, 1114?1116, 산54"
화성시,마도면,청원2리,1반,"청원리 681?688, 726?812, 817?847"
화성시,마도면,청원2리,2반,"청원리 576?582, 679?680, 690?724, 814?816, 848?954, 산203, 산247"
화성시,읍면동,통리,반,관 할 구 역
화성시,마도면,청원3리,1반,"청원리 349?352, 1168"
화성시,마도면,청원4리,1반,"청원리 419?422,434?502,527?575, 586"
화성시,마도면,청원4리,2반,"청원리 232?257,425?433,505?526,산170-2"
화성시,마도면,청원4리,3반,"청원리 1?72, 73-3, -4,-6, 107?110, 601?612"
화성시,마도면,슬항1리,1반,슬항리 441?562
화성시,마도면,슬항1리,2반,슬항리 563?595
화성시,마도면,슬항1리,3반,"슬항리 600?632, 산47"
화성시,마도면,슬항2리,1반,"슬항리 4?58, 281?341, 산4-1"
화성시,마도면,슬항2리,2반,"슬항리 226?278, 388?470"
화성시,마도면,슬항3리,1반,"슬항리 203?210, 219?220"
화성시,마도면,슬항3리,2반,슬항리 214?217
화성시,마도면,해문1리,1반,"해문리 1?88, 105?114, 산1"
화성시,마도면,해문1리,2반,"해문리 91?92, 122?168"
화성시,마도면,해문1리,3반,"해문리 189?211, 313?321"
화성시,마도면,해문1리,4반,해문리 236?270
화성시,마도면,해문2리,1반,해문리 369?417
화성시,마도면,해문2리,2반,"해문리 282?292, 325?333, 426?441"
화성시,마도면,해문2리,3반,해문리 443?468
화성시,마도면,해문2리,4반,해문리 475?519
화성시,마도면,백곡1리,1반,"백곡리 3?88, 산36"
화성시,마도면,백곡1리,2반,"백곡리 104?229, 산113"
화성시,마도면,백곡1리,3반,백곡리 251?281
화성시,마도면,백곡2리,1반,"백곡리 654?741, 산55"
화성시,마도면,백곡2리,2반,"백곡리 457?653, 산190-1"
화성시,마도면,백곡2리,3반,"백곡리 283?309, 384?394, 406?442"
화성시,마도면,백곡2리,4반,백곡리 317?344
화성시,마도면,금당1리,1반,금당리 27~962
화성시,마도면,금당1리,2반,금당리 103~397
화성시,마도면,금당2리,1반,금당리 394~450
화성시,마도면,금당2리,2반,금당리 436~450
화성시,마도면,금당2리,3반,금당리 351~384
화성시,마도면,금당2리,4반,금당리 270~285
화성시,마도면,금당2리,5반,금당리 586~581
화성시,마도면,고모1리,1반,"고모리 113?177, 181?183, 192?212, 240?297"
화성시,마도면,고모1리,2반,"고모리 74?95, 179?180, 184?190, 213?216, 302?339"
화성시,마도면,고모2리,1반,"고모리 502?506, 520?625, 산3-3"
화성시,마도면,고모2리,2반,"고모리 1?16, 434?498, 508?519"
화성시,마도면,고모2리,3반,"고모리 372?384, 663?681"
화성시,읍면동,통리,반,관 할 구 역
화성시,송산면,사강1리,1반,사강리 558~583
화성시,송산면,사강1리,2반,사강리 584~594
화성시,송산면,사강1리,3반,사강리 596~609
화성시,송산면,사강1리,4반,사강리 610~630
화성시,송산면,사강1리,5반,사강리 631~681
화성시,송산면,사강1리,6반,사강리 631~681
화성시,송산면,사강2리,1반,"사강리 산90, 490"
화성시,송산면,사강2리,2반,사강리 492~523
화성시,송산면,사강2리,3반,사강리 526~543
화성시,송산면,사강2리,4반,사강리 544~709
화성시,송산면,사강2리,5반,"사강리 707-2, 707-10(수정빌라)"
화성시,송산면,사강3리,1반,사강리 1~502
화성시,송산면,사강3리,2반,사강리 51~993
화성시,송산면,사강3리,3반,사강리 100~200
화성시,송산면,사강3리,4반,사강리 201~253
화성시,송산면,사강3리,5반,사강리 253~300
화성시,송산면,사강4리,1반,사강리 631~643
화성시,송산면,사강4리,2반,사강리 645-2~663-4
화성시,송산면,사강4리,3반,"사강리 663-12~684-6, 800"
화성시,송산면,사강4리,4반,사강리 684-7~689-11
화성시,송산면,사강4리,5반,사강리 689-13~698-3
화성시,송산면,사강4리,6반,"700-1(태성아파트,진우빌라)~700-11, 703, 711-5, 713- 2, 714, 721-1, 728-3, 782, 700-13"
화성시,송산면,봉가1리,1반,봉가리 1~40
화성시,송산면,봉가1리,2반,봉가리 41~81
화성시,송산면,봉가1리,3반,봉가리 82~100
화성시,송산면,봉가1리,4반,봉가리 101~143
화성시,송산면,봉가1리,5반,봉가리 144~210
화성시,송산면,봉가2리,1반,봉가리 308~381
화성시,송산면,봉가2리,2반,봉가리 382~400
화성시,송산면,봉가2리,3반,봉가리 458~524
화성시,송산면,봉가2리,4반,봉가리 525~596
화성시,송산면,봉가2리,5반,봉가리 401~458
화성시,송산면,삼존1리,1반,"삼존리 1-1부터 181-2까지, 183-1부터 203까지 및 207부터 310까지"
화성시,송산면,삼존1리,2반,삼존리 182(전원주택)
화성시,송산면,삼존1리,3반,삼존리 206-34부터 206-114까지(전원주택 등)
화성시,송산면,삼존2리,1반,삼존리 501-546
화성시,송산면,삼존2리,2반,삼존리 402-500
화성시,송산면,삼존2리,3반,삼존리 547-611
화성시,송산면,삼존2리,4반,삼존리 613-652
화성시,송산면,삼존2리,5반,삼존리 300-401
화성시,읍면동,통리,반,관 할 구 역
화성시,송산면,삼존2리,6반,"삼존리 653-709, 산 13"
화성시,송산면,용포1리,1반,용포리 16~73
화성시,송산면,용포1리,2반,용포리 74~135
화성시,송산면,용포1리,3반,용포리 136~192
화성시,송산면,용포1리,4반,용포리 201~299
화성시,송산면,용포2리,1반,용포리 201~299
화성시,송산면,용포2리,2반,용포리 503~586
화성시,송산면,용포2리,3반,용포리 404~498
화성시,송산면,용포2리,4반,용포리 600~657
화성시,송산면,용포2리,5반,용포리 658~699
화성시,송산면,고정1리,1반,고정리 745~913
화성시,송산면,고정1리,2반,고정리 914~966
화성시,송산면,고정1리,3반,고정리 967~1086
화성시,송산면,고정1리,4반,고정리 1086~1113
화성시,송산면,고정2리,1반,고정리 84~161
화성시,송산면,고정2리,2반,고정리 192~236
화성시,송산면,고정2리,3반,고정리 237~314
화성시,송산면,고정2리,4반,고정리 315~389
화성시,송산면,고정2리,5반,고정리 390~471
화성시,송산면,고정2리,6반,고정리 471~556
화성시,송산면,고정2리,7반,고정리 558~628
화성시,송산면,고정3리,1반,고정리 3~83
화성시,송산면,고정3리,2반,고정리 556~1222
화성시,송산면,고정3리,3반,고정리 1223~1238
화성시,송산면,고정4리,1반,고정리 492~500
화성시,송산면,고정4리,2반,고정리 501~573
화성시,송산면,고정4리,3반,고정리 574~700
화성시,송산면,고정4리,4반,고정리 701~744
화성시,송산면,쌍정1리,1반,쌍정리 19~157
화성시,송산면,쌍정1리,2반,쌍정리 158~168
화성시,송산면,쌍정1리,3반,쌍정리 928~1031
화성시,송산면,쌍정1리,4반,쌍정리 1032부터 1330까지
화성시,송산면,쌍정2리,1반,쌍정리 62~251
화성시,송산면,쌍정2리,2반,쌍정리 252~746
화성시,송산면,쌍정2리,3반,쌍정리 861~927
화성시,송산면,쌍정2리,4반,쌍정리 747~860
화성시,송산면,쌍정2리,5반,쌍정리 928~931
화성시,읍면동,통리,반,관 할 구 역
화성시,송산면,천등1리,1반,천등리 433~501
화성시,송산면,천등1리,2반,천등리 502~583
화성시,송산면,천등1리,3반,천등리 583~660
화성시,송산면,천등2리,1반,천등리 10~56
화성시,송산면,천등2리,2반,천등리 57~113
화성시,송산면,천등2리,3반,천등리 114~170
화성시,송산면,천등2리,4반,천등리 171~219
화성시,송산면,천등3리,1반,천등리 276~433
화성시,송산면,신천리,1반,신천리 65~217
화성시,송산면,신천리,2반,신천리 218~371
화성시,송산면,신천리,3반,신천리 372~497
화성시,송산면,신천리,4반,신천리 498~673
화성시,송산면,독지1리,1반,"독지리 621-3, 634-31?692, 712?713-5, 산124"
화성시,송산면,독지1리,2반,"독지리 706-2?710-4, 727-3?735-1"
화성시,송산면,독지1리,3반,독지리 716?726-3
화성시,송산면,독지1리,4반,"독지리 520-6?529-2, 760-3?761-3"
화성시,송산면,독지1리,5반,"독지리 737-1?760-2, 779?874-2, 산158"
화성시,송산면,독지2리,1반,"독지리 185?216-2, 607?624-4"
화성시,송산면,독지2리,2반,"독지리 168-1?183, 218?228-2, 541?600"
화성시,송산면,독지2리,3반,"독지리 53-1?167-3, 275?327, 916-2"
화성시,송산면,독지3리,1반,독지리 산 200
화성시,송산면,마산1리,1반,마산리 100-1~220
화성시,송산면,마산1리,2반,마산리 221~331
화성시,송산면,마산1리,3반,마산리 332~553
화성시,송산면,마산1리,4반,마산리 443~553
화성시,송산면,마산1리,5반,마산리 554~664
화성시,송산면,마산1리,6반,마산리 665~775
화성시,송산면,마산2리,1반,마산리 19~79
화성시,송산면,마산2리,2반,마산리 80~165
화성시,송산면,마산2리,3반,마산리 166~257
화성시,송산면,마산2리,4반,마산리 258~341
화성시,송산면,마산2리,5반,마산리 342~425
화성시,송산면,고포1리,1반,고포리 3~94
화성시,송산면,고포1리,2반,고포리 95~188
화성시,송산면,고포1리,3반,고포리 189~287
화성시,송산면,고포1리,4반,고포리 288~377
화성시,송산면,고포1리,5반,고포리 378~468
화성시,송산면,고포1리,6반,고포리 469~574
화성시,읍면동,통리,반,관 할 구 역
화성시,송산면,고포2리,1반,고포리 330~409
화성시,송산면,고포2리,2반,고포리 410~483
화성시,송산면,고포2리,3반,고포리 484~556
화성시,송산면,고포2리,4반,고포리 557~616
화성시,송산면,고포3리,1반,고포리 485~577
화성시,송산면,고포3리,2반,고포리 578~699
화성시,송산면,고포4리,1반,고포리 574~698
화성시,송산면,지화1리,1반,지화리 산 8~85
화성시,송산면,지화1리,2반,지화리 86~159
화성시,송산면,지화1리,3반,지화리 160~238
화성시,송산면,지화1리,4반,지화리 239~317
화성시,송산면,지화2리,1반,지화리 82~295
화성시,송산면,지화2리,2반,지화리 296~503
화성시,송산면,지화2리,3반,지화리 504~685
화성시,송산면,중송1리,1반,중송리 45~236
화성시,송산면,중송1리,2반,중송리 237~422
화성시,송산면,중송2리,1반,중송리 6~176
화성시,송산면,중송2리,2반,중송리 176~386
화성시,송산면,육일1리,1반,육일리 산 1~62
화성시,송산면,육일1리,2반,육일리 63~125
화성시,송산면,육일1리,3반,육일리 126~186
화성시,송산면,육일1리,4반,육일리 187~249
화성시,송산면,육일1리,5반,육일리 250~337
화성시,송산면,육일2리,1반,육일리 457~507
화성시,송산면,육일2리,2반,육일리 508~590
화성시,송산면,육일3리,1반,"육일리 726 코스코밸리아파트 101동, 관리사무소"
화성시,송산면,육일3리,2반,육일리 726 코스코밸리아파트 102동
화성시,송산면,육일3리,3반,육일리 726 코스코밸리아파트 103동
화성시,송산면,육일3리,4반,육일리 726 코스코밸리아파트 105동
화성시,송산면,육일3리,5반,육일리 726 코스코밸리아파트 106동
화성시,송산면,육일3리,6반,육일리 726 코스코밸리아파트 107동
화성시,송산면,칠곡리,1반,칠곡리 2-3 172
화성시,송산면,칠곡리,2반,칠곡리 213~336
화성시,송산면,칠곡리,3반,칠곡리 343~480
화성시,읍면동,통리,반,관 할 구 역
화성시,서신면,전곡1리,1반,전곡리 3~146
화성시,서신면,전곡1리,2반,전곡리 148~248
화성시,서신면,전곡1리,3반,전곡리 251~690-1
화성시,서신면,전곡2리,1반,전곡리 산102~132
화성시,서신면,전곡2리,2반,전곡리 204~132
화성시,서신면,전곡2리,3반,전곡리 318~263
화성시,서신면,전곡2리,4반,전곡리 501~392
화성시,서신면,전곡2리,5반,전곡리 620~609
화성시,서신면,전곡2리,6반,전곡리 620~640
화성시,서신면,전곡3리,1반,"전곡리 700~1100, 산40-1~산40-20"
화성시,서신면,상안1리,1반,상안리 42~127
화성시,서신면,상안1리,2반,상안리 130~207
화성시,서신면,상안1리,3반,상안리 235~346
화성시,서신면,상안1리,4반,상안리 351~417
화성시,서신면,상안1리,5반,상안리 428~576
화성시,서신면,상안1리,6반,성안리 580~649
화성시,서신면,상안2리,1반,상안리 700~793-1
화성시,서신면,상안2리,2반,"상안리 229~273, 428, 576~588"
화성시,서신면,상안2리,3반,상안리 851~882-11
화성시,서신면,광평리,1반,광평리 24~98
화성시,서신면,광평리,2반,광평리 103~175
화성시,서신면,광평리,3반,광평리 182~270
화성시,서신면,광평리,4반,광평리 285~350
화성시,서신면,광평리,5반,광평리 285~350
화성시,서신면,장외리,1반,장외리 1~102
화성시,서신면,장외리,2반,장외리 153~275
화성시,서신면,장외리,3반,장외리 284~377
화성시,서신면,장외리,4반,장외리 389~538
화성시,서신면,장외리,5반,장외리 457~508
화성시,서신면,송교1리,1반,송교리 20~103
화성시,서신면,송교1리,2반,송교리 142~246
화성시,서신면,송교1리,3반,송교리 315~536
화성시,서신면,송교2리,1반,송교리 23~322
화성시,서신면,송교2리,2반,송교리 405~753
화성시,서신면,송교2리,3반,송교리 783~859
화성시,서신면,제부리,1반,"제부리 3~10, 288-1~289, 산1~산10-3, 산20-2~산26-7"
화성시,서신면,제부리,2반,"제부리 20~185, 산14~산20, 산27~산31"
화성시,서신면,제부리,3반,"제부리 186~190, 190-2~190-6, 190-24~190-39, 190-42~ 190-57, 190-59~190-65, 190-78~190-82, 161, 191~288"
화성시,읍면동,통리,반,관할구역
화성시,서신면,제부리,4반,"제부리 190-1, 190-8, 190-10, 190-12, 190-17~190-23, 190-6 6~190-74, 190-84~190-108, 190-110 ~190-112, 190-125~ 190-153, 190-145, 190-147~190-159, 190-159, 190-162, 190-184, 190-185"
화성시,서신면,홍법리,1반,홍법리32~65
화성시,서신면,홍법리,2반,홍법리66~105
화성시,서신면,홍법리,3반,홍법리120~175
화성시,서신면,홍법리,4반,홍법리179~259
화성시,서신면,홍법리,5반,홍법리270~331-1
화성시,서신면,홍법리,6반,홍법리381~397
화성시,서신면,홍법리,7반,홍법리402~486
화성시,서신면,사곶리,1반,사곶리58부터 130까지
화성시,서신면,사곶리,2반,사곶리146부터 208까지
화성시,서신면,사곶리,3반,사곶리256부터 315까지
화성시,서신면,사곶리,4반,사곶리338부터 476까지
화성시,서신면,사곶리,5반,사곶리498부터 525까지
화성시,서신면,매화1리,1반,매화리216~300
화성시,서신면,매화1리,2반,매화리301~324
화성시,서신면,매화1리,3반,매화리325~350
화성시,서신면,매화1리,4반,매화리351~371
화성시,서신면,매화1리,5반,매화리372~339
화성시,서신면,매화2리,1반,매화리86~235
화성시,서신면,매화2리,2반,매화리305~476
화성시,서신면,매화2리,3반,매화리493~702
화성시,서신면,매화3리,1반,매화리1의2~153
화성시,서신면,매화3리,2반,매화리187~259
화성시,서신면,매화4리,1반,매화리산 86
화성시,서신면,매화4리,2반,매화리산 86
화성시,서신면,용두1리,1반,용두리3~122
화성시,서신면,용두1리,2반,용두리156~205
화성시,서신면,용두1리,3반,용두리233~287
화성시,서신면,용두1리,4반,용두리293~305
화성시,서신면,용두1리,5반,용두리314~369
화성시,서신면,용두2리,1반,용두리113~197
화성시,서신면,용두2리,2반,용두리207~299
화성시,서신면,용두2리,3반,용두리304~435
화성시,서신면,용두2리,4반,용두리470~534
화성시,서신면,용두2리,5반,용두리575~884
화성시,읍면동,통리,반,관할구역
화성시,서신면,궁평1리,1반,궁평리329~377
화성시,서신면,궁평1리,2반,궁평리389~417
화성시,서신면,궁평1리,3반,궁평리428~499
화성시,서신면,궁평1리,4반,궁평리503~548
화성시,서신면,궁평2리,1반,궁평리35~102
화성시,서신면,궁평2리,2반,궁평리113~198
화성시,서신면,궁평2리,3반,궁평리201~237
화성시,서신면,궁평2리,4반,궁평리240~258
화성시,서신면,궁평2리,5반,궁평리260~293
화성시,서신면,백미리,1반,백미리11~103
화성시,서신면,백미리,2반,백미리117~218
화성시,서신면,백미리,3반,백미리275~401
화성시,서신면,백미리,4반,백미리489~536
화성시,서신면,백미리,5반,백미리593~931
화성시,읍면동,통리,반,관 할 구 역
화성시,팔탄면,하저1리,1반,하저리 42~437(97-1제외)
화성시,팔탄면,하저1리,2반,하저리 438~570
화성시,팔탄면,하저1리,3반,하저리 97-1(시화빌라)
화성시,팔탄면,하저2리,1반,하저리 501~542
화성시,팔탄면,하저2리,2반,하저리 543~576
화성시,팔탄면,하저3리,1반,하저리 985~1112
화성시,팔탄면,하저3리,2반,하저리 780~984
화성시,팔탄면,하저4리,1반,하저리 271~297
화성시,팔탄면,창곡1리,1반,창곡리 40~306
화성시,팔탄면,창곡1리,2반,창곡리 376~441
화성시,팔탄면,창곡2리,1반,창곡리 493~587
화성시,팔탄면,창곡3리,1반,창곡리 797~881
화성시,팔탄면,기천1리,1반,"기천리 230부터 242까지, 282 및 451부터 453까지"
화성시,팔탄면,기천1리,2반,기천리 310부터 358까지 및 376부터 379까지
화성시,팔탄면,기천1리,3반,"기천리 455부터 459까지, 485부터 490까지 및 500부터 525까지"
화성시,팔탄면,기천1리,4반,"기천리 493, 526부터 691까지 및 763부터 765까지"
화성시,팔탄면,기천2리,1반,기천리 692부터 762까지 및 766부터 785까지
화성시,팔탄면,기천2리,2반,기천리 786~807
화성시,팔탄면,기천3리,1반,"기천리 103부터 106까지, 221, 248, 254부터 256까지 및 382"
화성시,팔탄면,기천3리,2반,"기천리 6, 12, 18, 19, 23, 28, 41, 52-3, 63, 78, 80부터 84까지, 90, 100 및 107"
화성시,팔탄면,기천3리,3반,"기천리 25부터 27까지, 29, 32부터 34까지, 47부터 49까지 및 50부터 55까지(52-3은 제외한다)"
화성시,팔탄면,기천3리,4반,기천리 177부터 181까지
화성시,팔탄면,가재1리,1반,"가재리 산114, 362~367, 376~393, 415~490"
화성시,팔탄면,가재1리,2반,가재리 500~530(512-5제외)
화성시,팔탄면,가재1리,3반,가재리 512-5(세림빌라)
화성시,팔탄면,가재2리,1반,가재리 105~215
화성시,팔탄면,가재2리,2반,가재리 47~102
화성시,팔탄면,가재2리,3반,가재리 1~46
화성시,팔탄면,가재3리,1반,가재리 320~389
화성시,팔탄면,가재4리,1반,"가재리 533-1~533-10, 534-1~534-3, 534-7, 534-10, 546-3, 546-34, 546-46, 546-47, 546-64~546-67, 662-1, 662-6, 662-7(현준빌라)"
화성시,팔탄면,가재4리,2반,"가재리 536-2~536-6, 536-8~536-11, 536-14~536-17, 537-1, 537-2, 538-1~538-5, 545-1, 546, 546-1, 546-2, 546-5, 546-11~546-15, 546-23~546-31, 546-44, 546-45, 546-50, 546-55, 546-59, 546-60, 546-61, 546-70(삼영하이츠빌라)"
화성시,읍면동,통리,반,관 할 구 역
화성시,팔탄면,가재4리,3반,"가재리 546-35~546-43, 546-48, 546-49, 546-51~546-53, 546-56, 546-58, 546-62, 546-63, 546-69, 546-73, 산114, 산115-1, 산 115-5, 산115-6, 산121-1, 산121-5~산121-7(상원빌라)"
화성시,팔탄면,가재4리,4반,"가재리 542, 543-1, 543-2, 544-2, 544-3, 545, 546-6~546-10, 546-16~546-22, 546-32, 546-33, 546-57, 546-71, 546-72, 546-74, 546-75, 547, 548, 549-1~549-6, 550, 551-1~551-4, 552-1, 552-2, 553~555, 555-1~555-6, 556, 556-1, 557, 558- 1~558-3, 559, 560, 560-1, 560-4, 560-5, 561-1, 561-2, 562, 563, 563-1, 564, 565, 566-1, 566-2, 567, 567-1~567-3, 568~573, 573-1~573-4, 574~579, 579-1, 579-2, 580, 580-1~580-5, 581, 581-1, 582, 582-1, 583-1, 583-2, 584, 584-1,584-2, 585, 585-2, 586-1~586-3, 587-1~587-4, 589-5, 589-6, 589-8, 590-3, 590-4, 590-6(다원빌라)"
화성시,팔탄면,가재5리,1반,가재리 692-1 진우임대아파트 101동
화성시,팔탄면,가재5리,2반,가재리 692-1 진우임대아파트 102동(1~9층)
화성시,팔탄면,가재5리,3반,가재리 692-1 진우임대아파트 102동(10~18층)
화성시,팔탄면,가재5리,4반,가재리 692-1 진우임대아파트 103동(1~10층)
화성시,팔탄면,가재5리,5반,가재리 692-1 진우임대아파트 103동(11~20층)
화성시,팔탄면,가재5리,6반,가재리 692-1 진우임대아파트 104동
화성시,팔탄면,구장1리,1반,구장리 556~600
화성시,팔탄면,구장1리,2반,"구장리 510~530, 531, 533~549, 581~595"
화성시,팔탄면,구장1리,3반,"구장리 530-11, 12, 13, 14"
화성시,팔탄면,구장1리,4반,"구장리 532-2, 3, 7, 8, 9, 10, 11, 12"
화성시,팔탄면,구장1리,5반,"구장리 91-1, 산83-3, 산91-1, 194, 210~225, 340, 1000~1013"
화성시,팔탄면,구장2리,1반,구장리 737~744
화성시,팔탄면,구장2리,2반,구장리 745~767
화성시,팔탄면,구장2리,3반,구장리 828~840
화성시,팔탄면,구장3리,1반,구장리 632~657
화성시,팔탄면,율암1리,1반,"율암리 산46~산54(산48~산49-1제외, 산51~산53-4제외), 산6 9~산70(산69-3제외), 산77~산100, 428~607, 610~664, 72 8~731, 734, 795~797"
화성시,팔탄면,율암1리,2반,"율암리 608~609, 665~726, 732~750(734 제외), 752, 787~789, 793~794, 799~808"
화성시,팔탄면,율암1리,3반,"율암리 산101~산137, 751, 753~786, 790~792, 798, 809~833, 886~899(887-15~21, 887-23~24, 890~893, 898 제외)"
화성시,팔탄면,율암2리,1반,"율암리 산1~산22, 산55~산68, 산69-3, 산138~산144, 산151~ 산152, 산159, 1~54, 65-1~32, 65-34~38, 206, 220-1~10, 220-12~22, 223~427, 884~885-1~11(885-5, 885-10제외), 885-28~29, 887-15~21, 887-23~24, 890~893, 898, 900~ 900-7"
화성시,팔탄면,율암3리,1반,"율암리 산25~산43, 산48~산49-1, 산51~산53-4, 55~65, 65-33, 65-39~47, 66~205, 154-9~24, 207~220, 220-11, 221~222, 885-5, 885-10, 885-12~38(885-28~29제외), 887-22"
화성시,읍면동,통리,반,관 할 구 역
화성시,팔탄면,노하1리,1반,노하리 85~104
화성시,팔탄면,노하1리,2반,노하리 103~165
화성시,팔탄면,노하2리,1반,노하리 215~399
화성시,팔탄면,노하2리,2반,노하리 405~537
화성시,팔탄면,노하2리,3반,노하리 산63~79
화성시,팔탄면,노하3리,1반,노하리 414~420
화성시,팔탄면,노하3리,2반,노하리 421~490
화성시,팔탄면,노하3리,3반,노하리 11~15
화성시,팔탄면,덕천리,1반,덕천리 121~170
화성시,팔탄면,덕천리,2반,덕천리 171~370
화성시,팔탄면,지월리,1반,지월리 550~606
화성시,팔탄면,지월리,2반,지월리 607~641
화성시,팔탄면,지월리,3반,지월리 391~392
화성시,팔탄면,덕우리,1반,덕우리 150~250
화성시,팔탄면,덕우리,2반,덕우리 산8~150
화성시,팔탄면,덕우리,3반,덕우리 산1~7
화성시,팔탄면,서근리,1반,서근리 91~125
화성시,팔탄면,서근리,2반,서근리 2~90
화성시,팔탄면,서근리,3반,서근리 126~232
화성시,팔탄면,월문리,1반,월문리 38~131
화성시,팔탄면,월문리,2반,월문리 132~216
화성시,팔탄면,화당리,1반,화당리 80~100
화성시,팔탄면,고주리,1반,고주리 83~200
화성시,팔탄면,고주리,2반,고주리 221~299
화성시,팔탄면,매곡리,1반,"매곡리 103~142(109-4, 109-27제외)"
화성시,팔탄면,매곡리,2반,매곡리 190
화성시,팔탄면,매곡리,3반,"매곡리 190-4, 10-27(거봉빌라)"
화성시,팔탄면,해창1리,1반,해창리 산1~37
화성시,팔탄면,해창1리,2반,해창리 46~53
화성시,팔탄면,해창1리,3반,해창리 산64
화성시,팔탄면,해창2리,1반,해창리 207~209
화성시,팔탄면,해창2리,2반,해창리 240~242
화성시,읍면동,통리,반,관할구역
화성시,장안면,어은1리,1반,어은리90~200
화성시,장안면,어은1리,2반,어은리201~239
화성시,장안면,어은1리,3반,어은리240~326
화성시,장안면,어은2리,1반,어은리327~389
화성시,장안면,어은2리,2반,어은리390~450
화성시,장안면,어은2리,3반,어은리600~750
화성시,장안면,어은3리,1반,어은리451~599
화성시,장안면,어은4리,1반,어은리600~750
화성시,장안면,석포1리,1반,석포리730~740
화성시,장안면,석포1리,2반,석포리741~750
화성시,장안면,석포2리,1반,석포리450~540
화성시,장안면,석포2리,2반,석포리254~729
화성시,장안면,석포3리,1반,석포리171~299
화성시,장안면,석포4리,1반,석포리300~380
화성시,장안면,석포4리,2반,석포리381~449
화성시,장안면,석포5리,1반,석포리9~100
화성시,장안면,석포5리,2반,석포리9~100
화성시,장안면,석포6리,1반,석포리101~170
화성시,장안면,석포6리,2반,석포리780~785
화성시,장안면,수촌1리,1반,수촌리886~891
화성시,장안면,수촌1리,2반,수촌리700~885
화성시,장안면,수촌2리,1반,수촌리1~39
화성시,장안면,수촌2리,2반,수촌리40~70
화성시,장안면,수촌3리,1반,수촌리665~609
화성시,장안면,수촌3리,2반,수촌리555~654
화성시,장안면,수촌4리,1반,수촌리71~399
화성시,장안면,수촌4리,2반,수촌리300~400
화성시,장안면,수촌4리,3반,수촌리401~554
화성시,장안면,독정1리,1반,독정리955~933
화성시,장안면,독정1리,2반,독정리934~613
화성시,장안면,독정1리,3반,독정리912~898
화성시,장안면,독정2리,1반,독정리501~502
화성시,장안면,독정2리,2반,독정리521~625
화성시,장안면,독정2리,3반,독정리450~500
화성시,장안면,독정3리,1반,독정리90~140
화성시,장안면,독정3리,2반,독정리141~449
화성시,장안면,독정3리,3반,독정리626~640
화성시,장안면,독정3리,4반,독정리산71~77
화성시,읍면동,통리,반,관할구역
화성시,장안면,독정4리,1반,"독정리 75-3~75-13, 75-107~75-113, 78-27~78-69, 76~114, 1161~1219, 산115, 산122, 산123, 산127, 산128, 산133, 산134,"
화성시,장안면,독정4리,1반,산138
화성시,장안면,독정4리,2반,"독정리 40~51, 75-20~75-29, 75-65, 75-66, 75-75~75-92, 75-102~75-105, 75-114~75-124, 78-22~78-25, 75-126~"
화성시,장안면,독정4리,2반,"75-154, 227-10~227-18, 산84~산87, 산98, 산120"
화성시,장안면,독정4리,3반,"독정리 75-30~75-64, 75-67, 1220~1510"
화성시,장안면,독정5리,1반,독정리 60~89
화성시,장안면,장안1리,1반,장안리 700~800
화성시,장안면,장안1리,2반,장안리 801~900
화성시,장안면,장안1리,3반,장안리 289~326
화성시,장안면,장안2리,1반,장안리 1110~1200
화성시,장안면,장안2리,2반,장안리 1201~1300
화성시,장안면,장안3리,1반,장안리 1000~1200
화성시,장안면,장안3리,2반,장안리 1201~1400
화성시,장안면,장안4리,1반,장안리 1401~1470
화성시,장안면,장안5리,1반,"장안리 1038-3, 1038-32~1038-34, 1038-36~1038-55, 1077- 8~1077-9, 1077-94~1077-105, 1077-171~1077-184, 1077-18"
화성시,장안면,장안5리,1반,"9~1077-233, 1077-236"
화성시,장안면,장안5리,2반,"장안리 1038-1, 1038-4, 1038-14~1038-16, 1038-27~1038-28, 1038-35, 1038-46, 1068-6~1068-7, 1068-13~1068-51,"
화성시,장안면,장안5리,2반,"1075-91, 1077-19~1077-21, 1077-28~1077-37, 1077-116~"
화성시,장안면,장안5리,2반,"1077-156, 1077-185~1077-188"
화성시,장안면,장안5리,3반,"장안리 1016~1025, 1028, 1029, 1030, 1034, 1037~1041, 104 4~1050, 1077-157~1077-170, 1077-234~1077-235, 1038~"
화성시,장안면,장안5리,3반,"1038-2, 1038-5~1038-13, 1038-18~1038-26, 1038-29~"
화성시,장안면,장안5리,3반,"1038-30, 1038-45, 1038-56~1038-60, 산173~산177"
화성시,장안면,장안6리,1반,장안리 46~155
화성시,장안면,장안6리,2반,장안리 200~300
화성시,장안면,장안6리,3반,장안리 327~329
화성시,장안면,장안6리,4반,장안리 402~410
화성시,장안면,장안7리,1반,"장안리 386-3~386-30, 387, 389, 389-1~389-6, 2900~3012-1, 산27-1, 산27-13~산27-25"
화성시,장안면,장안7리,2반,"장안리 1~4, 29, 36-6, 380~388, 389-15~389-31, 2808~2893,"
화성시,장안면,장안7리,2반,산30-7
화성시,장안면,장안8리,1반,"장안리 1075-4~1075-24, 1075-62~1075-86, 1075-94~ 1075-100, 1075-107, 1287-1~1287-9, 1287-11~1287-41,"
화성시,장안면,장안8리,1반,"1287-44, 1436-56~1436-58"
화성시,장안면,장안8리,2반,"장안리 1075-25~1075-61, 1075-87, 1075-93, 1075-103, 1077-22~1077-25, 1309, 1321~1321-5, 1322-3~1322-25, 138"
화성시,장안면,장안8리,2반,"0~1395, 1397-1, 1411~1412, 1434~1435, 1436~1436-2,"
화성시,장안면,장안8리,2반,"1436-4~1436-5, 1436-7~1436-40, 1436-54, 1436-60~1436-64,"
화성시,장안면,장안8리,2반,"1436-70~1436-92, 1436-95~1436-98, 산189~산199-28"
화성시,장안면,장안8리,3반,"장안리 1077, 1077-3, 1077-6, 1077-12~1077-18, 1077-39~ 1077-89, 1077-91~1077-93, 1077-106, 1077-108~1077-115,"
화성시,장안면,장안8리,3반,"1436-41~1436-53, 1436-65~1436-66"
화성시,장안면,장안9리,1반,"장안리 16~18, 2941~3043, 산2~산24-1"
화성시,장안면,덕다1리,1반,덕다리 480~180
화성시,장안면,덕다1리,2반,덕다리 181~389
화성시,장안면,덕다2리,1반,덕다리 1~149
화성시,장안면,덕다3리,1반,덕다리 390~520
화성시,장안면,덕다3리,2반,"덕다리 378~389, 산67, 산75, 산76"
화성시,장안면,사랑1리,1반,사랑리 300~400
화성시,장안면,사랑2리,1반,사랑리 101~299
화성시,장안면,사랑2리,2반,사랑리 1~100
화성시,장안면,금의1리,1반,"금의리 95, 110~117, 304~411, 678~696, 718~733, 산68~산87"
화성시,장안면,금의1리,2반,"금의리 412~548, 600~763, 산49~산67, 산88~산117"
화성시,읍면동,통리,반,관 할 구 역
화성시,장안면,금의2리,1반,"금의리 122~137, 151~153, 156~358, 570, 산1~산22-1"
화성시,장안면,금의3리,1반,"금의리 21~121, 138~150, 154, 155, 572~589, 산23~산47-1"
화성시,장안면,사곡1리,1반,사곡리 465~600
화성시,장안면,사곡1리,2반,사곡리 191~464
화성시,장안면,사곡1리,3반,사곡리 476~491
화성시,장안면,사곡2리,1반,사곡리 316~389
화성시,장안면,사곡2리,2반,사곡리 295~296
화성시,장안면,사곡2리,3반,사곡리 272~296
화성시,장안면,사곡2리,4반,사곡리 201~271
화성시,장안면,사곡3리,1반,사곡리 601~780
화성시,장안면,사곡3리,2반,사곡리 671~780
화성시,장안면,사곡4리,1반,사곡리 1~200(170제외)
화성시,장안면,사곡4리,2반,사곡리 94-1~98-7
화성시,장안면,사곡5리,1반,"사곡리 267-1~267-4, 267-11, 267-32, 267-34, 267-37, 267- 72~267-110, 267-122~267-131, 267-138~267-139, 267-147~"
화성시,장안면,사곡5리,1반,"267-149, 267-184~267-187, 267-191, 267-193~267-197"
화성시,장안면,사곡5리,2반,"사곡리 267-115~267-120, 267-134, 267-142~267-146,"
화성시,장안면,사곡5리,2반,"267-151~267-183, 267-188~267-190, 267-192, 934~1029"
화성시,장안면,사곡6리,1반,사곡리 170 산호아파트 101동
화성시,장안면,사곡6리,2반,사곡리 170 산호아파트 102동
화성시,장안면,사곡6리,3반,사곡리 170 산호아파트 103동
화성시,장안면,사곡6리,4반,사곡리 170 산호아파트 104동
화성시,장안면,사곡6리,5반,사곡리 170 산호아파트 105동
화성시,장안면,사곡7리,1반,"사곡리 11-1~15-5, 74-4~156-3, 159-2~161-2, 166~167-3"
화성시,장안면,사곡7리,2반,"사곡리 1~10, 162-1~164-1, 168-5~169-2, 175-1~176-7"
화성시,장안면,사곡7리,3반,"사곡리 157-1~157-11, 188-4~188-15"
화성시,장안면,사곡7리,4반,"사곡리 178-1~188-3, 188-19, 189-3~911-28"
화성시,장안면,노진1리,1반,노진리 1~299
화성시,장안면,노진2리,1반,노진리 400~550
화성시,장안면,노진3리,1반,"노진리 927~948, 930-76~930-106, 930-199~930-201, 930-217~930-222, 930-242~930-250, 930-257, 946-1~946-11,"
화성시,장안면,노진3리,1반,"1358~1362, 1382"
화성시,장안면,노진3리,2반,"노진리 930-64~930-75, 930-187~930-198, 930-203~930-208,"
화성시,장안면,노진3리,2반,936-4
화성시,장안면,노진3리,3반,"노진리 930-1, 930-23~930-63, 930-144~930-186, 930-211~"
화성시,장안면,노진3리,3반,"930-215, 930-219, 930-223~930-241"
화성시,장안면,노진3리,4반,"노진리 926~926-4, 930-3, 930-22,930-115~930-143, 930-209,"
화성시,장안면,노진3리,4반,"930-210, 930-253~930-269, 926~926-4,산27-5~산27-16"
화성시,장안면,노진4리,1반,노진리 300~399
화성시,장안면,노진5리,1반,노진리 551~916
화성시,읍면동,통리,반,관할구역
화성시,양감면,신왕1리,1반,신왕리646~666
화성시,양감면,신왕1리,2반,"신왕리640~645, 667~639"
화성시,양감면,신왕1리,3반,"신왕리625~639, 674~703"
화성시,양감면,신왕2리,1반,신왕리50~292
화성시,양감면,신왕2리,2반,신왕리202~397
화성시,양감면,신왕2리,3반,신왕리313~862
화성시,양감면,신왕3리,1반,신왕리383~563
화성시,양감면,신왕4리,1반,신왕리290~860
화성시,양감면,사창1리,1반,사창리436~490
화성시,양감면,사창1리,2반,사창리425~488
화성시,양감면,사창1리,3반,사창리416~492
화성시,양감면,사창2리,1반,사창리669~696
화성시,양감면,사창2리,2반,사창리22~117
화성시,양감면,사창3리,1반,사창리산27~582
화성시,양감면,사창3리,2반,사창리583~596
화성시,양감면,사창4리,1반,사창리437~953
화성시,양감면,정문1리,1반,정문리244~349
화성시,양감면,정문1리,2반,정문리189~368
화성시,양감면,정문1리,3반,정문리189~552
화성시,양감면,정문2리,1반,정문리189~556
화성시,양감면,정문2리,2반,정문리산5~747
화성시,양감면,송산1리,1반,송산리449~457
화성시,양감면,송산1리,2반,송산리444~598
화성시,양감면,송산2리,1반,송산리536부터 759까지
화성시,양감면,송산2리,2반,송산리693~699
화성시,양감면,송산2리,3반,송산리599~699
화성시,양감면,송산3리,1반,송산리1~16
화성시,양감면,송산3리,2반,"송산리17~213, 산8~21"
화성시,양감면,송산3리,3반,송산리163-1(수산중공업사원아파트)
화성시,양감면,송산4리,1반,송산리484부터 535까지
화성시,양감면,용소1리,1반,용소리270~616
화성시,양감면,용소1리,2반,용소리270~286
화성시,양감면,용소1리,3반,용소리279~616
화성시,양감면,용소2리,1반,용소리371~987
화성시,양감면,용소2리,2반,용소리산19~778
화성시,양감면,용소2리,3반,용소리405~1045
화성시,양감면,용소3리,1반,용소리785~987
화성시,양감면,용소3리,2반,용소리988~998
화성시,읍면동,통리,반,관할구역
화성시,양감면,용소4리,1반,용소리산44~산65
화성시,양감면,요당1리,1반,요당리36~160
화성시,양감면,요당1리,2반,요당리37~170
화성시,양감면,요당2리,1반,요당리산8~505(장승백이)
화성시,양감면,요당3리,1반,"요당리 428, 451-1, 433-5, 475-1~594-19, 651~731-3, 산116~산142-2, 산149-12(느지지)"
화성시,양감면,요당3리,2반,"요당리 산434-1~474~5, 595-1~649, 산143~산148-1 산150~산186(돌내)"
화성시,양감면,대양1리,1반,대양리961~1176
화성시,양감면,대양1리,2반,대양리178~1249
화성시,양감면,대양1리,3반,대양리962-3~1107-3
화성시,양감면,대양1리,4반,대양리961~1174
화성시,양감면,대양2리,1반,대양리216-2~339
화성시,양감면,대양2리,2반,대양리25~284
화성시,양감면,대양2리,3반,대양리284~316
화성시,양감면,대양3리,1반,대양리158~683
화성시,양감면,대양4리,1반,대양리400-3~517-1
화성시,양감면,대양4리,2반,대양리517~882
화성시,읍면동,통리,반,관 할 구 역
화성시,정남면,발산1리,1반,"발산리 529부터 533-1까지, 542부터 560-3까지, 573부터 579까 지, 583부터 588까지, 591부터 619까지 및 705부터 720-9까지"
화성시,정남면,발산1리,2반,"발산리 589부터 590-2까지, 620부터 626까지, 665부터 667-5 까지 및 696-5부터 703-2까지"
화성시,정남면,발산1리,3반,"발산리 145-2, 149부터 151-2까지, 154부터 169-1까지, 520부 터 527까지, 562부터 562-20까지, 564부터 571-9까지, 580부터 581-9까지 및 630부터 636-4까지"
화성시,정남면,발산1리,4반,"발산리 628부터 629까지, 636-5, 636-6, 645부터 663까지 및 673부터 673-7까지"
화성시,정남면,발산1리,5반,발산리 680부터 696-2까지
화성시,정남면,발산2리,1반,발산리 338~407
화성시,정남면,발산2리,2반,발산리 408~409
화성시,정남면,발산3리,1반,발산리 490-12 동남임대아파트 101동(1~3층)
화성시,정남면,발산3리,2반,발산리 490-12 동남임대아파트 101동(4~6층)
화성시,정남면,발산3리,3반,발산리 490-12 동남임대아파트 101동(7~9층)
화성시,정남면,발산3리,4반,발산리 490-12 동남임대아파트 101동(10~12층)
화성시,정남면,발산3리,5반,발산리 490-12 동남임대아파트 101동(13~15층)
화성시,정남면,발산3리,6반,발산리 490-12 동남임대아파트 102동(1~3층)
화성시,정남면,발산3리,7반,발산리 490-12 동남임대아파트 102동(4~6층)
화성시,정남면,발산3리,8반,발산리 490-12 동남임대아파트 102동(7~9층)
화성시,정남면,발산3리,9반,발산리 490-12 동남임대아파트 102동(10~12층)
화성시,정남면,발산3리,10반,발산리 490-12 동남임대아파트 102동(13~15층)
화성시,정남면,발산3리,11반,발산리 490-12 동남임대아파트 103동(1~3층)
화성시,정남면,발산3리,12반,발산리 490-12 동남임대아파트 103동(4~6층)
화성시,정남면,발산3리,13반,발산리 490-12 동남임대아파트 103동(7~9층)
화성시,정남면,발산3리,14반,발산리 490-12 동남임대아파트 103동(10~12층)
화성시,정남면,발산3리,15반,발산리 490-12 동남임대아파트 103동(13~15층)
화성시,정남면,발산3리,16반,발산리 490-12 동남임대아파트 104동(1~3층)
화성시,정남면,발산3리,17반,발산리 490-12 동남임대아파트 104동(4~6층)
화성시,정남면,발산3리,18반,발산리 490-12 동남임대아파트 104동(7~9층)
화성시,정남면,발산3리,19반,발산리 490-12 동남임대아파트 104동(10~12층)
화성시,정남면,발산3리,20반,발산리 490-12 동남임대아파트 104동(13~15층)
화성시,정남면,발산3리,21반,발산리 490-12 동남임대아파트 105동(1~3층)
화성시,정남면,발산3리,22반,발산리 490-12 동남임대아파트 105동(4~6층)
화성시,정남면,발산3리,23반,발산리 490-12 동남임대아파트 105동(7~9층)
화성시,정남면,발산3리,24반,발산리 490-12 동남임대아파트 105동(10~12층)
화성시,정남면,발산3리,25반,발산리 490-12 동남임대아파트 105동(13~15층)
화성시,정남면,발산3리,26반,발산리 490-12 동남임대아파트 106동(1~3층)
화성시,정남면,발산3리,27반,발산리 490-12 동남임대아파트 106동(4~6층)
화성시,정남면,발산3리,28반,발산리 490-12 동남임대아파트 106동(7~9층)
화성시,정남면,발산3리,29반,발산리 490-12 동남임대아파트 106동(10~12층)
화성시,정남면,발산3리,30반,발산리 490-12 동남임대아파트 106동(13~15층)
화성시,읍면동,통리,반,관 할 구 역
화성시,정남면,괘랑1리,1반,괘랑리 1~30
화성시,정남면,괘랑1리,2반,괘랑리 114~330
화성시,정남면,괘랑1리,3반,괘랑리 330~400
화성시,정남면,괘랑2리,1반,"괘랑리 421-1~461, 525~580, 583~596-1, 600~614, 658, 산60-1, 산66"
화성시,정남면,괘랑2리,2반,"괘랑리 308-1~312-2, 469-1~523-1, 597, 638-1, 산75-2"
화성시,정남면,괘랑3리,1반,괘랑리 137~1127
화성시,정남면,괘랑4리,1반,괘랑리 897~908
화성시,정남면,괘랑4리,2반,괘랑리 866~894
화성시,정남면,괘랑4리,3반,"괘랑리 158, 917~924, 1062, 산158"
화성시,정남면,괘랑4리,4반,"괘랑리 912~916, 1015, 1056~1066"
화성시,정남면,괘랑4리,5반,괘랑리 1043~1053
화성시,정남면,괘랑5리,1반,"괘랑리 233-2~265-1, 462, 581, 630~634, 639~651-2, 660~747-1"
화성시,정남면,보통1리,1반,보통리 692부터 695까지 및 704부터 768-56까지
화성시,정남면,보통1리,2반,보통리 561부터 691-1까지 및 698부터 700-2까지
화성시,정남면,보통2리,1반,"보통리 118부터 126-2까지, 127-2, 127-11부터 127-20까지, 137-12 부터 137-16까지, 138부터 141-39까지 및 142부터 162-2까지"
화성시,정남면,보통2리,2반,"보통리 165부터 194-17까지, 212-7부터 236-1까지, 239부터 244-11까지, 493-1, 495부터 497-1까지 및 514부터 515-6까지"
화성시,정남면,보통2리,3반,"보통리 12-9부터 12-79까지, 12-82, 80부터 86-5까지 및 137부터 137-10까지"
화성시,정남면,보통2리,4반,"보통리 1부터 12-3까지, 13부터 27-21까지, 33, 75부터 79-13까지, 87부터 92까지, 116부터 117-3까지 및 129부터 136-12까지"
화성시,정남면,보통3리,1반,보통리 292부터 321까지
화성시,정남면,보통3리,2반,보통리 284-7부터 290-1까지 및 324부터 399까지
화성시,정남면,보통3리,3반,보통리 210-8 및 400부터 471까지
화성시,정남면,관항1리,1반,관항리 251부터 317까지 및 산15-2부터 산27까지
화성시,정남면,관항1리,2반,관항리 318부터 376까지
화성시,정남면,관항1리,3반,관항리 377부터 433까지 및 산28부터 산29까지
화성시,정남면,관항1리,4반,관항리 434부터 443까지
화성시,정남면,관항1리,5반,관항리 482부터 618까지
화성시,정남면,관항1리,6반,관항리 644부터 726-2까지
화성시,정남면,관항2리,1반,관항리 11~103
화성시,정남면,오일1리,1반,오일리 83~111
화성시,정남면,오일2리,1반,오일리 306~315
화성시,정남면,오일2리,2반,오일리 322~324
화성시,정남면,백1리,1반,백리 213부터 355-10까지
화성시,정남면,백1리,2반,백리 356부터 463-36까지
화성시,정남면,백2리,1반,백리 1부터 117-12까지
화성시,정남면,백2리,2반,백리 118부터 197-2까지
화성시,정남면,문학1리,1반,문학리 638~694
화성시,정남면,문학1리,2반,문학리 296~628
화성시,정남면,문학1리,3반,문학리 382~316
화성시,읍면동,통리,반,관 할 구 역
화성시,정남면,문학2리,1반,문학리 325~502
화성시,정남면,문학2리,2반,문학리 335~451
화성시,정남면,문학2리,3반,문학리 566~572
화성시,정남면,문학3리,1반,문학리 120~140
화성시,정남면,문학3리,2반,문학리 60~110
화성시,정남면,문학4리,1반,문학리 54~249
화성시,정남면,신1리,1반,신리 197-2~214
화성시,정남면,신1리,2반,"신리 189~196, 216~220"
화성시,정남면,신1리,3반,발산리 486-3~720
화성시,정남면,신1리,4반,신리 213-8(유리빌라)
화성시,정남면,신1리,5반,"신리 214, 214-7, 197-5(덕신홈텔)"
화성시,정남면,신1리,6반,"신리 191-5, 195-1(우람빌라)"
화성시,정남면,신1리,7반,"발산리 720-3(남곡빌라), 720-7"
화성시,정남면,신2리,1반,신리 123~240
화성시,정남면,신3리,1반,"신리 35~58, 65, 66, 70-8~70-10, 93, 210, 223"
화성시,정남면,신3리,2반,"신리 60~64, 265~295"
화성시,정남면,신3리,3반,신리 71-1~77
화성시,정남면,신3리,4반,"신리 82~84, 93, 94, 137~147"
화성시,정남면,계향1리,1반,계향리 282부터 402-9까지
화성시,정남면,계향1리,2반,계향리 404부터 410까지
화성시,정남면,계향2리,1반,계향리 446~485
화성시,정남면,계향2리,2반,계향리 535~594
화성시,정남면,귀래리,1반,귀래리 151~151-6
화성시,정남면,귀래리,2반,귀래리 306~363
화성시,정남면,귀래리,3반,귀래리 151~151-6
화성시,정남면,제기리,1반,제기리 2~214
화성시,정남면,제기리,2반,제기리 215~225
화성시,정남면,제기리,3반,제기리 226부터 249까지
화성시,정남면,제기리,4반,제기리 250~337
화성시,정남면,덕절1리,1반,덕절리 62 및 165부터 381-7까지
화성시,정남면,덕절1리,2반,덕절리 59부터 61-1까지 및 63부터 86까지
화성시,정남면,덕절1리,3반,덕절리 1부터 55-4까지
화성시,정남면,덕절1리,4반,"덕절리 187-1, 187-2(대영빌라, 대영주택)"
화성시,정남면,덕절2리,1반,덕절리 126~146
화성시,정남면,덕절3리,1반,덕절리 12-1~129
화성시,정남면,덕절4리,1반,"덕절리 123~123-66, 438~447"
화성시,정남면,덕절4리,2반,"덕절리 산9, 산11-2, 산12-1ㆍ5ㆍ6, 145~150, 162~162-37, 257~262, 270"
화성시,정남면,덕절5리,1반,덕절리 498 근형심포니아파트 101동
화성시,정남면,덕절5리,2반,덕절리 498 근형심포니아파트 102동
화성시,정남면,덕절5리,3반,덕절리 498 근형심포니아파트 103동
화성시,정남면,덕절5리,4반,덕절리 498 근형심포니아파트 105동
화성시,읍면동,통리,반,관 할 구 역
화성시,정남면,음양1리,1반,음양리 401~444
화성시,정남면,음양2리,1반,"음양리 5부터 15까지, 120부터 168까지, 265부터 334까지, 454 부터 471까지, 480부터 482까지 및 674부터 810까지"
화성시,정남면,음양2리,2반,"음양리 171부터 216까지, 484부터 536까지 및 산1부터 산23까지"
화성시,정남면,망월리,1반,망월리 8~260
화성시,정남면,망월리,2반,망월리 261~365
화성시,정남면,수면리,1반,수면리 1~30
화성시,정남면,수면리,2반,수면리 31~100
화성시,정남면,수면리,3반,수면리 101~167
화성시,정남면,내1리,1반,내리 1~104
화성시,정남면,내1리,2반,내리 105~139
화성시,정남면,내2리,1반,내리 34~55
화성시,정남면,금복리,1반,"금복리 1부터 29까지, 50부터 80-2까지 및 산1부터 산19까지"
화성시,정남면,금복리,2반,금복리 30부터 49-1까지 및 81부터 272-2까지
화성시,정남면,고지리,1반,"고지리 9-1, 21부터 28-3까지, 37부터 39-7까지, 90부터 107까 지, 120, 128부터 151-11까지, 155-2, 169-4부터 170-4까지, 172-3부터 172-6까지, 174부터 174-2까지, 175부터 182-2까지 및 207부터 240까지"
화성시,정남면,고지리,2반,"고지리 123부터 125-3까지, 158부터 161-3까지, 162-2부터 162-4까지, 163부터 166-5까지, 166-10부터 166-14까지, 167부 터 169-2까지, 172-2, 174-4, 183부터 193-2까지, 201-1 및 203부터 203-25까지"
화성시,정남면,고지리,3반,"고지리 162-1, 162-6부터 162-16까지, 166-7, 166-16부터 166-39까지, 166-50, 166-51 및 166-61부터 166-76까지"
화성시,정남면,용수리,1반,"용수리 31부터 39까지, 53부터 67-23까지 및 75부터 75-36까지"
화성시,정남면,용수리,2반,"용수리 20부터 29-5까지, 69부터 72-7까지, 93부터 101-2까지, 129-1, 148-3, 166-1, 172 및 172-1"
화성시,읍면동,통리,반,관 할 구 역
화성시,새솔동,1통,1반,새솔동 23 더펠리체휴먼빌 101동
화성시,새솔동,1통,2반,새솔동 23 더펠리체휴먼빌 102동
화성시,새솔동,1통,3반,새솔동 23 더펠리체휴먼빌 103동
화성시,새솔동,1통,4반,새솔동 23 더펠리체휴먼빌 104동
화성시,새솔동,1통,5반,새솔동 23 더펠리체휴먼빌 105동
화성시,새솔동,1통,6반,새솔동 23 더펠리체휴먼빌 106동
화성시,새솔동,1통,7반,새솔동 23 더펠리체휴먼빌 107동
화성시,새솔동,1통,8반,새솔동 23 더펠리체휴먼빌 108동
화성시,새솔동,1통,9반,새솔동 23 더펠리체휴먼빌 109동
화성시,새솔동,1통,10반,새솔동 23 더펠리체휴먼빌 110동
화성시,새솔동,1통,11반,새솔동 23 더펠리체휴먼빌 111동
화성시,새솔동,1통,12반,"새솔동 23 더펠리체휴먼빌 112동, 상가동"
화성시,새솔동,2통,1반,새솔동 18 송산그린시티 이지더원레이크뷰 201동
화성시,새솔동,2통,2반,새솔동 18 송산그린시티 이지더원레이크뷰 202동
화성시,새솔동,2통,3반,새솔동 18 송산그린시티 이지더원레이크뷰 209동
화성시,새솔동,2통,4반,새솔동 18 송산그린시티 이지더원레이크뷰 210동
화성시,새솔동,2통,5반,새솔동 18 송산그린시티 이지더원레이크뷰 211동 및 상가동
화성시,새솔동,3통,1반,새솔동 22 송산그린시티 반도유보라아이비파크 601동
화성시,새솔동,3통,2반,새솔동 22 송산그린시티 반도유보라아이비파크 602동
화성시,새솔동,3통,3반,새솔동 22 송산그린시티 반도유보라아이비파크 603동
화성시,새솔동,3통,4반,새솔동 22 송산그린시티 반도유보라아이비파크 610동
화성시,새솔동,3통,5반,새솔동 22 송산그린시티 반도유보라아이비파크 611동
화성시,새솔동,3통,6반,새솔동 22 송산그린시티 반도유보라아이비파크 612동 및 상가동
화성시,새솔동,4통,1반,새솔동 14 송산신도시 대방노블랜드더퍼스티지 1차 101동
화성시,새솔동,4통,2반,새솔동 14 송산신도시 대방노블랜드더퍼스티지 1차 102동
화성시,새솔동,4통,3반,새솔동 14 송산신도시 대방노블랜드더퍼스티지 1차 103동
화성시,새솔동,4통,4반,새솔동 14 송산신도시 대방노블랜드더퍼스티지 1차 104동
화성시,새솔동,4통,5반,새솔동 14 송산신도시 대방노블랜드더퍼스티지 1차 105동
화성시,새솔동,4통,6반,새솔동 14 송산신도시 대방노블랜드더퍼스티지 1차 106동
화성시,새솔동,4통,7반,새솔동 14 송산신도시 대방노블랜드더퍼스티지 1차 107동
화성시,새솔동,4통,8반,"새솔동 14 송산신도시 대방노블랜드더퍼스티지 1차 108동, 상가동"
화성시,읍면동,통리,반,관 할 구 역
화성시,새솔동,5통,1반,새솔동 16 송산그린시티 요진와이시티 101동
화성시,새솔동,5통,2반,새솔동 16 송산그린시티 요진와이시티 102동
화성시,새솔동,5통,3반,새솔동 16 송산그린시티 요진와이시티 103동
화성시,새솔동,5통,4반,새솔동 16 송산그린시티 요진와이시티 104동
화성시,새솔동,5통,5반,새솔동 16 송산그린시티 요진와이시티 105동
화성시,새솔동,5통,6반,새솔동 16 송산그린시티 요진와이시티 106동
화성시,새솔동,5통,7반,새솔동 16 송산그린시티 요진와이시티 107동
화성시,새솔동,5통,8반,새솔동 16 송산그린시티 요진와이시티 108동
화성시,새솔동,5통,9반,"새솔동 16 송산그린시티 요진와이시티 109동, 상가동"
화성시,새솔동,6통,1반,새솔동 26 세영리첼에듀파크 101동
화성시,새솔동,6통,2반,새솔동 26 세영리첼에듀파크 102동
화성시,새솔동,6통,3반,새솔동 26 세영리첼에듀파크 103동
화성시,새솔동,6통,4반,새솔동 26 세영리첼에듀파크 104동
화성시,새솔동,6통,5반,새솔동 26 세영리첼에듀파크 105동
화성시,새솔동,6통,6반,새솔동 26 세영리첼에듀파크 106동
화성시,새솔동,6통,7반,새솔동 26 세영리첼에듀파크 107동
화성시,새솔동,6통,8반,새솔동 26 세영리첼에듀파크 108동
화성시,새솔동,6통,9반,새솔동 26 세영리첼에듀파크 109동 및 상가동
화성시,새솔동,7통,1반,새솔동 11 송산신도시 대방노블랜드리버스위트 2차 201동
화성시,새솔동,7통,2반,새솔동 11 송산신도시 대방노블랜드리버스위트 2차 202동
화성시,새솔동,7통,3반,새솔동 11 송산신도시 대방노블랜드리버스위트 2차 203동
화성시,새솔동,7통,4반,새솔동 11 송산신도시 대방노블랜드리버스위트 2차 204동
화성시,새솔동,7통,5반,새솔동 11 송산신도시 대방노블랜드리버스위트 2차 205동
화성시,새솔동,7통,6반,"새솔동 11 송산신도시 대방노블랜드리버스위트 2차 206동, 상가동"
화성시,새솔동,8통,1반,새솔동 13 송산신도시 대방노블랜드더센트럴 3차 301동
화성시,새솔동,8통,2반,새솔동 13 송산신도시 대방노블랜드더센트럴 3차 302동
화성시,새솔동,8통,3반,새솔동 13 송산신도시 대방노블랜드더센트럴 3차 303동
화성시,새솔동,8통,4반,새솔동 13 송산신도시 대방노블랜드더센트럴 3차 304동
화성시,새솔동,8통,5반,새솔동 13 송산신도시 대방노블랜드더센트럴 3차 305동
화성시,새솔동,8통,6반,새솔동 13 송산신도시 대방노블랜드더센트럴 3차 306동
화성시,새솔동,8통,7반,새솔동 13 송산신도시 대방노블랜드더센트럴 3차 307동
화성시,새솔동,8통,8반,새솔동 13 송산신도시 대방노블랜드더센트럴 3차 308동
화성시,새솔동,8통,9반,"새솔동 13 송산신도시 대방노블랜드더센트럴 3차 309동, 상가동"
화성시,읍면동,통리,반,관 할 구 역
화성시,새솔동,9통,1반,새솔동 19 금강펜테리움 센트럴파크 송산 101동
화성시,새솔동,9통,2반,새솔동 19 금강펜테리움 센트럴파크 송산 102동
화성시,새솔동,9통,3반,새솔동 19 금강펜테리움 센트럴파크 송산 103동
화성시,새솔동,9통,4반,새솔동 19 금강펜테리움 센트럴파크 송산 104동
화성시,새솔동,9통,5반,새솔동 19 금강펜테리움 센트럴파크 송산 105동
화성시,새솔동,9통,6반,새솔동 19 금강펜테리움 센트럴파크 송산 106동
화성시,새솔동,9통,7반,새솔동 19 금강펜테리움 센트럴파크 송산 107동
화성시,새솔동,9통,8반,새솔동 19 금강펜테리움 센트럴파크 송산 108동
화성시,새솔동,9통,9반,"새솔동 19 금강펜테리움 센트럴파크 송산 109동, 상가동"
화성시,새솔동,10통,1반,새솔동 76-1부터 90-9까지
화성시,새솔동,10통,2반,새솔동 98부터 109-3까지
화성시,새솔동,11통,1반,새솔동 27 모아미래도에듀포레 101동
화성시,새솔동,11통,2반,새솔동 27 모아미래도에듀포레 102동
화성시,새솔동,11통,3반,새솔동 27 모아미래도에듀포레 103동
화성시,새솔동,11통,4반,새솔동 27 모아미래도에듀포레 104동
화성시,새솔동,11통,5반,새솔동 27 모아미래도에듀포레 105동
화성시,새솔동,11통,6반,새솔동 27 모아미래도에듀포레 106동
화성시,새솔동,11통,7반,새솔동 27 모아미래도에듀포레 107동
화성시,새솔동,11통,8반,새솔동 27 모아미래도에듀포레 108동 및 상가동
화성시,새솔동,12통,1반,새솔동 6 송산그린시티5차 NOBLELAND 리버파크 5차 501동
화성시,새솔동,12통,2반,새솔동 6 송산그린시티5차 NOBLELAND 리버파크 5차 502동
화성시,새솔동,12통,3반,새솔동 6 송산그린시티5차 NOBLELAND 리버파크 5차 503동
화성시,새솔동,12통,4반,새솔동 6 송산그린시티5차 NOBLELAND 리버파크 5차 504동
화성시,새솔동,12통,5반,새솔동 6 송산그린시티5차 NOBLELAND 리버파크 5차 505동
화성시,새솔동,12통,6반,새솔동 6 송산그린시티5차 NOBLELAND 리버파크 5차 506동
화성시,새솔동,12통,7반,새솔동 6 송산그린시티5차 NOBLELAND 리버파크 5차 507동
화성시,새솔동,12통,8반,새솔동 6 송산그린시티5차 NOBLELAND 리버파크 5차 508동 및 상가동
화성시,새솔동,13통,1반,새솔동 5 송산그린시티6차 NOBLELAND 스타빌리지 601동
화성시,새솔동,13통,2반,새솔동 5 송산그린시티6차 NOBLELAND 스타빌리지 602동
화성시,새솔동,13통,3반,새솔동 5 송산그린시티6차 NOBLELAND 스타빌리지 603동
화성시,새솔동,13통,4반,새솔동 5 송산그린시티6차 NOBLELAND 스타빌리지 604동
화성시,새솔동,13통,5반,새솔동 5 송산그린시티6차 NOBLELAND 스타빌리지 605동 및 상가동
화성시,읍면동,통리,반,관 할 구 역
화성시,새솔동,14통,1반,새솔동 22 송산그린시티 반도유보라아이비파크 604동
화성시,새솔동,14통,2반,새솔동 22 송산그린시티 반도유보라아이비파크 605동
화성시,새솔동,14통,3반,새솔동 22 송산그린시티 반도유보라아이비파크 606동
화성시,새솔동,14통,4반,새솔동 22 송산그린시티 반도유보라아이비파크 607동
화성시,새솔동,14통,5반,새솔동 22 송산그린시티 반도유보라아이비파크 608동
화성시,새솔동,14통,6반,새솔동 22 송산그린시티 반도유보라아이비파크 609동
화성시,새솔동,15통,1반,새솔동 110-1부터 117-13까지
화성시,새솔동,15통,2반,새솔동 118-1부터 125까지
화성시,새솔동,15통,3반,새솔동 126부터 136-9까지
화성시,새솔동,15통,4반,새솔동 137-1부터 157까지
화성시,새솔동,15통,5반,새솔동 29-1부터 32-5까지
화성시,새솔동,16통,1반,"새솔동 163, 메종 드 엘리프 송산 2단지"
화성시,새솔동,16통,2반,"새솔동 164, 메종 드 엘리프 송산 3단지"
화성시,새솔동,17통,1반,"새솔동 161, 리안비채 1단지"
화성시,새솔동,17통,2반,"새솔동 162, 리안비채 2단지"
화성시,새솔동,18통,1반,새솔동 33-21부터 48까지
화성시,새솔동,18통,2반,새솔동 50-1부터 63-20까지
화성시,새솔동,18통,3반,새솔동 63-21부터 75-7까지
화성시,새솔동,19통,1반,새솔동 18 송산그린시티 이지더원레이크뷰 203동
화성시,새솔동,19통,2반,새솔동 18 송산그린시티 이지더원레이크뷰 204동
화성시,새솔동,19통,3반,새솔동 18 송산그린시티 이지더원레이크뷰 205동
화성시,새솔동,19통,4반,새솔동 18 송산그린시티 이지더원레이크뷰 206동
화성시,새솔동,19통,5반,새솔동 18 송산그린시티 이지더원레이크뷰 207동
화성시,새솔동,19통,6반,새솔동 18 송산그린시티 이지더원레이크뷰 208동
화성시,읍면동,통리,반,관 할 구 역
화성시,진안동,진안1통,1반,"진안동 134~136,138~143,148~173,442~558­2"
화성시,진안동,진안1통,2반,진안동 570~592­2
화성시,진안동,진안2통,1반,"진안동 525, 527~530, 824­1~824­14"
화성시,진안동,진안2통,2반,"진안동 530, 540­543"
화성시,진안동,진안2통,3반,"진안동 544~555, 진안동 485­7, 진안동 485­5 201호,301호,501호 진안동 480­3, 진안동 545-2 402호,503호"
화성시,진안동,진안2통,4반,진안동 512­524
화성시,진안동,진안3통,1반,"진안동 876-1~877-10, 881-1~882-16"
화성시,진안동,진안3통,2반,"진안동 883-1~883-13, 886-1~888-8"
화성시,진안동,진안4통,1반,진안동 524~527
화성시,진안동,진안4통,2반,진안동 526
화성시,진안동,진안4통,3반,진안동 524-9(국민주택 AㆍBㆍC동)
화성시,진안동,진안4통,4반,진안동 524-7(국민주택 가ㆍ나ㆍ다동)
화성시,진안동,진안4통,5반,"진안동 524-14, 상가"
화성시,진안동,진안4통,6반,"진안동 525-1, 525-107, 525-108, 525-140, 525-144, 525-145, 525-19, 525-97"
화성시,진안동,진안5통,1반,"진안동 709-711, 832"
화성시,진안동,진안5통,2반,"진안동 692-698, 712-779"
화성시,진안동,진안5통,3반,"진안동 713, 서울아트빌라"
화성시,진안동,진안5통,4반,"진안동 698, 장안빌라"
화성시,진안동,진안5통,5반,"진안동 703-3, 703-7, 703-10, 712-1, 712-5, 712-6, 712-12, 712-13, 712-17, 712-18(신세계홈타운)"
화성시,진안동,진안6통,1반,진안동 496 화남1차아파트 1001호~1002호의 각 13층
화성시,진안동,진안6통,2반,진안동 496 화남1차아파트 1003호~1006호의 각 13층
화성시,진안동,진안6통,3반,진안동 496 화남1차아파트 1007호~1008호의 각 13층
화성시,진안동,진안6통,4반,진안동 496 화남1차아파트 1009호~1010호의 각 13층
화성시,진안동,진안6통,5반,진안동 496 화남1차아파트 1011호~1012호의 각 13층
화성시,진안동,진안6통,6반,진안동 496 화남1차아파트 1013호~1016호의 각 13층
화성시,진안동,진안6통,7반,진안동 496 화남1차아파트 1017호~1018호의 각 13층
화성시,진안동,진안7통,1반,진안동 506 화남2차아파트 101호~215호
화성시,진안동,진안7통,2반,진안동 506 화남2차아파트 301호~415호
화성시,진안동,진안7통,3반,진안동 506 화남2차아파트 501호~615호
화성시,진안동,진안7통,4반,진안동 506 화남2차아파트 701호~815호
화성시,진안동,진안7통,5반,진안동 506 화남2차아파트 902호~1014호
화성시,진안동,진안7통,6반,진안동 506 화남2차아파트 1102호~1312호
화성시,진안동,진안8통,1반,진안동 908 진안골마을 주공아파트 1001동
화성시,진안동,진안8통,2반,진안동 908 진안골마을 주공아파트 1002동
화성시,진안동,진안8통,3반,진안동 908 진안골마을 주공아파트 1003동
화성시,진안동,진안8통,4반,진안동 908 진안골마을 주공아파트 1004동
화성시,진안동,진안8통,5반,진안동 908 진안골마을 주공아파트 1005동
화성시,진안동,진안8통,6반,진안동 908 진안골마을 주공아파트 1006동
화성시,진안동,진안8통,7반,진안동 908 진안골마을 주공아파트 1007동
화성시,진안동,진안8통,8반,"진안동 908 진안골마을 주공아파트 1008동, 8블럭 기타지역"
화성시,읍면동,통리,반,관 할 구 역
화성시,진안동,진안8통,9반,진안동 908 진안골마을 주공아파트 1009동
화성시,진안동,진안8통,10반,진안동 908 진안골마을 주공아파트 1010동
화성시,진안동,진안9통,1반,진안동 911 진안골마을 주공아파트 1101동
화성시,진안동,진안9통,2반,"진안동 911 진안골마을 주공아파트 1102동, 2블럭 기타지역"
화성시,진안동,진안9통,3반,진안동 911 진안골마을 주공아파트 1103동
화성시,진안동,진안9통,4반,진안동 911 진안골마을 주공아파트 1104동
화성시,진안동,진안9통,5반,진안동 911 진안골마을 주공아파트 1105동
화성시,진안동,진안9통,6반,진안동 911 진안골마을 주공아파트 1106동
화성시,진안동,진안9통,7반,진안동 911 진안골마을 주공아파트 1107동
화성시,진안동,진안9통,8반,진안동 911 진안골마을 주공아파트 1108동
화성시,진안동,진안10통,1반,진안동 910 진안골마을 주공아파트 1201동
화성시,진안동,진안10통,2반,진안동 910 진안골마을 주공아파트 1202동
화성시,진안동,진안10통,3반,진안동 910 진안골마을 주공아파트 1203동
화성시,진안동,진안10통,4반,진안동 910 진안골마을 주공아파트 1204동
화성시,진안동,진안10통,5반,진안동 910 진안골마을 주공아파트 1205동
화성시,진안동,진안10통,6반,진안동 910 진안골마을 주공아파트 1206동
화성시,진안동,진안10통,7반,진안동 910 진안골마을 주공아파트 1207동
화성시,진안동,진안11통,1반,진안동 929 진안파크자이아파트 101동
화성시,진안동,진안11통,2반,진안동 929 진안파크자이아파트 102동(1호열부터 4호열까지)
화성시,진안동,진안11통,3반,진안동 929 진안파크자이아파트 102동(5호열부터 8호열까지)
화성시,진안동,진안11통,4반,진안동 929 진안파크자이아파트 103동(1호열부터 4호열까지)
화성시,진안동,진안11통,5반,진안동 929 진안파크자이아파트 103동(5호열부터 8호열까지)
화성시,진안동,진안11통,6반,진안동 929 진안파크자이아파트 104동
화성시,진안동,진안11통,7반,진안동 929 진안파크자이아파트 105동 및 상가
화성시,진안동,진안12통,1반,진안동 진안마을 월드메르디앙아파트 101동(1~4호열)
화성시,진안동,진안12통,2반,"진안동 진안마을 월드메르디앙아파트 101동(5~8호열), 상가"
화성시,진안동,진안12통,3반,진안동 진안마을 월드메르디앙아파트 102동(1~4호열)
화성시,진안동,진안12통,4반,진안동 진안마을 월드메르디앙아파트 102동(5~8호열)
화성시,진안동,진안12통,5반,진안동 진안마을 월드메르디앙아파트 103동(1~4호열)
화성시,진안동,진안12통,6반,진안동 진안마을 월드메르디앙아파트 103동(5~8호열)
화성시,진안동,진안12통,7반,진안동 진안마을 월드메르디앙아파트 104동(1~4호열)
화성시,진안동,진안12통,8반,진안동 진안마을 월드메르디앙아파트 104동(5~8호열)
화성시,진안동,진안12통,9반,"진안동 진안마을 월드메르디앙아파트 105동, 416~421"
화성시,진안동,진안12통,10반,진안동 진안마을 월드메르디앙아파트2단지 101동
화성시,진안동,진안12통,11반,진안동 진안마을 월드메르디앙아파트2단지 102동(1~4호열)
화성시,진안동,진안12통,12반,진안동 진안마을 월드메르디앙아파트2단지 102동(5~8호열)
화성시,읍면동,통리,반,관 할 구 역
화성시,진안동,진안13통,1반,"진안동 193-1~193-12, 416-1~416-25"
화성시,진안동,진안13통,2반,"진안동 857-1~857-8, 861-1~861-15"
화성시,진안동,진안13통,3반,진안동 858-1~858-17
화성시,진안동,진안13통,4반,"진안동 859-1~859-5, 860-1~860-13"
화성시,진안동,진안14통,1반,"진안동 862-1~862-16, 867-1~868-15"
화성시,진안동,진안14통,2반,"진안동 869-1~869-15, 872-1~873-22"
화성시,진안동,진안15통,1반,진안동 917­1~919­19
화성시,진안동,진안15통,2반,진안동 922-1~924-8
화성시,진안동,진안15통,3반,"진안동 925­1~927­8, 진안동 218­4,진안동 219­4,진안동 267"
화성시,진안동,진안16통,1반,진안동 910 진안골마을 주공아파트 1208동
화성시,진안동,진안16통,2반,진안동 910 진안골마을 주공아파트 1209동
화성시,진안동,진안16통,3반,진안동 910 진안골마을 주공아파트 1210동
화성시,진안동,진안16통,4반,진안동 910 진안골마을 주공아파트 1211동
화성시,진안동,진안16통,5반,진안동 910 진안골마을 주공아파트 1212동
화성시,진안동,진안16통,6반,진안동 910 진안골마을 주공아파트 1213동
화성시,진안동,진안17통,1반,"진안동 878-1~878-27, 880-1~880-14"
화성시,진안동,진안17통,2반,"진안동 879-1~879-10, 884-1~885-6"
화성시,진안동,진안18통,1반,진안동 863-1~866-11
화성시,진안동,진안18통,2반,"진안동 870-1~871-13, 874-1~875-7"
화성시,진안동,진안19통,1반,"진안동137-1~137-12, 144~146, 177~181-11, 204-1~204-3"
화성시,진안동,진안19통,2반,진안동 852-1~852-14
화성시,진안동,진안19통,3반,진안동 853-1~853-21
화성시,진안동,진안19통,4반,진안동 854-1~856-16
화성시,진안동,진안20통,1반,진안동 458­10~510
화성시,진안동,능1통,1반,"능동 34~158, 460~461, 467"
화성시,진안동,능2통,1반,능동 547부터 760까지
화성시,진안동,능3통,1반,능동 444
화성시,진안동,능4통,1반,능동 1039 서동탄역우남퍼스트빌아파트 1001동 및 상가
화성시,진안동,능4통,2반,능동 1039 서동탄역우남퍼스트빌아파트 1002동
화성시,진안동,능4통,3반,능동 1039 서동탄역우남퍼스트빌아파트 1003동
화성시,진안동,능4통,4반,능동 1039 서동탄역우남퍼스트빌아파트 1004동
화성시,진안동,능4통,5반,능동 1039 서동탄역우남퍼스트빌아파트 1005동
화성시,진안동,능4통,6반,능동 1039 서동탄역우남퍼스트빌아파트 1006동
화성시,진안동,능4통,7반,능동 1039 서동탄역우남퍼스트빌아파트 1007동
화성시,진안동,능4통,8반,능동 1039 서동탄역우남퍼스트빌아파트 1008동
화성시,진안동,능4통,9반,능동 1039 서동탄역우남퍼스트빌아파트 1009동
화성시,진안동,능4통,10반,능동 1039 서동탄역우남퍼스트빌아파트 1010동
화성시,읍면동,통리,반,관 할 구 역
화성시,진안동,능5통,1반,능동1041서동탄역우남퍼스트빌아파트 1011동 및 상가
화성시,진안동,능5통,2반,능동1041서동탄역우남퍼스트빌아파트 1012동
화성시,진안동,능5통,3반,능동1041서동탄역우남퍼스트빌아파트 1013동
화성시,진안동,능5통,4반,능동1041서동탄역우남퍼스트빌아파트 1014동
화성시,진안동,능5통,5반,능동1041서동탄역우남퍼스트빌아파트 1015동
화성시,진안동,능5통,6반,능동1041서동탄역우남퍼스트빌아파트 1016동
화성시,진안동,능6통,1반,능동1282서동탄역파크자이아파트 101동 및 상가
화성시,진안동,능6통,2반,능동1282서동탄역파크자이아파트 102동
화성시,진안동,능6통,3반,능동1282서동탄역파크자이아파트 103동
화성시,진안동,능6통,4반,능동1282서동탄역파크자이아파트 104동
화성시,진안동,능6통,5반,능동1282서동탄역파크자이아파트 105동
화성시,진안동,능7통,1반,능동1282서동탄역파크자이아파트 106동
화성시,진안동,능7통,2반,능동1282서동탄역파크자이아파트 107동
화성시,진안동,능7통,3반,능동1282서동탄역파크자이아파트 108동
화성시,진안동,능7통,4반,능동1282서동탄역파크자이아파트 109동
화성시,진안동,능7통,5반,능동1282서동탄역파크자이아파트 110동
화성시,진안동,능7통,6반,능동1282서동탄역파크자이아파트 111동
화성시,진안동,능8통,1반,능동1283서동탄역파크자이2차아파트 201동
화성시,진안동,능8통,2반,능동1283서동탄역파크자이2차아파트 202동 및 상가
화성시,진안동,능8통,3반,능동1283서동탄역파크자이2차아파트 203동
화성시,진안동,능8통,4반,능동1283서동탄역파크자이2차아파트 204동
화성시,진안동,능8통,5반,능동1283서동탄역파크자이2차아파트 205동
화성시,진안동,능9통,1반,능동 공공지원 민간임대주택지구 내 B-1BL 서동탄역양우내안애아파트 101동
화성시,진안동,능9통,2반,능동 공공지원 민간임대주택지구 내 B-1BL 서동탄역양우내안애아파트 102동
화성시,진안동,능9통,3반,능동 공공지원 민간임대주택지구 내 B-1BL 서동탄역양우내안애아파트 103동
화성시,진안동,능9통,4반,능동 공공지원 민간임대주택지구 내 B-1BL 서동탄역양우내안애아파트 104동
화성시,진안동,능9통,5반,능동 공공지원 민간임대주택지구 내 B-1BL 서동탄역양우내안애아파트 105동
화성시,진안동,능9통,6반,능동 공공지원 민간임대주택지구 내 B-1BL 서동탄역양우내안애아파트 106동
화성시,진안동,기산1통,1반,"기산동 146?156, 185?223(SK뷰파크 3차 아파트 편입지번 제외)"
화성시,진안동,기산1통,2반,기산동 224~359
화성시,진안동,기산1통,3반,기산동 360~414
화성시,진안동,기산2통,1반,"기산동 55~56, 58~61"
화성시,진안동,기산2통,2반,기산동 62~71
화성시,진안동,기산3통,1반,기산동 32~40
화성시,진안동,기산3통,2반,"기산동 40~47, 진안동 38-2 B동 401호, 진안동 46­32"
화성시,진안동,기산3통,3반,기산동 345­442
화성시,읍면동,통리,반,관 할 구 역
화성시,진안동,기산4통,1반,기산동 464 행림마을 래미안1차아파트 101동
화성시,진안동,기산4통,2반,기산동 464 행림마을 래미안1차아파트 102동
화성시,진안동,기산4통,3반,기산동 464 행림마을 래미안1차아파트 103동
화성시,진안동,기산4통,4반,기산동 464 행림마을 래미안1차아파트 104동
화성시,진안동,기산4통,5반,기산동 464 행림마을 래미안1차아파트 105동
화성시,진안동,기산4통,6반,기산동 464 행림마을 래미안1차아파트 106동
화성시,진안동,기산4통,7반,기산동 464 행림마을 래미안1차아파트 107동
화성시,진안동,기산4통,8반,기산동 464 행림마을 래미안1차아파트 108동
화성시,진안동,기산4통,9반,기산동 464 행림마을 래미안1차아파트 109동
화성시,진안동,기산4통,10반,기산동 464 행림마을 래미안1차아파트 110동
화성시,진안동,기산5통,1반,기산동 466 신동탄푸르지오아파트 101동(1호열부터 3호열까지)
화성시,진안동,기산5통,2반,기산동 466 신동탄푸르지오아파트 101동(4호열부터 6호열까지) 및 상가
화성시,진안동,기산5통,3반,기산동 466 신동탄푸르지오아파트 102동
화성시,진안동,기산5통,4반,기산동 466 신동탄푸르지오아파트 103동(1호열부터 3호열까지)
화성시,진안동,기산5통,5반,기산동 466 신동탄푸르지오아파트 103동(4호열부터 6호열까지)
화성시,진안동,기산5통,6반,기산동 466 신동탄푸르지오아파트 104동(1호열부터 3호열까지)
화성시,진안동,기산5통,7반,기산동 466 신동탄푸르지오아파트 104동(4호열부터 6호열까지)
화성시,진안동,기산5통,8반,기산동 466 신동탄푸르지오아파트 105동(1호열부터 3호열까지)
화성시,진안동,기산5통,9반,기산동 466 신동탄푸르지오아파트 105동(4호열부터 6호열까지)
화성시,진안동,기산5통,10반,기산동 466 신동탄푸르지오아파트 106동(1호열부터 3호열까지)
화성시,진안동,기산5통,11반,기산동 466 신동탄푸르지오아파트 107동
화성시,진안동,기산5통,12반,기산동 466 신동탄푸르지오아파트 108동(1호열부터 3호열까지)
화성시,진안동,기산5통,13반,기산동 466 신동탄푸르지오아파트 108동(4호열부터 6호열까지)
화성시,진안동,기산6통,1반,기산동 466 신동탄푸르지오아파트 109동(1호열부터 3호열까지)
화성시,진안동,기산6통,2반,기산동 466 신동탄푸르지오아파트 109동(4호열부터 6호열까지)
화성시,진안동,기산6통,3반,기산동 466 신동탄푸르지오아파트 110동
화성시,진안동,기산6통,4반,기산동 466 신동탄푸르지오아파트 111동
화성시,진안동,기산6통,5반,기산동 466 신동탄푸르지오아파트 112동 및 관리사무소
화성시,진안동,기산6통,6반,기산동 466 신동탄푸르지오아파트 113동
화성시,진안동,기산6통,7반,기산동 466 신동탄푸르지오아파트 114동
화성시,진안동,기산6통,8반,기산동 466 신동탄푸르지오아파트 115동
화성시,진안동,기산6통,9반,기산동 466 신동탄푸르지오아파트 116동
화성시,진안동,기산7통,1반,기산동 467 행복마을참누리에듀파크아파트 101동
화성시,진안동,기산7통,2반,기산동 467 행복마을참누리에듀파크아파트 102동
화성시,진안동,기산7통,3반,기산동 467 행복마을참누리에듀파크아파트 103동
화성시,진안동,기산7통,4반,기산동 467 행복마을참누리에듀파크아파트 104동
화성시,진안동,기산7통,5반,기산동 467 행복마을참누리에듀파크아파트 105동
화성시,진안동,기산7통,6반,기산동 467 행복마을참누리에듀파크아파트 106동
화성시,진안동,기산7통,7반,기산동 467 행복마을참누리에듀파크아파트 107동
화성시,진안동,기산7통,8반,기산동 467 행복마을참누리에듀파크아파트 108동
화성시,진안동,기산7통,9반,기산동 467 행복마을참누리에듀파크아파트 109동
화성시,진안동,기산7통,10반,기산동 467 행복마을참누리에듀파크아파트 110동
화성시,진안동,기산7통,11반,기산동 467 행복마을참누리에듀파크아파트 111동
화성시,진안동,기산7통,12반,기산동 467 행복마을참누리에듀파크아파트 112동
화성시,진안동,기산7통,13반,기산동 467 행복마을참누리에듀파크아파트 113동
화성시,읍면동,통리,반,관 할 구 역
화성시,진안동,기산8통,1반,기산동 468 행복마을참누리에듀파크아파트 114동
화성시,진안동,기산8통,2반,기산동 468 행복마을참누리에듀파크아파트 115동
화성시,진안동,기산8통,3반,기산동 468 행복마을참누리에듀파크아파트 116동
화성시,진안동,기산8통,4반,기산동 468 행복마을참누리에듀파크아파트 117동
화성시,진안동,기산8통,5반,기산동 468 행복마을참누리에듀파크아파트 118동
화성시,진안동,기산8통,6반,기산동 468 행복마을참누리에듀파크아파트 119동
화성시,진안동,기산8통,7반,기산동 468 행복마을참누리에듀파크아파트 120동
화성시,진안동,기산9통,1반,기산동 57 SK뷰파크 2차 아파트 201동
화성시,진안동,기산9통,2반,기산동 57 SK뷰파크 2차 아파트 202동
화성시,진안동,기산9통,3반,기산동 57 SK뷰파크 2차 아파트 203동
화성시,진안동,기산9통,4반,기산동 57 SK뷰파크 2차 아파트 204동
화성시,진안동,기산9통,5반,기산동 57 SK뷰파크 2차 아파트 205동
화성시,진안동,기산9통,6반,기산동 57 SK뷰파크 2차 아파트 206동
화성시,진안동,기산9통,7반,기산동 57 SK뷰파크 2차 아파트 207동
화성시,진안동,기산10통,1반,기산동 57 SK뷰파크 2차 아파트 208동
화성시,진안동,기산10통,2반,기산동 57 SK뷰파크 2차 아파트 209동
화성시,진안동,기산10통,3반,기산동 57 SK뷰파크 2차 아파트 210동
화성시,진안동,기산10통,4반,기산동 57 SK뷰파크 2차 아파트 211동
화성시,진안동,기산10통,5반,기산동 57 SK뷰파크 2차 아파트 212동
화성시,진안동,기산10통,6반,기산동 57 SK뷰파크 2차 아파트 213동
화성시,진안동,기산10통,7반,기산동 57 SK뷰파크 2차 아파트 214동
화성시,진안동,기산11통,1반,기산동 SK뷰파크 3차 아파트 101동
화성시,진안동,기산11통,2반,기산동 SK뷰파크 3차 아파트 102동
화성시,진안동,기산11통,3반,기산동 SK뷰파크 3차 아파트 103동
화성시,진안동,기산11통,4반,기산동 SK뷰파크 3차 아파트 104동
화성시,진안동,기산11통,5반,기산동 SK뷰파크 3차 아파트 105동
화성시,진안동,기산11통,6반,기산동 SK뷰파크 3차 아파트 106동
화성시,진안동,기산11통,7반,"기산동 SK뷰파크 3차 아파트 107동, 상가"
화성시,진안동,기산12통,1반,기산동 SK뷰파크 3차 아파트 108동
화성시,진안동,기산12통,2반,기산동 SK뷰파크 3차 아파트 109동
화성시,진안동,기산12통,3반,기산동 SK뷰파크 3차 아파트 110동
화성시,진안동,기산12통,4반,기산동 SK뷰파크 3차 아파트 111동
화성시,진안동,기산12통,5반,기산동 SK뷰파크 3차 아파트 112동
화성시,진안동,기산12통,6반,기산동 SK뷰파크 3차 아파트 113동
화성시,읍면동,통리,반,관 할 구 역
화성시,진안동,반정1통,1반,반정동 48~80
화성시,진안동,반정1통,2반,반정동 81~113
화성시,진안동,반정1통,3반,반정동 114~145
화성시,진안동,반정2통,1반,반정동 196~250
화성시,진안동,반정2통,2반,반정동 251~304
화성시,진안동,반정2통,3반,반정동 305~356
화성시,진안동,반정3통,1반,반정동623 반정아이파크캐슬 4단지 401동
화성시,진안동,반정3통,2반,반정동623 반정아이파크캐슬 4단지 402동
화성시,진안동,반정3통,3반,반정동623 반정아이파크캐슬 4단지 403동
화성시,진안동,반정3통,4반,반정동623 반정아이파크캐슬 4단지 404동
화성시,진안동,반정3통,5반,반정동623 반정아이파크캐슬 4단지 405동
화성시,진안동,반정3통,6반,반정동623 반정아이파크캐슬 4단지 406동
화성시,진안동,반정3통,7반,반정동623 반정아이파크캐슬 4단지 407동
화성시,진안동,반정3통,8반,반정동623 반정아이파크캐슬 4단지 408동
화성시,진안동,반정3통,9반,반정동623 반정아이파크캐슬 4단지 409동
화성시,진안동,반정3통,10반,반정동623 반정아이파크캐슬 4단지 410동 및 상가
화성시,진안동,반정3통,11반,반정동623 반정아이파크캐슬 4단지 411동
화성시,진안동,반정3통,12반,반정동623 반정아이파크캐슬 4단지 412동
화성시,진안동,반정3통,13반,반정동623 반정아이파크캐슬 4단지 413동
화성시,진안동,반정3통,14반,반정동623 반정아이파크캐슬 4단지 414동
화성시,진안동,반정4통,1반,반정동637 반정아이파크캐슬 5단지 501동
화성시,진안동,반정4통,2반,반정동637 반정아이파크캐슬 5단지 502동
화성시,진안동,반정4통,3반,반정동637 반정아이파크캐슬 5단지 503동 및 상가
화성시,진안동,반정4통,4반,반정동637 반정아이파크캐슬 5단지 504동
화성시,진안동,반정4통,5반,반정동637 반정아이파크캐슬 5단지 505동
화성시,진안동,반정4통,6반,반정동637 반정아이파크캐슬 5단지 506동
화성시,진안동,반정4통,7반,반정동637 반정아이파크캐슬 5단지 507동
화성시,진안동,반정4통,8반,반정동637 반정아이파크캐슬 5단지 508동
화성시,진안동,반정4통,9반,반정동637 반정아이파크캐슬 5단지 509동
화성시,진안동,반정4통,10반,반정동637 반정아이파크캐슬 5단지 510동
화성시,진안동,반정4통,11반,반정동637 반정아이파크캐슬 5단지 511동
화성시,진안동,반정4통,12반,반정동637 반정아이파크캐슬 5단지 512동
화성시,진안동,반정4통,13반,반정동637 반정아이파크캐슬 5단지 513동
화성시,진안동,반정4통,14반,반정동637 반정아이파크캐슬 5단지 514동
화성시,진안동,반정4통,15반,반정동637 반정아이파크캐슬 5단지 515동
화성시,진안동,반정4통,16반,반정동637 반정아이파크캐슬 5단지 516동
화성시,진안동,반정4통,17반,반정동637 반정아이파크캐슬 5단지 517동
화성시,진안동,반정4통,18반,반정동637 반정아이파크캐슬 5단지 518동
화성시,진안동,반정4통,19반,반정동637 반정아이파크캐슬 5단지 519동
화성시,진안동,반정4통,20반,반정동637 반정아이파크캐슬 5단지 520동
화성시,읍면동,통리,반,관 할 구 역
화성시,병점1동,병점1통,1반,"병점동 514-1~572(520, 521-4, 552-2, 553-2, 554-4, 555-5, 556-1 제외), 588~623, 639~662, 666-2~669-1, 688-2 ~704, 717-2~719-3, 731-1~731-3, 734~737, 738­2~746­3, 754­1~754­5, 755­2~755­3, 756­1~756­21, 756­27~756­44, 756­53~756­92, 756­96, 756­99~756­199, 756­211, 756­217~ 756­249, 756­251~756­256"
화성시,병점1동,병점1통,2반,병점동 552-2(유리빌라)
화성시,병점1동,병점1통,3반,병점동 553-2(보성빌라)
화성시,병점1동,병점1통,4반,병점동 555-5(그랜드빌라)
화성시,병점1동,병점1통,5반,병점동 554-4(동성빌라)
화성시,병점1동,병점1통,6반,병점동 556-1(동원빌라)
화성시,병점1동,병점1통,7반,병점동 521-4(한일빌라트)
화성시,병점1동,병점2통,1반,"병점동 345-56, 356-57, 356-1, 356-3, 356-31~356-35, 356-43, 356-56, 356-57, 356-64, 357-14"
화성시,병점1동,병점2통,2반,"병점동 345-11, 345-44, 345-50, 345-77, 345-78, 345-79, 348-4~348-27, 349-5~349-30, 353-12~353 -18, 379-3, 379-10, 379-11, 380-1"
화성시,병점1동,병점2통,3반,"병점동 356-25~356-28, 356-41, 356-55, 356-73, 356-102, 379-7"
화성시,병점1동,병점2통,4반,"병점동 345-5, 345-12, 345-33, 345-35, 345-36, 345-63~ 345-84, 345-5, 345-8, 347-1~347-18"
화성시,병점1동,병점2통,5반,"병점동 345-88~345-90, 348-25, 356-6, 356-7"
화성시,병점1동,병점2통,6반,"병점동 345-18, 345-23, 345-30, 345-36~345-38, 345-47, 345-48, 345-54, 345-55, 345-59,"
화성시,병점1동,병점2통,7반,"병점동 356-10~356-23, 356-30, 356-36, 356-59, 356-60, 357-1, 357-2, 358-1, 361-3, 361-15,"
화성시,병점1동,병점2통,8반,"병점동 361-10, 364, 364-4, 365-5, 366-1~366-7, 368-1, 368-6, 370-5, 371-1, 371-5, 372-1, 373-1, 406-1, 407-4, 408-8, 431-3, 431-9, 431-54, 432-3"
화성시,병점1동,병점3통,1반,"병점동 349-4, 349-8, 349-10, 349-35, -351-2, 351-7, 351-10, 377, 377-59~377-61, 377-1~377-4, 377-6~377-7, 379-6, 381-17, 386-2"
화성시,병점1동,병점3통,2반,"병점동 377-9~377-13, 377-15, 377-19~377-29, 377-33~377-36"
화성시,병점1동,병점3통,3반,"병점동 377-15, 1동 1층~10층"
화성시,병점1동,병점3통,4반,"병점동 377-15, 1동 11층~20층"
화성시,병점1동,병점3통,5반,"병점동 377-15, 2동 1층~10층"
화성시,병점1동,병점3통,6반,"병점동 377-15, 2동 11층~20층"
화성시,병점1동,병점4통,1반,병점동 393-2~395-1(청록빌라)
화성시,병점1동,병점4통,2반,"병점동 396~396-3(삼환연립), 396-8~476"
화성시,병점1동,병점5통,1반,병점동 359 대창그린아파트 101동(아파트주변상가 포함)
화성시,병점1동,병점5통,2반,병점동 359 대창그린아파트 102동
화성시,병점1동,병점5통,3반,병점동 359 대창그린아파트 103동
화성시,병점1동,병점5통,4반,병점동 359 대창그린아파트 104동
화성시,병점1동,병점5통,5반,병점동 359 대창그린아파트 105동
화성시,병점1동,병점5통,6반,병점동 359 대창그린아파트 106동
화성시,병점1동,병점5통,7반,병점동 359 대창그린아파트 107동
화성시,병점1동,병점6통,1반,병점동 809 주공아파트 101동(1~6층)
화성시,병점1동,병점6통,2반,병점동 809 주공아파트 101동(7~12층)
화성시,병점1동,병점6통,3반,병점동 809 주공아파트 101동(13~18층)
화성시,병점1동,병점6통,4반,병점동 809 주공아파트 102동(1~6층)
화성시,병점1동,병점6통,5반,병점동 809 주공아파트 102동(7~12층)
화성시,병점1동,병점6통,6반,병점동 809 주공아파트 102동(13~18층)
화성시,병점1동,병점6통,7반,병점동 809 주공아파트 103동(1~5층)
화성시,병점1동,병점6통,8반,병점동 809 주공아파트 103동(6~10층)
화성시,병점1동,병점6통,9반,병점동 809 주공아파트 103동(11~15층)
화성시,병점1동,병점6통,10반,병점동 809 주공아파트 104동(1~2호열)
화성시,병점1동,병점6통,11반,병점동 809 주공아파트 104동(3~4호열)
화성시,병점1동,병점6통,12반,병점동 809 주공아파트 105동(1~2호열)
화성시,병점1동,병점6통,13반,병점동 809 주공아파트 105동(3~4호열)
화성시,병점1동,병점6통,14반,병점동 809 주공아파트 106동(1~2호열)
화성시,병점1동,병점6통,15반,병점동 809 주공아파트 106동(3~4호열)
화성시,읍면동,통리,반,관 할 구 역
화성시,병점1동,병점7통,1반,병점동 809 주공아파트 107동(1~2호열)
화성시,병점1동,병점7통,2반,병점동 809 주공아파트 107동(3~4호열)
화성시,병점1동,병점7통,3반,병점동 809 주공아파트 108동(1~3호열)
화성시,병점1동,병점7통,4반,병점동 809 주공아파트 108동(3~4호열)
화성시,병점1동,병점7통,5반,병점동 809 주공아파트 109동(1~3호열)
화성시,병점1동,병점7통,6반,병점동 809 주공아파트 109동(3~4호열)
화성시,병점1동,병점7통,7반,병점동 809 주공아파트 110동(1~2호열)
화성시,병점1동,병점7통,8반,병점동 809 주공아파트 110동(3~4호열)
화성시,병점1동,병점7통,9반,병점동 809 주공아파트 111동(1~2호열)
화성시,병점1동,병점7통,10반,병점동 809 주공아파트 111동(3~4호열)
화성시,병점1동,병점7통,11반,병점동 809 주공아파트 112동(1~2호열)
화성시,병점1동,병점7통,12반,병점동 809 주공아파트 112동(3~4호열)
화성시,병점1동,병점7통,13반,병점동 809 주공아파트 113동(1~2호열)
화성시,병점1동,병점7통,14반,병점동 809 주공아파트 113동(3~4호열)
화성시,병점1동,병점7통,15반,병점동 809 주공아파트 114동(1~2호열)
화성시,병점1동,병점7통,16반,병점동 809 주공아파트 114동(3~4호열)
화성시,병점1동,병점7통,17반,병점동 809 주공아파트 115동(1~2호열)
화성시,병점1동,병점7통,18반,병점동 809 주공아파트 115동(3~4호열)
화성시,병점1동,병점8통,1반,병점동 485 병점한신아파트 101동(1~2호열)
화성시,병점1동,병점8통,2반,병점동 485 병점한신아파트 101동(3~4호열)
화성시,병점1동,병점8통,3반,병점동 485 병점한신아파트 101동(5~6호열)
화성시,병점1동,병점8통,4반,병점동 485 병점한신아파트 101동(7~8호열)
화성시,병점1동,병점8통,5반,병점동 485 병점한신아파트 102동(1~2호열)
화성시,병점1동,병점8통,6반,병점동 485 병점한신아파트 102동(3~4호열)
화성시,병점1동,병점8통,7반,병점동 485 병점한신아파트 102동(5~6호열)
화성시,병점1동,병점8통,8반,병점동 485 병점한신아파트 102동(7~8호열)
화성시,병점1동,병점8통,9반,병점동 485 병점한신아파트 102동(9~10호열)
화성시,병점1동,병점8통,10반,병점동 485 병점한신아파트 102동(11~12호열)
화성시,병점1동,병점8통,11반,병점동 485 병점한신아파트 103동(1~2호열)
화성시,병점1동,병점8통,12반,병점동 485 병점한신아파트 103동(3~4호열)
화성시,병점1동,병점8통,13반,병점동 485 병점한신아파트 104동(1~2호열)
화성시,병점1동,병점8통,14반,병점동 485 병점한신아파트 104동(3~4호열)
화성시,병점1동,병점8통,15반,병점동 485 병점한신아파트 104동(5~6호열)
화성시,병점1동,병점8통,16반,병점동 485 병점한신아파트 104동(7~8호열)
화성시,병점1동,병점8통,17반,병점동 485 병점한신아파트 104동(9~10호열)
화성시,병점1동,병점8통,18반,병점동 485 병점한신아파트 105동(1~2호열)
화성시,병점1동,병점8통,19반,병점동 485 병점한신아파트 105동(3~4호열)
화성시,병점1동,병점8통,20반,병점동 485 병점한신아파트 105동(5~6호열)
화성시,병점1동,병점8통,21반,병점동 485 병점한신아파트 105동(7~8호열)
화성시,읍면동,통리,반,관 할 구 역
화성시,병점1동,병점9통,1반,병점동 282 남수원 두산아파트 101동(1~2호열)
화성시,병점1동,병점9통,2반,병점동 282 남수원 두산아파트 101동(3~4호열)
화성시,병점1동,병점9통,3반,병점동 282 남수원 두산아파트 102동
화성시,병점1동,병점9통,4반,병점동 282 남수원 두산아파트 103동
화성시,병점1동,병점9통,5반,병점동 282 남수원 두산아파트 104동
화성시,병점1동,병점9통,6반,병점동 282 남수원 두산아파트 105동(1~2호열)
화성시,병점1동,병점9통,7반,병점동 282 남수원 두산아파트 105동(3~4호열)
화성시,병점1동,병점9통,8반,병점동 282 남수원 두산아파트 106동(1~2호열)
화성시,병점1동,병점9통,9반,병점동 282 남수원 두산아파트 106동(3~4호열)
화성시,병점1동,병점9통,10반,병점동 282 남수원 두산아파트 107동
화성시,병점1동,병점9통,11반,병점동 282 남수원 두산아파트 108동(1~2호열)
화성시,병점1동,병점9통,12반,병점동 282 남수원 두산아파트 108동(3~4호열)
화성시,병점1동,병점9통,13반,병점동 282 남수원 두산아파트 109동(1~2호열)
화성시,병점1동,병점9통,14반,병점동 282 남수원 두산아파트 109동(3~4호열)
화성시,병점1동,병점9통,15반,병점동 282 남수원 두산아파트 110동
화성시,병점1동,병점9통,16반,병점동 282 남수원 두산아파트 111동
화성시,병점1동,병점9통,17반,병점동 282 남수원 두산아파트 112동(1~2호열)
화성시,병점1동,병점9통,18반,병점동 282 남수원 두산아파트 112동(3~4호열)
화성시,병점1동,병점9통,19반,"병점동 282 남수원 두산아파트 113동, 311~317, 상가"
화성시,병점1동,병점9통,20반,병점동 282 남수원 두산아파트 114동(1~2호열)
화성시,병점1동,병점9통,21반,병점동 282 남수원 두산아파트 114동(3~4호열)
화성시,병점1동,병점10통,1반,병점동 500-1 성호아파트 101동(1~4호열)
화성시,병점1동,병점10통,2반,병점동 500-1 성호아파트 101동(5~8호열)
화성시,병점1동,병점10통,3반,병점동 500-1 성호아파트 101동(9~12호열)
화성시,병점1동,병점10통,4반,병점동 500-1 성호아파트 102동(1~3호열)
화성시,병점1동,병점10통,5반,병점동 500-1 성호아파트 102동(4~6호열)
화성시,병점1동,병점10통,6반,병점동 500-1 성호아파트 103동(1~3호열)
화성시,병점1동,병점10통,7반,병점동 500-1 성호아파트 103동(4~6호열)
화성시,병점1동,병점10통,8반,병점동 500-1 성호아파트 104동(1~4호열)
화성시,병점1동,병점10통,9반,병점동 500-1 성호아파트 104동(5~8호열)
화성시,병점1동,병점10통,10반,병점동 500-1 성호아파트 105동(1~4호열)
화성시,병점1동,병점10통,11반,병점동 500-1 성호아파트 105동(5~8호열)
화성시,병점1동,병점11통,1반,"병점동 520 한일타운 101동, 상가"
화성시,병점1동,병점11통,2반,병점동 520 한일타운 102동
화성시,병점1동,병점11통,3반,병점동 520 한일타운 103동(1~6호열)
화성시,병점1동,병점11통,4반,병점동 520 한일타운 103동(7~12호열)
화성시,병점1동,병점11통,5반,병점동 520 한일타운 104동
화성시,병점1동,병점11통,6반,병점동 520 한일타운 105동(1~4호열)
화성시,읍면동,통리,반,관 할 구 역
화성시,병점1동,병점11통,7반,병점동 520 한일타운 105동(5~8호열)
화성시,병점1동,병점11통,8반,병점동 520 한일타운 106동
화성시,병점1동,병점12통,1반,병점동 506 송화마을 우남퍼스트빌3차아파트 301동
화성시,병점1동,병점12통,2반,병점동 506 송화마을 우남퍼스트빌3차아파트 302동
화성시,병점1동,병점12통,3반,병점동 506 송화마을 우남퍼스트빌3차아파트 303동
화성시,병점1동,병점12통,4반,병점동 506 송화마을 우남퍼스트빌3차아파트 304동
화성시,병점1동,병점12통,5반,병점동 506 송화마을 우남퍼스트빌3차아파트 305동
화성시,병점1동,병점12통,6반,병점동 506 송화마을 우남퍼스트빌3차아파트 306동
화성시,병점1동,병점12통,7반,병점동 506 송화마을 우남퍼스트빌3차아파트 307동
화성시,병점1동,병점12통,8반,병점동 506 송화마을 우남퍼스트빌3차아파트 308동
화성시,병점1동,병점12통,9반,병점동 506 송화마을 우남퍼스트빌3차아파트 309동
화성시,병점1동,병점13통,1반,병점동 817 늘벗마을 신창1차아파트 101동
화성시,병점1동,병점13통,2반,병점동 817 늘벗마을 신창1차아파트 102동
화성시,병점1동,병점13통,3반,병점동 817 늘벗마을 신창1차아파트 103동
화성시,병점1동,병점13통,4반,병점동 817 늘벗마을 신창1차아파트 104동
화성시,병점1동,병점13통,5반,병점동 817 늘벗마을 신창1차아파트 105동(1~4열)
화성시,병점1동,병점13통,6반,병점동 817 늘벗마을 신창1차아파트 105동(5~8열)
화성시,병점1동,병점13통,7반,병점동 817 늘벗마을 신창1차아파트 106동(1~4열)
화성시,병점1동,병점13통,8반,병점동 817 늘벗마을 신창1차아파트 106동(5~8열)
화성시,병점1동,병점13통,9반,병점동 817 늘벗마을 신창1차아파트 107동
화성시,병점1동,병점13통,10반,병점동 817 늘벗마을 신창1차아파트 108동
화성시,병점1동,병점13통,11반,병점동 817 늘벗마을 신창1차아파트 109동(1~4열)
화성시,병점1동,병점13통,12반,병점동 817 늘벗마을 신창1차아파트 109동(5~8열)
화성시,병점1동,병점13통,13반,병점동 817 늘벗마을 신창1차아파트 110동
화성시,병점1동,병점14통,1반,병점동 817 늘벗마을 신창미션힐1차아파트 111동
화성시,병점1동,병점14통,2반,병점동 817 늘벗마을 신창미션힐1차아파트 112동
화성시,병점1동,병점14통,3반,"병점동 817 늘벗마을 신창미션힐1차아파트 113동, 상가"
화성시,병점1동,병점14통,4반,병점동 817 늘벗마을 신창미션힐1차아파트 114동
화성시,병점1동,병점14통,5반,병점동 817 늘벗마을 신창미션힐1차아파트 115동(1~4열)
화성시,병점1동,병점14통,6반,병점동 817 늘벗마을 신창미션힐1차아파트 115동(5~8열)
화성시,병점1동,병점14통,7반,병점동 817 늘벗마을 신창미션힐1차아파트 116동(1~4열)
화성시,병점1동,병점14통,8반,병점동 817 늘벗마을 신창미션힐1차아파트 116동(5~8열)
화성시,병점1동,병점14통,9반,병점동 817 늘벗마을 신창미션힐1차아파트 117동
화성시,병점1동,병점14통,10반,병점동 817 늘벗마을 신창미션힐1차아파트 118동
화성시,병점1동,병점14통,11반,병점동 817 늘벗마을 신창미션힐1차아파트 119동(1~4열)
화성시,병점1동,병점14통,12반,병점동 817 늘벗마을 신창미션힐1차아파트 119동(5~8열)
화성시,병점1동,병점14통,13반,병점동 817 늘벗마을 신창미션힐1차아파트 120동(1~4열)
화성시,병점1동,병점14통,14반,병점동 817 늘벗마을 신창미션힐1차아파트 120동(5~8열)
화성시,읍면동,통리,반,관 할 구 역
화성시,병점1동,병점15통,1반,병점동 866 다정마을 신한에스빌아파트 101동
화성시,병점1동,병점15통,2반,병점동 866 다정마을 신한에스빌아파트 102동
화성시,병점1동,병점15통,3반,병점동 866 다정마을 신한에스빌아파트 103동
화성시,병점1동,병점15통,4반,병점동 866 다정마을 신한에스빌아파트 104동
화성시,병점1동,병점15통,5반,병점동 866 다정마을 신한에스빌아파트 105동
화성시,병점1동,병점15통,6반,병점동 866 다정마을 신한에스빌아파트 106동
화성시,병점1동,병점15통,7반,병점동 866 다정마을 신한에스빌아파트 107동
화성시,병점1동,병점15통,8반,병점동 866 다정마을 신한에스빌아파트 108동
화성시,병점1동,병점15통,9반,병점동 866 다정마을 신한에스빌아파트 109동
화성시,병점1동,병점15통,10반,"병점동 866 다정마을 신한에스빌아파트 110동, 상가"
화성시,병점1동,병점16통,1반,병점동 867 다정마을 신한에스빌아파트 201동
화성시,병점1동,병점16통,2반,"병점동 867 다정마을 신한에스빌아파트 202동1열, 2열 103호-904호"
화성시,병점1동,병점16통,3반,"병점동 867 다정마을 신한에스빌아파트 202동 1003호-1804호, 3열"
화성시,병점1동,병점16통,4반,"병점동 867 다정마을 신한에스빌아파트 203동, 상가"
화성시,병점1동,병점17통,1반,병점동 868 병점임광그대가아파트 101동
화성시,병점1동,병점17통,2반,병점동 868 병점임광그대가아파트 102동
화성시,병점1동,병점17통,3반,병점동 868 병점임광그대가아파트 103동
화성시,병점1동,병점17통,4반,병점동 868 병점임광그대가아파트 104동
화성시,병점1동,병점17통,5반,병점동 868 병점임광그대가아파트 105동
화성시,병점1동,병점17통,6반,병점동 868 병점임광그대가아파트 106동
화성시,병점1동,병점18통,1반,"병점동 409번지 병점SK뷰 아파트 101동, 104동"
화성시,병점1동,병점18통,2반,"병점동 409번지 병점SK뷰 아파트 102동, 105동"
화성시,병점1동,병점18통,3반,"병점동 409번지 병점SK뷰 아파트 103동, 106동"
화성시,병점1동,병점19통,1반,병점동 485 병점한신아파트 106동(1~2호열)
화성시,병점1동,병점19통,2반,병점동 485 병점한신아파트 106동(3~4호열)
화성시,병점1동,병점19통,3반,병점동 485 병점한신아파트 107동(1~2호열)
화성시,병점1동,병점19통,4반,병점동 485 병점한신아파트 107동(3~4호열)
화성시,병점1동,병점19통,5반,병점동 485 병점한신아파트 107동(5~6호열)
화성시,병점1동,병점19통,6반,병점동 485 병점한신아파트 107동(7~8호열)
화성시,병점1동,병점19통,7반,병점동 485 병점한신아파트 108동(1~2호열)
화성시,병점1동,병점19통,8반,병점동 485 병점한신아파트 108동(3~4호열)
화성시,병점1동,병점19통,9반,병점동 485 병점한신아파트 108동(5~6호열)
화성시,병점1동,병점19통,10반,병점동 485 병점한신아파트 109동(1~2호열)
화성시,병점1동,병점19통,11반,병점동 485 병점한신아파트 109동(3~4호열)
화성시,병점1동,병점19통,12반,병점동 485 병점한신아파트 110동(1~2호열)
화성시,병점1동,병점19통,13반,병점동 485 병점한신아파트 110동(3~4호열)
화성시,병점1동,병점19통,14반,병점동 485 병점한신아파트 110동(5~6호열)
화성시,병점1동,병점19통,15반,병점동 485 병점한신아파트 110동(7~8호열)
화성시,병점1동,병점19통,16반,병점동 485 병점한신아파트 110동(9~10호열)
화성시,읍면동,통리,반,관 할 구 역
화성시,병점1동,병점20통,1반,"병점동 465-5, 479-1, 480-1, 490-2, 492-15, 491-1"
화성시,병점1동,병점20통,2반,병점 양우내안애 101동
화성시,병점1동,병점20통,3반,병점 양우내안애 102동
화성시,병점1동,병점20통,4반,병점 양우내안애 103동
화성시,병점1동,병점20통,5반,병점 양우내안애 104동
화성시,병점1동,병점21통,1반,병점동 871 효성해링턴플레이스 101동
화성시,병점1동,병점21통,2반,병점동 871 효성해링턴플레이스 102동
화성시,병점1동,병점21통,3반,병점동 871 효성해링턴플레이스 103동
화성시,병점1동,병점21통,4반,병점동 871 효성해링턴플레이스 104동
화성시,병점1동,병점21통,5반,병점동 871 효성해링턴플레이스 105동
화성시,병점1동,병점21통,6반,"병점동 871 효성해링턴플레이스 106동 2층, 상가"
화성시,병점1동,병점21통,7반,병점동 871 효성해링턴플레이스 106동 3층~5층
화성시,병점1동,병점21통,8반,병점동 871 효성해링턴플레이스 106동 6층~8층
화성시,병점1동,병점21통,9반,병점동 871 효성해링턴플레이스 106동 9층~11층
화성시,병점1동,병점21통,10반,병점동 871 효성해링턴플레이스 107동 3층~5층
화성시,병점1동,병점21통,11반,병점동 871 효성해링턴플레이스 107동 6층~8층
화성시,병점1동,병점21통,12반,병점동 871 효성해링턴플레이스 107동 9층~11층
화성시,병점1동,병점22통,1반,"병점동 351-8, 377-57, 381-8, 381-18, 381-21 381-38, 381-40, 381-66, 381-71~381-76, 382-1~382-2, 382-4~382-6, 382-9~382-13, 382-16, 382-27, 383-1, 384-6, 385-5, 385-8~385-9, 385-11"
화성시,병점1동,병점22통,2반,"병점동 381-9~381-11, 381-12~381-13, 381-22, 381-42, 381-52, 381-55, 381-62"
화성시,병점1동,병점22통,3반,"병점동 381-5, 381-51, 381-23"
화성시,병점1동,병점22통,4반,"병점동 386-12, 386-18, 386-26, 386-33~386-35, 386-39"
화성시,병점1동,병점22통,5반,"병점동 374-17, 377-37~377-38, 377-48, 377-50, 386-7, 386-11, 386-19, 386-21, 386-36~386-38, 400-6, 400-17~ 400-18, 400-20, 400-22"
화성시,병점1동,병점22통,6반,병점동 374-5 201호~640호
화성시,병점1동,병점22통,7반,병점동 374-5 701호~1040호
화성시,병점1동,병점23통,1반,병점역 아이파크캐슬 101동
화성시,병점1동,병점23통,2반,병점역 아이파크캐슬 102동
화성시,병점1동,병점23통,3반,병점역 아이파크캐슬 103동
화성시,병점1동,병점23통,4반,"병점역 아이파크캐슬 104동, 상가"
화성시,병점1동,병점23통,5반,병점역 아이파크캐슬 110동
화성시,병점1동,병점23통,6반,병점역 아이파크캐슬 111동
화성시,병점1동,병점23통,7반,병점역 아이파크캐슬 112동
화성시,병점1동,병점23통,8반,병점역 아이파크캐슬 113동
화성시,읍면동,통리,반,관 할 구 역
화성시,병점1동,병점24통,1반,"병점역 아이파크캐슬 105동, 상가"
화성시,병점1동,병점24통,2반,병점역 아이파크캐슬 106동
화성시,병점1동,병점24통,3반,병점역 아이파크캐슬 107동
화성시,병점1동,병점24통,4반,병점역 아이파크캐슬 108동
화성시,병점1동,병점24통,5반,병점역 아이파크캐슬 109동
화성시,병점1동,병점24통,6반,병점역 아이파크캐슬 118동
화성시,병점1동,병점24통,7반,병점역 아이파크캐슬 119동
화성시,병점1동,병점25통,1반,병점역 아이파크캐슬 114동
화성시,병점1동,병점25통,2반,병점역 아이파크캐슬 115동
화성시,병점1동,병점25통,3반,병점역 아이파크캐슬 116동
화성시,병점1동,병점25통,4반,병점역 아이파크캐슬 117동
화성시,병점1동,병점25통,5반,병점역 아이파크캐슬 120동
화성시,병점1동,병점25통,6반,병점역 아이파크캐슬 121동
화성시,병점1동,병점26통,1반,병점역 아이파크캐슬 122동
화성시,병점1동,병점26통,2반,병점역 아이파크캐슬 123동
화성시,병점1동,병점26통,3반,"병점역 아이파크캐슬 124동, 병점동 755-2"
화성시,병점1동,병점26통,4반,병점역 아이파크캐슬 125동
화성시,병점1동,병점26통,5반,병점역 아이파크캐슬 126동
화성시,병점1동,병점26통,6반,"병점역 아이파크캐슬 127동, 상가"
화성시,병점1동,병점27통,1반,병점복합타운 A1 행복주택아파트 101동(3~10층)
화성시,병점1동,병점27통,2반,병점복합타운 A1 행복주택아파트 101동(11~18층)
화성시,병점1동,병점27통,3반,병점복합타운 A1 행복주택아파트 102동
화성시,병점1동,병점27통,4반,병점복합타운 A1 행복주택아파트 103동(3~10층)
화성시,병점1동,병점27통,5반,병점복합타운 A1 행복주택아파트 103동(11~18층)
화성시,병점1동,병점27통,6반,병점복합타운 A1 행복주택아파트 104동
화성시,병점1동,병점28통,1반,병점동 884-5 및 884-6 병점역 서해스카이팰리스 2단지
화성시,병점1동,병점28통,2반,병점동 886-1 병점역 서해스카이팰리스 3단지
화성시,병점1동,병점28통,3반,"병점동 886-2, 886-8 및 886-9 병점한길타워"
화성시,병점1동,병점28통,4반,병점동 887-1 병점복합타운 서영 더엘 1차
화성시,병점1동,병점28통,5반,병점동 887-5 우남퍼스트빌더펜트
화성시,병점1동,병점28통,6반,병점동 887-11 병점복합타운 서영 더엘 2차
화성시,병점1동,병점28통,7반,병점동 892-3 병점역 서해스카이팰리스 1단지
화성시,병점1동,병점28통,8반,병점동 892-6 병점역 서영 더엘 3차
화성시,병점1동,병점28통,9반,병점동 896-1 및 896-2(병점역 리코빌센트럴)
화성시,읍면동,통리,반,관 할 구 역
화성시,병점2동,병점1통,1반,"병점동 259-7~259-14, 300~307,"
화성시,병점2동,병점1통,2반,"병점동 130~134, 258, 259-1~259-6, 259-34"
화성시,병점2동,병점1통,3반,병점동 842-1~842-8
화성시,병점2동,병점1통,4반,"병점동 823, 842-9~842-22"
화성시,병점2동,병점2통,1반,"병점동 201-2 신미주아파트 101동, 상가"
화성시,병점2동,병점2통,2반,병점동 201-2 신미주아파트 102동(1~2호열)
화성시,병점2동,병점2통,3반,병점동 201-2 신미주아파트 102동(3~4호열)
화성시,병점2동,병점2통,4반,병점동 201-2 신미주아파트 102동(5~6호열)
화성시,병점2동,병점2통,5반,병점동 201-2 신미주아파트 103동(1~2호열)
화성시,병점2동,병점2통,6반,병점동 201-2 신미주아파트 103동(3~4호열)
화성시,병점2동,병점2통,7반,병점동 201-2 신미주아파트 104동(1~2호열)
화성시,병점2동,병점2통,8반,병점동 201-2 신미주아파트 104동(3~4호열)
화성시,병점2동,병점2통,9반,병점동 201-2 신미주아파트 105동(1~2호열)
화성시,병점2동,병점2통,10반,병점동 201-2 신미주아파트 105동(3~4호열)
화성시,병점2동,병점2통,11반,병점동 201-2 신미주아파트 105동(5~6호열)
화성시,병점2동,병점2통,12반,병점동 201-2 신미주아파트 106동(1~2호열)
화성시,병점2동,병점2통,13반,병점동 201-2 신미주아파트 106동(3~4호열)
화성시,병점2동,병점3통,1반,"병점동 822 느치미마을 주공아파트 201동, 12블럭 기타지역"
화성시,병점2동,병점3통,2반,병점동 822 느치미마을 주공아파트 202동
화성시,병점2동,병점3통,3반,병점동 822 느치미마을 주공아파트 203동
화성시,병점2동,병점3통,4반,병점동 822 느치미마을 주공아파트 204동
화성시,병점2동,병점3통,5반,병점동 822 느치미마을 주공아파트 205동
화성시,병점2동,병점3통,6반,병점동 822 느치미마을 주공아파트 206동
화성시,병점2동,병점3통,7반,병점동 822 느치미마을 주공아파트 207동
화성시,병점2동,병점3통,8반,병점동 822 느치미마을 주공아파트 208동
화성시,병점2동,병점3통,9반,병점동 822 느치미마을 주공아파트 209동
화성시,병점2동,병점3통,10반,병점동 822 느치미마을 주공아파트 210동
화성시,병점2동,병점3통,11반,병점동 822 느치미마을 주공아파트 211동
화성시,병점2동,병점4통,1반,"병점동 821 느치미마을 주공뜨란채아파트 301동 1열, 2열 103호-1004호"
화성시,병점2동,병점4통,2반,"병점동 821 느치미마을 주공뜨란채아파트 301동 2열, 1103-1804호, 3열"
화성시,병점2동,병점4통,3반,병점동 821 느치미마을 주공뜨란채아파트 302동
화성시,병점2동,병점4통,4반,병점동 821 느치미마을 주공뜨란채아파트 303동
화성시,병점2동,병점4통,5반,병점동 821 느치미마을 주공뜨란채아파트 304동
화성시,병점2동,병점4통,6반,병점동 821 느치미마을 주공뜨란채아파트 305동
화성시,병점2동,병점4통,7반,병점동 821 느치미마을 주공뜨란채아파트 306동
화성시,병점2동,병점4통,8반,병점동 821 느치미마을 주공뜨란채아파트 307동
화성시,병점2동,병점4통,9반,병점동 821 느치미마을 주공뜨란채아파트 308동 및 상가
화성시,읍면동,통리,반,관 할 구 역
화성시,병점2동,병점5통,1반,병점동 859 느치미마을 주공아파트 401동
화성시,병점2동,병점5통,2반,병점동 859 느치미마을 주공아파트 402동
화성시,병점2동,병점5통,3반,병점동 859 느치미마을 주공아파트 403동
화성시,병점2동,병점5통,4반,병점동 859 느치미마을 주공아파트 404동
화성시,병점2동,병점5통,5반,"병점동 859 느치미마을 주공아파트 405동, 6블럭 기타지역"
화성시,병점2동,병점5통,6반,병점동 859 느치미마을 주공아파트 406동
화성시,병점2동,병점5통,7반,병점동 859 느치미마을 주공아파트 407동
화성시,병점2동,병점5통,8반,병점동 859 느치미마을 주공아파트 408동
화성시,병점2동,병점5통,9반,병점동 859 느치미마을 주공아파트 409동
화성시,병점2동,병점6통,1반,병점동 820 안화동마을 주공아파트 501동
화성시,병점2동,병점6통,2반,병점동 820 안화동마을 주공아파트 502동
화성시,병점2동,병점6통,3반,병점동 820 안화동마을 주공아파트 503동
화성시,병점2동,병점6통,4반,병점동 820 안화동마을 주공아파트 504동
화성시,병점2동,병점6통,5반,"병점동 820 안화동마을 주공아파트 505동1열,2열 103호~804호"
화성시,병점2동,병점6통,6반,"병점동 820 안화동마을 주공아파트 505동2열903호~1804호,3열"
화성시,병점2동,병점6통,7반,병점동 820 안화동마을 주공아파트 506동
화성시,병점2동,병점6통,8반,병점동 820 안화동마을 주공아파트 507동 및 상가
화성시,병점2동,병점7통,1반,"병점동 38~220, 851~855"
화성시,병점2동,병점7통,2반,병점동 850 안화동마을 주공아파트 606동(1~8층)
화성시,병점2동,병점7통,3반,병점동 850 안화동마을 주공아파트 606동(9~15층)
화성시,병점2동,병점7통,4반,병점동 850 안화동마을 주공아파트 607동(1~8층)
화성시,병점2동,병점7통,5반,병점동 850 안화동마을 주공아파트 607동(9~15층)
화성시,병점2동,병점7통,6반,병점동 850 안화동마을 주공아파트 608동(1~8층)
화성시,병점2동,병점7통,7반,병점동 850 안화동마을 주공아파트 608동(9~15층)
화성시,병점2동,병점7통,8반,병점동 850 안화동마을 주공아파트 609동
화성시,병점2동,병점7통,9반,병점동 850 안화동마을 주공아파트 610동(9~15층)
화성시,병점2동,병점7통,10반,병점동 850 안화동마을 주공아파트 610동(9~15층)
화성시,병점2동,병점8통,1반,병점동 849 안화동마을 주공아파트 701동
화성시,병점2동,병점8통,2반,병점동 849 안화동마을 주공아파트 702동
화성시,병점2동,병점8통,3반,"병점동 849 안화동마을 주공아파트 703동(1열,2열1~10층)"
화성시,병점2동,병점8통,4반,"병점동 849 안화동마을 주공아파트 703동(2열,11~20층,3열)"
화성시,병점2동,병점8통,5반,병점동 849 안화동마을 주공아파트 704동
화성시,병점2동,병점8통,6반,병점동 849 안화동마을 주공아파트 705동
화성시,읍면동,통리,반,관 할 구 역
화성시,병점2동,병점8통,7반,병점동 849 안화동마을 주공아파트 706동
화성시,병점2동,병점8통,8반,병점동 849 안화동마을 주공아파트 707동
화성시,병점2동,병점8통,9반,병점동 849 안화동마을 주공아파트 708동
화성시,병점2동,병점8통,10반,병점동 849 안화동마을 주공아파트 709동
화성시,병점2동,병점9통,1반,병점동 848 안화동마을 주공아파트 801동
화성시,병점2동,병점9통,2반,병점동 848 안화동마을 주공아파트 802동
화성시,병점2동,병점9통,3반,"병점동 848 안화동마을 주공아파트 803동1열,2열103호-1004호"
화성시,병점2동,병점9통,4반,"병점동 848 안화동마을 주공아파트 803동2열1103호-2004호,3열"
화성시,병점2동,병점9통,5반,병점동 848 안화동마을 주공아파트 804동
화성시,병점2동,병점9통,6반,"병점동 848 안화동마을 주공아파트 805동1열,2열103호-1004호"
화성시,병점2동,병점9통,7반,"병점동 848 안화동마을 주공아파트 805동2열1103호-1804호,3열"
화성시,병점2동,병점9통,8반,"병점동 848 안화동마을 주공아파트 806동1열,2열103호-1104호"
화성시,병점2동,병점9통,9반,"병점동 848 안화동마을 주공아파트 806동2열1203호-2004호,3열"
화성시,병점2동,병점9통,10반,병점동 848 안화동마을 주공아파트 807동
화성시,병점2동,병점9통,11반,병점동 848 안화동마을 주공아파트 808동
화성시,병점2동,병점9통,12반,"병점동 848 안화동마을 주공아파트 809동1열,2열103호-804호"
화성시,병점2동,병점9통,13반,"병점동 848 안화동마을 주공아파트 809동2열903호-1804호, 3열 및 상가"
화성시,병점2동,병점10통,1반,"병점동 819 안화동 주공아파트 901동1열,2열 103호-904호"
화성시,병점2동,병점10통,2반,"병점동 819 안화동 주공아파트 901동2열1003호-1804호,3열, 단지상가"
화성시,병점2동,병점10통,3반,"병점동 819 안화동 주공아파트 902동1열,2열 103호-904호"
화성시,병점2동,병점10통,4반,"병점동 819 안화동 주공아파트 902동2열1003호-1804호,3열"
화성시,병점2동,병점10통,5반,병점동 819 안화동 주공아파트 903동
화성시,병점2동,병점10통,6반,"병점동 819 안화동 주공아파트 904동1열,2열 103호-904호"
화성시,병점2동,병점10통,7반,"병점동 819 안화동 주공아파트 904동2열1003호-1804호,3열"
화성시,병점2동,병점10통,8반,병점동 819 안화동 주공아파트 905동
화성시,병점2동,병점10통,9반,병점동 819 안화동 주공아파트 906동
화성시,병점2동,병점10통,10반,"병점동 819 안화동 주공아파트 907동1열,2열 103호-904호"
화성시,병점2동,병점10통,11반,"병점동 819 안화동 주공아파트 907동2열1003호-1804호,3열"
화성시,병점2동,병점10통,12반,"병점동 819 안화동 주공아파트 908동1열,2열 103호-904호"
화성시,병점2동,병점10통,13반,"병점동 819 안화동 주공아파트 908동2열1003호-1804호, 3열"
화성시,읍면동,통리,반,관 할 구 역
화성시,병점2동,병점10통,14반,병점동 819 안화동 주공아파트 909동
화성시,병점2동,병점10통,15반,병점동 819 안화동 주공아파트 주변상가
화성시,병점2동,병점11통,1반,병점동 860 구봉마을 우남퍼스트빌 101동
화성시,병점2동,병점11통,2반,병점동 860 구봉마을 우남퍼스트빌 102동
화성시,병점2동,병점11통,3반,병점동 860 구봉마을 우남퍼스트빌 103동
화성시,병점2동,병점11통,4반,병점동 860 구봉마을 우남퍼스트빌 104동
화성시,병점2동,병점11통,5반,병점동 860 구봉마을 우남퍼스트빌 105동
화성시,병점2동,병점12통,1반,병점동 847 안화동마을 우남퍼스트빌 201동
화성시,병점2동,병점12통,2반,병점동 847 안화동마을 우남퍼스트빌 202동
화성시,병점2동,병점12통,3반,병점동 847 안화동마을 우남퍼스트빌 203동
화성시,병점2동,병점12통,4반,병점동 847 안화동마을 우남퍼스트빌 204동
화성시,병점2동,병점12통,5반,병점동 847 안화동마을 우남퍼스트빌 205동
화성시,병점2동,병점12통,6반,병점동 847 안화동마을 우남퍼스트빌 206동
화성시,병점2동,병점12통,7반,병점동 847 안화동마을 우남퍼스트빌 207동
화성시,병점2동,병점12통,8반,병점동 847 안화동마을 우남퍼스트빌 208동
화성시,병점2동,병점13통,1반,"병점동 858 정든마을 신창2차아파트 201동1열, 2열103호-1204호"
화성시,병점2동,병점13통,2반,"병점동 858 정든마을 신창2차아파트 201동2열1303호-2204호, 3열,상가"
화성시,병점2동,병점13통,3반,병점동 858 정든마을 신창2차아파트 202동
화성시,병점2동,병점13통,4반,병점동 858 정든마을 신창2차아파트 203동
화성시,병점2동,병점13통,5반,병점동 858 정든마을 신창2차아파트 204동
화성시,병점2동,병점13통,6반,병점동 858 정든마을 신창2차아파트 205동1열2열 103호-1104호
화성시,병점2동,병점13통,7반,"병점동 858 정든마을 신창2차아파트 205동2열1203호-2204호, 3열"
화성시,병점2동,병점13통,8반,"병점동 858 정든마을 신창2차아파트 206동, 관리동"
화성시,병점2동,병점13통,9반,병점동 858 정든마을 신창2차아파트 207동
화성시,병점2동,병점13통,10반,병점동 858 정든마을 신창2차아파트 208동
화성시,병점2동,병점13통,11반,"병점동 858 정든마을 신창2차아파트 209동, 상가"
화성시,병점2동,병점14통,1반,병점동 850 안화동마을 주공아파트 601동(1~8층)
화성시,병점2동,병점14통,2반,병점동 850 안화동마을 주공아파트 601동(9~15층)
화성시,병점2동,병점14통,3반,병점동 850 안화동마을 주공아파트 602동(1~8층)
화성시,병점2동,병점14통,4반,병점동 850 안화동마을 주공아파트 602동(9~15층)
화성시,병점2동,병점14통,5반,병점동 850 안화동마을 주공아파트 603동(1~8층)
화성시,병점2동,병점14통,6반,병점동 850 안화동마을 주공아파트 603동(9~15층)
화성시,병점2동,병점14통,7반,병점동 850 안화동마을 주공아파트 604동(1~8층)
화성시,병점2동,병점14통,8반,병점동 850 안화동마을 주공아파트 604동(9~15층)
화성시,병점2동,병점14통,9반,병점동 850 안화동마을 주공아파트 605동(1~8층)
화성시,병점2동,병점14통,10반,병점동 850 안화동마을 주공아파트 605동(9~15층)
화성시,병점2동,병점15통,1반,병점동 826~828
화성시,병점2동,병점15통,2반,병점동 829~831
화성시,병점2동,병점15통,3반,병점동 832~834
화성시,읍면동,통리,반,관 할 구 역
화성시,반월동,반월1통,1반,"1~109, 879, 880-5, 881~882, 883-1, 884, 885-1"
화성시,반월동,반월1통,2반,"110~123-5, 346~364"
화성시,반월동,반월1통,3반,"124~184-8, 856~856-3, 864~867, 869"
화성시,반월동,반월1통,4반,"193~240, 284~345"
화성시,반월동,반월2통,1반,"366~371, 412~498, 509, 501-509, 512~516, 518~555, 606~607, 627~660-3, 886-941, 947"
화성시,반월동,반월2통,2반,"510~511, 564~595, 611~620, 660-4~683, 775, 945-946"
화성시,반월동,반월2통,3반,"241~278, 673~781, 873, 875"
화성시,반월동,반월3통,1반,반월동 865-1 신영통현대아파트 101동(1~2호열)
화성시,반월동,반월3통,2반,반월동 865-1 신영통현대아파트 101동(3~4호열)
화성시,반월동,반월3통,3반,반월동 865-1 신영통현대아파트 102동(1~2호열)
화성시,반월동,반월3통,4반,반월동 865-1 신영통현대아파트 102동(3~4호열)
화성시,반월동,반월3통,5반,반월동 865-1 신영통현대아파트 103동(1~2호열)
화성시,반월동,반월3통,6반,반월동 865-1 신영통현대아파트 103동(3~4호열)
화성시,반월동,반월3통,7반,반월동 865-1 신영통현대아파트 104동(1~2호열)
화성시,반월동,반월3통,8반,반월동 865-1 신영통현대아파트 104동(3~4호열)
화성시,반월동,반월3통,9반,반월동 865-1 신영통현대아파트 105동(1~2호열)
화성시,반월동,반월3통,10반,반월동 865-1 신영통현대아파트 105동(3~4호열)
화성시,반월동,반월3통,11반,반월동 865-1 신영통현대아파트 106동(1~2호열)
화성시,반월동,반월3통,12반,"반월동 865-1 신영통현대아파트 106동(3~4호열), 동학초, 복지관"
화성시,반월동,반월4통,1반,"반월동 865-1 신영통현대아파트 107동(1~2호열), 상가, 관리실"
화성시,반월동,반월4통,2반,반월동 865-1 신영통현대아파트 107동(3~4호열)
화성시,반월동,반월4통,3반,"반월동 865-1 신영통현대아파트 108동, 동학중, 학원"
화성시,반월동,반월4통,4반,반월동 865-1 신영통현대아파트 109동(1~2호열)
화성시,반월동,반월4통,5반,반월동 865-1 신영통현대아파트 109동(3~4호열)
화성시,반월동,반월4통,6반,반월동 865-1 신영통현대아파트 110동(1~2호열)
화성시,반월동,반월4통,7반,반월동 865-1 신영통현대아파트 110동(3~4호열)
화성시,반월동,반월4통,8반,반월동 865-1 신영통현대아파트 110동(5~6호열)
화성시,반월동,반월4통,9반,반월동 865-1 신영통현대아파트 111동(1~2호열)
화성시,반월동,반월4통,10반,반월동 865-1 신영통현대아파트 111동(3~4호열)
화성시,반월동,반월4통,11반,반월동 865-1 신영통현대아파트 111동(5~6호열)
화성시,반월동,반월4통,12반,반월동 865-1 신영통현대아파트 112동(1~2호열)
화성시,반월동,반월4통,13반,반월동 865-1 신영통현대아파트 112동(3~4호열)
화성시,반월동,반월5통,1반,반월동 868 신영통현대아파트 201동(1~2호열)
화성시,반월동,반월5통,2반,"반월동 868 신영통현대아파트 201동(3~4호열), 상가"
화성시,반월동,반월5통,3반,반월동 868 신영통현대아파트 202동(1~2호열)
화성시,반월동,반월5통,4반,반월동 868 신영통현대아파트 202동(3~4호열)
화성시,반월동,반월5통,5반,반월동 868 신영통현대아파트 203동(1~2호열)
화성시,읍면동,통리,반,관 할 구 역
화성시,반월동,반월5통,6반,반월동 868 신영통현대아파트 203동(3~4호열)
화성시,반월동,반월5통,7반,반월동 868 신영통현대아파트 204동(1~2호열)
화성시,반월동,반월5통,8반,반월동 868 신영통현대아파트 204동(3~4호열)
화성시,반월동,반월5통,9반,반월동 868 신영통현대아파트 205동(1~2호열)
화성시,반월동,반월5통,10반,반월동 868 신영통현대아파트 205동(3~4호열)
화성시,반월동,반월5통,11반,반월동 868 신영통현대아파트 206동(1~2호열)
화성시,반월동,반월5통,12반,반월동 868 신영통현대아파트 206동(3~4호열)
화성시,반월동,반월6통,1반,반월동 868 신영통현대아파트 207동(1~2호열)
화성시,반월동,반월6통,2반,반월동 868 신영통현대아파트 207동(3~4호열)
화성시,반월동,반월6통,3반,반월동 868 신영통현대아파트 208동(1~2호열)
화성시,반월동,반월6통,4반,반월동 868 신영통현대아파트 208동(3~4호열)
화성시,반월동,반월6통,5반,반월동 868 신영통현대아파트 208동(5~6호열)
화성시,반월동,반월6통,6반,"반월동 868 신영통현대아파트 209동(1~2호열), 관리실"
화성시,반월동,반월6통,7반,반월동 868 신영통현대아파트 209동(3~4호열)
화성시,반월동,반월6통,8반,반월동 868 신영통현대아파트 210동(1~2호열)
화성시,반월동,반월6통,9반,반월동 868 신영통현대아파트 210동(3~4호열)
화성시,반월동,반월7통,1반,반월동 868 신영통현대아파트 211동(1~2호열)
화성시,반월동,반월7통,2반,반월동 868 신영통현대아파트 211동(3~4호열)
화성시,반월동,반월7통,3반,반월동 868 신영통현대아파트 211동(5~6호열)
화성시,반월동,반월7통,4반,반월동 868 신영통현대아파트 211동(7~8호열)
화성시,반월동,반월7통,5반,반월동 868 신영통현대아파트 212동(1~2호열)
화성시,반월동,반월7통,6반,반월동 868 신영통현대아파트 212동(3~4호열)
화성시,반월동,반월7통,7반,반월동 868 신영통현대아파트 212동(5~6호열)
화성시,반월동,반월7통,8반,반월동 868 신영통현대아파트 213동
화성시,반월동,반월7통,9반,반월동 868 신영통현대아파트 214동(1~2호열)
화성시,반월동,반월7통,10반,반월동 868 신영통현대아파트 214동(3~4호열)
화성시,반월동,반월7통,11반,반월동 868 신영통현대아파트 214동(5~6호열)
화성시,반월동,반월7통,12반,반월동 868 신영통현대아파트 215동
화성시,반월동,반월7통,13반,반월동 868 신영통현대아파트 216동
화성시,반월동,반월8통,1반,반월동 860 신영통현대아파트 301동(1~2호열)
화성시,반월동,반월8통,2반,"반월동 860 신영통현대아파트 301동(3~4호열), 상가"
화성시,반월동,반월8통,3반,반월동 860 신영통현대아파트 302동(1~2호열)
화성시,반월동,반월8통,4반,반월동 860 신영통현대아파트 302동(3~4호열)
화성시,반월동,반월8통,5반,반월동 860 신영통현대아파트 303동(1~2호열)
화성시,반월동,반월8통,6반,반월동 860 신영통현대아파트 303동(3~4호열)
화성시,반월동,반월8통,7반,반월동 860 신영통현대아파트 303동(5~6호열)
화성시,반월동,반월8통,8반,반월동 860 신영통현대아파트 304동(1~2호열)
화성시,반월동,반월8통,9반,반월동 860 신영통현대아파트 304동(3~4호열)
화성시,읍면동,통리,반,관 할 구 역
화성시,반월동,반월8통,10반,반월동 860 신영통현대아파트 305동(1~2호열)
화성시,반월동,반월8통,11반,반월동 860 신영통현대아파트 305동(3~4호열)
화성시,반월동,반월8통,12반,반월동 860 신영통현대아파트 306동(1~2호열)
화성시,반월동,반월8통,13반,반월동 860 신영통현대아파트 306동(3~4호열)
화성시,반월동,반월9통,1반,반월동 860 신영통현대아파트 307동(1~2호열)
화성시,반월동,반월9통,2반,반월동 860 신영통현대아파트 307동(3~4호열)
화성시,반월동,반월9통,3반,반월동 860 신영통현대아파트 308동(1~2호열)
화성시,반월동,반월9통,4반,반월동 860 신영통현대아파트 308동(3~4호열)
화성시,반월동,반월9통,5반,반월동 860 신영통현대아파트 309동(1~2호열)
화성시,반월동,반월9통,6반,반월동 860 신영통현대아파트 309동(3~4호열)
화성시,반월동,반월9통,7반,"반월동 860 신영통현대아파트 310동(1~2호열), 관리실"
화성시,반월동,반월9통,8반,반월동 860 신영통현대아파트 310동(3~4호열)
화성시,반월동,반월9통,9반,반월동 860 신영통현대아파트 311동(1~2호열)
화성시,반월동,반월9통,10반,반월동 860 신영통현대아파트 311동(3~4호열)
화성시,반월동,반월10통,1반,반월동 870 신영통현대아파트 401동(1~2호열)
화성시,반월동,반월10통,2반,반월동 870 신영통현대아파트 401동(3~4호열)
화성시,반월동,반월10통,3반,반월동 870 신영통현대아파트 402동(1~2호열)
화성시,반월동,반월10통,4반,반월동 870 신영통현대아파트 402동(3~4호열)
화성시,반월동,반월10통,5반,반월동 870 신영통현대아파트 403동(1~2호열)
화성시,반월동,반월10통,6반,반월동 870 신영통현대아파트 403동(3~4호열)
화성시,반월동,반월10통,7반,반월동 870 신영통현대아파트 404동(1~2호열)
화성시,반월동,반월10통,8반,반월동 870 신영통현대아파트 404동(3~4호열)
화성시,반월동,반월10통,9반,반월동 870 신영통현대아파트 405동(1~2호열)
화성시,반월동,반월10통,10반,반월동 870 신영통현대아파트 405동(3~4호열)
화성시,반월동,반월10통,11반,반월동 870 신영통현대아파트 406동(1~2호열)
화성시,반월동,반월10통,12반,반월동 870 신영통현대아파트 406동(3~4호열)
화성시,반월동,반월10통,13반,"반월동 870 신영통현대아파트 407동(1~2호열), 관리실"
화성시,반월동,반월10통,14반,반월동 870 신영통현대아파트 407동(3~4호열)
화성시,반월동,반월10통,15반,반월동 870 신영통현대아파트 408동(1~2호열)
화성시,반월동,반월10통,16반,"반월동 870 신영통현대아파트 408동(3~4호열), 상가"
화성시,반월동,반월11통,1반,"반월동 872 행림마을 래미안2차아파트 201동, 상가, 관리실"
화성시,반월동,반월11통,2반,반월동 872 행림마을 래미안2차아파트 202동
화성시,반월동,반월11통,3반,반월동 872 행림마을 래미안2차아파트 203동
화성시,반월동,반월11통,4반,반월동 872 행림마을 래미안2차아파트 204동
화성시,반월동,반월11통,5반,반월동 872 행림마을 래미안2차아파트 205동
화성시,읍면동,통리,반,관 할 구 역
화성시,반월동,반월12통,1반,반월동 880 반달마을두산위브아파트 101동
화성시,반월동,반월12통,2반,반월동 880 반달마을두산위브아파트 102동
화성시,반월동,반월12통,3반,반월동 880 반달마을두산위브아파트 103동
화성시,반월동,반월12통,4반,반월동 880 반달마을두산위브아파트 104동
화성시,반월동,반월12통,5반,반월동 880 반달마을두산위브아파트 105동
화성시,반월동,반월12통,6반,반월동 880 반달마을두산위브아파트 106동
화성시,반월동,반월12통,7반,반월동 880 반달마을두산위브아파트 107동
화성시,반월동,반월12통,8반,반월동 880 반달마을두산위브아파트 108동
화성시,반월동,반월12통,9반,"반월동 880 반달마을두산위브아파트 109동, 관리동"
화성시,반월동,반월12통,10반,반월동 880 반달마을두산위브아파트 110동
화성시,반월동,반월12통,11반,"반월동 880 반달마을두산위브아파트 111동, 교회, 단지상가"
화성시,반월동,반월13통,1반,반월동 883 반달마을두산위브아파트 201동
화성시,반월동,반월13통,2반,반월동 883 반달마을두산위브아파트 202동
화성시,반월동,반월13통,3반,반월동 883 반달마을두산위브아파트 203동
화성시,반월동,반월13통,4반,반월동 883 반달마을두산위브아파트 204동
화성시,반월동,반월13통,5반,반월동 883 반달마을두산위브아파트 205동
화성시,반월동,반월13통,6반,"반월동 883 반달마을두산위브아파트206동, 단지상가"
화성시,반월동,반월13통,7반,반월동 883 반달마을두산위브빌라
화성시,반월동,반월14통,1반,"반월동 885 반달마을푸르지오아파트 301동, 관리동, 단지상가"
화성시,반월동,반월14통,2반,반월동 885 반달마을푸르지오아파트 302동
화성시,반월동,반월14통,3반,반월동 885 반달마을푸르지오아파트 303동
화성시,반월동,반월14통,4반,반월동 885 반달마을푸르지오아파트 304동
화성시,반월동,반월14통,5반,반월동 885 반달마을푸르지오아파트 305동
화성시,반월동,반월14통,6반,반월동 885 반달마을푸르지오아파트 306동
화성시,반월동,반월14통,7반,반월동 885 반달마을푸르지오아파트 307동
화성시,읍면동,통리,반,관 할 구 역
화성시,반월동,반월15통,1반,반월동 944 에스케이뷰(SK View) 101동
화성시,반월동,반월15통,2반,반월동 944 에스케이뷰(SK View) 102동
화성시,반월동,반월15통,3반,반월동 944 에스케이뷰(SK View) 103동
화성시,반월동,반월15통,4반,반월동 944 에스케이뷰(SK View) 104동
화성시,반월동,반월16통,1반,반월동 944 에스케이뷰(SK View) 105동
화성시,반월동,반월16통,2반,반월동 944 에스케이뷰(SK View) 106동
화성시,반월동,반월16통,3반,반월동 944 에스케이뷰(SK View) 107동
화성시,반월동,반월16통,4반,반월동 944 에스케이뷰(SK View) 108동
화성시,반월동,반월16통,5반,반월동 944 에스케이뷰(SK View) 109동
화성시,반월동,반월16통,6반,반월동 944 에스케이뷰(SK View) 110동
화성시,반월동,반월16통,7반,반월동 944 에스케이뷰(SK View) 111동
화성시,반월동,반월17통,1반,반월동 944 에스케이뷰(SK View) 112동
화성시,반월동,반월17통,2반,반월동 944 에스케이뷰(SK View) 113동
화성시,반월동,반월17통,3반,반월동 944 에스케이뷰(SK View) 114동
화성시,반월동,반월17통,4반,반월동 944 에스케이뷰(SK View) 115동
화성시,반월동,반월17통,5반,반월동 944 에스케이뷰(SK View) 116동
화성시,반월동,반월17통,6반,반월동 944 에스케이뷰(SK View) 117동
화성시,반월동,반월17통,7반,반월동 944 에스케이뷰(SK View) 118동
화성시,반월동,반월18통,1반,반월동 944 에스케이뷰(SK View) 119동
화성시,반월동,반월18통,2반,반월동 944 에스케이뷰(SK View) 120동
화성시,반월동,반월18통,3반,반월동 944 에스케이뷰(SK View) 121동
화성시,반월동,반월18통,4반,반월동 944 에스케이뷰(SK View) 122동
화성시,반월동,반월18통,5반,반월동 944 에스케이뷰(SK View) 123동
화성시,반월동,반월18통,6반,반월동 944 에스케이뷰(SK View) 124동
화성시,반월동,반월18통,7반,반월동 944 에스케이뷰(SK View) 125동
화성시,반월동,반월19통,1반,반월동 959 반월자이 더파크 101동
화성시,반월동,반월19통,2반,반월동 959 반월자이 더파크 102동
화성시,반월동,반월19통,3반,반월동 959 반월자이 더파크 103동
화성시,반월동,반월19통,4반,반월동 959 반월자이 더파크 104동
화성시,반월동,반월19통,5반,반월동 959 반월자이 더파크 105동
화성시,반월동,반월19통,6반,반월동 959 반월자이 더파크 106동
화성시,반월동,반월19통,7반,반월동 959 반월자이 더파크 107동
화성시,반월동,반월19통,8반,반월동 959 반월자이 더파크 108동
화성시,읍면동,통리,반,관 할 구 역
화성시,반월동,반월20통,1반,반월동 960 e편한세상 반월 나노시티역 101동
화성시,반월동,반월20통,2반,반월동 960 e편한세상 반월 나노시티역 102동
화성시,반월동,반월20통,3반,반월동 960 e편한세상 반월 나노시티역 103동
화성시,반월동,반월20통,4반,반월동 960 e편한세상 반월 나노시티역 104동
화성시,반월동,반월21통,1반,반월동 960 e편한세상 반월 나노시티역 105동
화성시,반월동,반월21통,2반,반월동 960 e편한세상 반월 나노시티역 106동
화성시,반월동,반월21통,3반,반월동 960 e편한세상 반월 나노시티역 107동
화성시,반월동,반월21통,4반,반월동 960 e편한세상 반월 나노시티역 108동
화성시,반월동,반월22통,1반,반월동 960 e편한세상 반월 나노시티역 109동
화성시,반월동,반월22통,2반,반월동 960 e편한세상 반월 나노시티역 110동
화성시,반월동,반월22통,3반,반월동 960 e편한세상 반월 나노시티역 111동
화성시,반월동,반월22통,4반,반월동 960 e편한세상 반월 나노시티역 112동
화성시,반월동,반월23통,1반,반월동 962 신동탄 롯데캐슬 101동
화성시,반월동,반월23통,2반,반월동 962 신동탄 롯데캐슬 102동
화성시,반월동,반월23통,3반,반월동 962 신동탄 롯데캐슬 103동
화성시,반월동,반월23통,4반,반월동 962 신동탄 롯데캐슬 104동
화성시,반월동,반월23통,5반,반월동 962 신동탄 롯데캐슬 105동
화성시,반월동,반월24통,1반,반월동 962 신동탄 롯데캐슬 106동
화성시,반월동,반월24통,2반,반월동 962 신동탄 롯데캐슬 107동
화성시,반월동,반월24통,3반,반월동 962 신동탄 롯데캐슬 108동
화성시,반월동,반월24통,4반,반월동 962 신동탄 롯데캐슬 109동
화성시,반월동,반월24통,5반,반월동 962 신동탄 롯데캐슬 110동
화성시,반월동,반월24통,6반,반월동 962 신동탄 롯데캐슬 111동
화성시,반월동,반월24통,7반,반월동 962 신동탄 롯데캐슬 112동
화성시,반월동,반월24통,8반,반월동 962 신동탄 롯데캐슬 113동
화성시,반월동,반월25통,1반,반월동 973 나노시티역 롯데캐슬 101동
화성시,반월동,반월25통,2반,반월동 973 나노시티역 롯데캐슬 102동
화성시,반월동,반월25통,3반,반월동 973 나노시티역 롯데캐슬 103동
화성시,반월동,반월25통,4반,반월동 973 나노시티역 롯데캐슬 104동
화성시,반월동,반월25통,5반,반월동 973 나노시티역 롯데캐슬 105동
화성시,반월동,반월25통,6반,반월동 973 나노시티역 롯데캐슬 106동
화성시,읍면동,통리,반,관 할 구 역
화성시,반월동,반월26통,1반,반월동 973 나노시티역 롯데캐슬 107동
화성시,반월동,반월26통,2반,반월동 973 나노시티역 롯데캐슬 108동
화성시,반월동,반월26통,3반,반월동 973 나노시티역 롯데캐슬 109동
화성시,반월동,반월26통,4반,반월동 973 나노시티역 롯데캐슬 110동
화성시,반월동,반월26통,5반,반월동 973 나노시티역 롯데캐슬 111동
화성시,반월동,반월26통,6반,반월동 973 나노시티역 롯데캐슬 112동
화성시,반월동,반월27통,1반,신동탄포레자이 101동
화성시,반월동,반월27통,2반,신동탄포레자이 102동
화성시,반월동,반월27통,3반,신동탄포레자이 103동
화성시,반월동,반월27통,4반,신동탄포레자이 104동
화성시,반월동,반월28통,1반,신동탄포레자이 105동
화성시,반월동,반월28통,2반,신동탄포레자이 106동
화성시,반월동,반월28통,3반,신동탄포레자이 107동
화성시,반월동,반월28통,4반,신동탄포레자이 108동
화성시,반월동,반월29통,1반,신동탄포레자이 109동
화성시,반월동,반월29통,2반,신동탄포레자이 110동
화성시,반월동,반월29통,3반,신동탄포레자이 111동
화성시,반월동,반월29통,4반,신동탄포레자이 112동
화성시,읍면동,통리,반,관할구역
화성시,기배동,배양1통,1반,배양동17~26
화성시,기배동,배양1통,2반,배양동18~21
화성시,기배동,배양1통,3반,배양동22~26
화성시,기배동,배양2통,1반,배양동63
화성시,기배동,배양2통,2반,배양동64
화성시,기배동,배양2통,3반,배양동65
화성시,기배동,배양3통,1반,배양동산1
화성시,기배동,배양3통,2반,배양동산1
화성시,기배동,배양3통,3반,배양동산1
화성시,기배동,기안1통,1반,기안동119~123
화성시,기배동,기안1통,2반,기안동124~149
화성시,기배동,기안1통,3반,기안동150~165
화성시,기배동,기안1통,4반,기안동166~181
화성시,기배동,기안1통,5반,기안동182~198
화성시,기배동,기안2통,1반,"기안동 237, 237-1, 238부터 239까지, 240, 240-2, 241, 242-1부 터 242-4까지, 243부터 244까지, 245, 245-3, 246부터 328까지 (290은 제외한다), 329-1, 330부터 331까지, 332, 333, 362부터 365까지, 423부터 449까지(429는 제외한다), 450, 450-159부터 450-163까지, 451부터 452까지 및 914"
화성시,기배동,기안2통,2반,"기안동 429, 450-1부터 450-9까지, 450-17부터 450-157까지, 450-164부터 450-195까지, 453, 456, 457부터 460까지(457-93 은 제외한다), 461-7, 927, 937 및 938"
화성시,기배동,기안3통,1반,기안동349 우림아파트 101동
화성시,기배동,기안3통,2반,기안동349 우림아파트 102동(1~4호열)
화성시,기배동,기안3통,3반,기안동349 우림아파트 102동(5~8호열)
화성시,기배동,기안3통,4반,기안동349 우림아파트 103동(1~4호열)
화성시,기배동,기안3통,5반,기안동349 우림아파트 103동(5~8호열)
화성시,기배동,기안3통,6반,기안동349 우림아파트 104동
화성시,기배동,기안3통,7반,기안동349 우림아파트 105동
화성시,기배동,기안3통,8반,기안동349 우림아파트 106동(1~4호열)
화성시,기배동,기안3통,9반,기안동349 우림아파트 106동(5~8호열)
화성시,기배동,기안3통,10반,기안동349 우림아파트 107동
화성시,기배동,기안4통,1반,기안동290 광도와이드빌 101동
화성시,기배동,기안4통,2반,기안동290 광도와이드빌 102동
화성시,기배동,기안4통,3반,기안동290 광도와이드빌 103동
화성시,기배동,기안4통,4반,기안동290 광도와이드빌 104동
화성시,기배동,기안4통,5반,기안동290 광도와이드빌 105동
화성시,기배동,기안4통,6반,기안동290 광도와이드빌 106동
화성시,기배동,기안4통,7반,기안동290 광도와이드빌 107동
화성시,기배동,기안4통,8반,기안동290 광도와이드빌 108동
화성시,기배동,기안4통,9반,기안동290 광도와이드빌 109동
화성시,기배동,기안4통,10반,기안동290 광도와이드빌 110동
화성시,읍면동,통리,반,관 할 구 역
화성시,기배동,기안4통,11반,기안동 290 광도와이드빌 111동
화성시,기배동,기안4통,12반,기안동 290 광도와이드빌 112동
화성시,기배동,기안4통,13반,기안동 290 광도와이드빌 113동
화성시,기배동,기안4통,14반,기안동 290 광도와이드빌 114동
화성시,기배동,기안4통,15반,기안동 290 광도와이드빌 115동
화성시,기배동,기안5통,1반,기안동 358 평생프러스빌 101동(1~4호열)
화성시,기배동,기안5통,2반,기안동 358 평생프러스빌 101동(5~7호열)
화성시,기배동,기안5통,3반,기안동 358 평생프러스빌 102동
화성시,기배동,기안5통,4반,기안동 358 평생프러스빌 103동
화성시,기배동,기안5통,5반,기안동 358 평생프러스빌 104동
화성시,기배동,기안6통,1반,기안동 457-93 기안마을 풍성신미주아파트 101동
화성시,기배동,기안6통,2반,기안동 457-93 기안마을 풍성신미주아파트 102동
화성시,기배동,기안6통,3반,기안동 457-93 기안마을 풍성신미주아파트 103동
화성시,기배동,기안6통,4반,기안동 457-93 기안마을 풍성신미주아파트 104동
화성시,기배동,기안6통,5반,기안동 457-93 기안마을 풍성신미주아파트 105동
화성시,기배동,기안6통,6반,기안동 457-93 기안마을 풍성신미주아파트 106동
화성시,기배동,기안6통,7반,기안동 457-93 기안마을 풍성신미주아파트 107동
화성시,기배동,기안6통,8반,기안동 457-93 기안마을 풍성신미주아파트 108동
화성시,기배동,기안6통,9반,기안동 457-93 기안마을 풍성신미주아파트 109동
화성시,기배동,기안6통,10반,기안동 457-93 기안마을 풍성신미주아파트 110동
화성시,기배동,기안7통,1반,기안동 457-93 기안마을 풍성신미주아파트 111동
화성시,기배동,기안7통,2반,기안동 457-93 기안마을 풍성신미주아파트 112동
화성시,기배동,기안7통,3반,기안동 457-93 기안마을 풍성신미주아파트 113동
화성시,기배동,기안7통,4반,기안동 457-93 기안마을 풍성신미주아파트 114동
화성시,기배동,기안7통,5반,기안동 457-93 기안마을 풍성신미주아파트 115동
화성시,기배동,기안7통,6반,기안동 457-93 기안마을 풍성신미주아파트 116동
화성시,기배동,기안7통,7반,기안동 457-93 기안마을 풍성신미주아파트 117동
화성시,기배동,기안7통,8반,기안동 457-93 기안마을 풍성신미주아파트 118동
화성시,기배동,기안7통,9반,기안동 457-93 기안마을 풍성신미주아파트 119동
화성시,기배동,기안7통,10반,기안동 457-93 기안마을 풍성신미주아파트 120동
화성시,기배동,기안8통,1반,"기안동 910 신일해피트리아파트 101동1열, 2열 103호-804호"
화성시,기배동,기안8통,2반,"기안동 910 신일해피트리아파트 101동2열 903호-1504호,3열"
화성시,기배동,기안8통,3반,기안동 910 신일해피트리아파트102동
화성시,기배동,기안8통,4반,기안동 910 신일해피트리아파트103동
화성시,기배동,기안8통,5반,기안동 910 신일해피트리아파트104동
화성시,기배동,기안8통,6반,기안동 910 신일해피트리아파트105동
화성시,읍면동,통리,반,관 할 구 역
화성시,기배동,기안8통,7반,"기안동 910 신일해피트리아파트 106동1열, 2열 103호-804호"
화성시,기배동,기안8통,8반,"기안동 910 신일해피트리아파트 106동2열 903호-1504호, 3열"
화성시,기배동,기안8통,9반,"기안동 910 신일해피트리아파트 106동 1열, 2열 103호-804호"
화성시,기배동,기안8통,10반,"기안동 910 신일해피트리아파트 106동 2열 903호-1504호, 3열, 상가"
화성시,기배동,기안8통,11반,기안동 910 신일해피트리아파트 108동
화성시,기배동,기안8통,12반,기안동 910 신일해피트리아파트 109동
화성시,기배동,기안8통,13반,기안동 910 신일해피트리아파트 110동
화성시,기배동,기안8통,14반,기안동 910 신일해피트리아파트 111동
화성시,기배동,기안8통,15반,기안동 910 신일해피트리아파트 112동
화성시,기배동,기안8통,16반,기안동 910 신일해피트리아파트 113동
화성시,기배동,기안9통,1반,기안동 906 신미주후레쉬빌라 201동 기안동 905 신미주후레쉬빌라 202동
화성시,기배동,기안9통,2반,기안동 902 신미주후레쉬빌라 203동 기안동 901 신미주후레쉬빌라 204동
화성시,기배동,기안10통,1반,기안동 925 파인팰리스 아파트 101동
화성시,기배동,기안11통,1반,기안동 454-5 우방 아이유쉘 메가시티 101동
화성시,기배동,기안11통,2반,기안동 454-5 우방 아이유쉘 메가시티 102동
화성시,기배동,기안11통,3반,기안동 454-5 우방 아이유쉘 메가시티 103동
화성시,기배동,기안11통,4반,기안동 454-5 우방 아이유쉘 메가시티 104동
화성시,기배동,기안11통,5반,기안동 454-5 우방 아이유쉘 메가시티 105동
화성시,기배동,기안12통,1반,기안동 373-4 우방 아이유쉘 메가시티 201동
화성시,기배동,기안12통,2반,기안동 373-4 우방 아이유쉘 메가시티 202동
화성시,기배동,기안12통,3반,기안동 373-4 우방 아이유쉘 메가시티 203동
화성시,기배동,기안12통,4반,기안동 373-4 우방 아이유쉘 메가시티 204동
화성시,기배동,기안12통,5반,기안동 373-4 우방 아이유쉘 메가시티 205동
화성시,기배동,기안12통,6반,기안동 373-4 우방 아이유쉘 메가시티 206동
화성시,기배동,기안12통,7반,기안동 373-4 우방 아이유쉘 메가시티 207동
화성시,기배동,기안12통,8반,기안동 373-4 우방 아이유쉘 메가시티 208동
화성시,기배동,기안12통,9반,기안동 373-4 우방 아이유쉘 메가시티 209동
화성시,기배동,기안13통,1반,"기안동 329-5부터 329-18까지, 332-2부터 332-4까지, 335-6부터 335-9까지, 336부터 336-8까지, 338, 338-3부터 338-21까지(원룸단지), 341부터 341-6까지, 344, 344-2부터 344-5까지, 345부터 345-8까지 및 467-3"
화성시,기배동,기안13통,2반,"기안동 339, 340부터 340-2까지, 353부터 353-11까지, 354-1부터 354-7까지, 355-1, 355-2, 355-8, 355-14(원룸), 355-16, 356, 356-8부터 356-14까지, 357-1부터 357-5까지, 359-2부터359-10까지, 360, 360-1부터 360-5까지(목원빌라), 360-6, 360-7(명성하이츠빌), 360-8부터 360-12까지 및 361"
화성시,읍면동,통리,반,관 할 구 역
화성시,화산동,황계1통,1반,황계동 181
화성시,화산동,황계1통,2반,황계동 182~183
화성시,화산동,황계1통,3반,황계동 177
화성시,화산동,황계1통,4반,황계동 163
화성시,화산동,황계1통,5반,황계동 165
화성시,화산동,황계2통,1반,"황계동 101~103, 134~139, 152"
화성시,화산동,황계2통,2반,황계동 111~120
화성시,화산동,황계2통,3반,황계동 121~124
화성시,화산동,황계2통,4반,황계동 104~106
화성시,화산동,황계2통,5반,황계동 107~110
화성시,화산동,송산1통,1반,"송산동 135(일우, 두성, 동광, 은성, 럭키빌라)"
화성시,화산동,송산1통,2반,"송산동 168-8, 96, 97, 98(송산빌라)"
화성시,화산동,송산1통,3반,송산동 167-17(영화빌라)
화성시,화산동,송산1통,4반,송산동 160~167
화성시,화산동,송산1통,5반,송산동 168~171
화성시,화산동,송산1통,6반,송산동 172~179
화성시,화산동,송산1통,7반,송산동 180~202
화성시,화산동,송산2통,1반,"송산동 147-4, 5, 6, 7(기린빌라)"
화성시,화산동,송산2통,2반,송산동 155-2(제성빌라)
화성시,화산동,송산2통,3반,"송산동 158-2, 6(남수원빌라, 광봉빌라)"
화성시,화산동,송산2통,4반,송산동 144-13
화성시,화산동,송산2통,5반,송산동 135
화성시,화산동,송산2통,6반,송산동 143~13
화성시,화산동,송산2통,7반,송산동 156~159
화성시,화산동,송산3통,1반,송산동 96~99
화성시,화산동,송산3통,2반,송산동 100
화성시,화산동,송산3통,3반,송산동 101~105
화성시,화산동,송산3통,4반,송산동 106~108
화성시,화산동,송산3통,5반,"송산동97-71, 105-10, 105-6(쌍용한우동, 성도빌라, 낙원주택)"
화성시,화산동,송산3통,6반,"송산동 138-2,8,9,11,12(오성빌라)"
화성시,화산동,송산3통,7반,송산동 109~142
화성시,화산동,송산4통,1반,"송산동 산4-2, 187~189"
화성시,화산동,송산4통,2반,송산동 190~191-232
화성시,화산동,송산4통,3반,송산동 192-223~199
화성시,화산동,송산5통,1반,송산동 97-15(화산주택)가동
화성시,화산동,송산5통,2반,송산동 97-15(화산주택)나동
화성시,화산동,송산5통,3반,송산동 97-15(화산주택)다동
화성시,화산동,송산5통,4반,송산동 97-15(화산주택)라동
화성시,화산동,송산5통,5반,송산동 97-15(화산주택)마동
화성시,화산동,송산5통,6반,송산동 97-15(화산주택)바동
화성시,화산동,송산6통,1반,송산동 97-129 신현대아파트 1동
화성시,화산동,송산6통,2반,송산동 97-129 신현대아파트 2동(1~9호열)
화성시,화산동,송산6통,3반,송산동 97-129 신현대아파트 2동(10~18호열)
화성시,화산동,송산6통,4반,송산동 97-129 신현대아파트 3동(1~7호열)
화성시,화산동,송산6통,5반,송산동 97-129 신현대아파트 3동(8~16호열)
화성시,읍면동,통리,반,관 할 구 역
화성시,화산동,송산7통,1반,송산동 97-2 신현대2차아파트 1동
화성시,화산동,송산7통,2반,송산동 97-2 신현대2차아파트 2동
화성시,화산동,송산7통,3반,송산동 97-2 신현대2차아파트 3동
화성시,화산동,송산7통,4반,송산동 97-2 신현대2차아파트 4동
화성시,화산동,송산7통,5반,송산동 97-2 신현대2차아파트 5동
화성시,화산동,송산7통,6반,송산동 97-2 신현대2차아파트 6동
화성시,화산동,송산8통,1반,송산동 98-2 효일목화아파트 101~210호
화성시,화산동,송산8통,2반,송산동 98-2 효일목화아파트 301~410호
화성시,화산동,송산8통,3반,송산동 98-2 효일목화아파트 501~610호
화성시,화산동,송산8통,4반,송산동 98-2 효일목화아파트 701~810호
화성시,화산동,송산8통,5반,송산동 98-2 효일목화아파트 901~1010호
화성시,화산동,송산8통,6반,송산동 98-2 효일목화아파트 1101~1307호
화성시,화산동,송산9통,1반,송산동 200-32 우남블루존아파트 101동(1~2호열)
화성시,화산동,송산9통,2반,송산동 200-32 우남블루존아파트 101동(3~4호열)
화성시,화산동,송산9통,3반,송산동 200-32 우남블루존아파트 101동(5~6호열)
화성시,화산동,송산9통,4반,송산동 200-32 우남블루존아파트 101동(7~8호열)
화성시,화산동,송산9통,5반,송산동 200-32 우남블루존아파트 102동(1~2호열)
화성시,화산동,송산9통,6반,송산동 200-32 우남블루존아파트 102동(3~4호열)
화성시,화산동,송산9통,7반,송산동 200-32 우남블루존아파트 102동(5~6호열)
화성시,화산동,송산9통,8반,송산동 200-32 우남블루존아파트 102동(7~8호열)
화성시,화산동,송산9통,9반,송산동 200-32 우남블루존아파트 103동(1~2호열)
화성시,화산동,송산9통,10반,송산동 200-32 우남블루존아파트 103동(3~4호열)
화성시,화산동,송산9통,11반,송산동 200-32 우남블루존아파트 103동(5~6호열)
화성시,화산동,송산9통,12반,송산동 200-32 우남블루존아파트 104동(1~2호열)
화성시,화산동,송산9통,13반,송산동 200-32 우남블루존아파트 104동(3~4호열)
화성시,화산동,송산9통,14반,송산동 200-32 우남블루존아파트 104동(5~6호열)
화성시,화산동,송산10통,1반,송산동 222 솔뫼마을 한승미메이드아파트 101동
화성시,화산동,송산10통,2반,"송산동 222 솔뫼마을 한승미메이드아파트 102동,103동,상가"
화성시,화산동,송산10통,3반,송산동 222 솔뫼마을 한승미메이드아파트 104동(1~3호열)
화성시,화산동,송산10통,4반,송산동 222 솔뫼마을 한승미메이드아파트 104동(4~6호열)
화성시,화산동,송산10통,5반,송산동 222 솔뫼마을 한승미메이드아파트 105동(1~3호열)
화성시,화산동,송산10통,6반,송산동 222 솔뫼마을 한승미메이드아파트 105동(4~6호열)
화성시,화산동,송산10통,7반,송산동 222 솔뫼마을 한승미메이드아파트 106동(1~3호열)
화성시,화산동,송산10통,8반,송산동 222 솔뫼마을 한승미메이드아파트 106동(4~6호열)
화성시,화산동,송산10통,9반,송산동 222 솔뫼마을 한승미메이드아파트 107동(1~3호열)
화성시,화산동,송산10통,10반,송산동 222 솔뫼마을 한승미메이드아파트 107동(4~6호열)
화성시,화산동,송산10통,11반,송산동 222 솔뫼마을 한승미메이드아파트 108동(1~3호열)
화성시,화산동,송산10통,12반,송산동 222 솔뫼마을 한승미메이드아파트 108동(4~6호열)
화성시,화산동,송산10통,13반,송산동 222 솔뫼마을 한승미메이드아파트 109동
화성시,화산동,송산10통,14반,송산동 222 솔뫼마을 한승미메이드아파트 110동
화성시,화산동,송산11통,1반,송산동 223 한승미메이드2단지 아파트 201동
화성시,화산동,송산11통,2반,"송산동 223 한승미메이드2단지 아파트 202동, 203동"
화성시,읍면동,통리,반,관 할 구 역
화성시,화산동,송산12통,1반,송산동 202-103 화성송산동원로얄듀크포레아파트 101동
화성시,화산동,송산12통,2반,송산동 202-103 화성송산동원로얄듀크포레아파트 102동
화성시,화산동,송산12통,3반,송산동 202-103 화성송산동원로얄듀크포레아파트 103동
화성시,화산동,송산12통,4반,송산동 202-103 화성송산동원로얄듀크포레아파트 104동
화성시,화산동,송산12통,5반,송산동 202-103 화성송산동원로얄듀크포레아파트 105동
화성시,화산동,송산12통,6반,송산동 202-103 화성송산동원로얄듀크포레아파트 106동
화성시,화산동,송산13통,1반,아너스포레 301동
화성시,화산동,송산13통,2반,아너스포레 302동
화성시,화산동,송산13통,3반,아너스포레 303동
화성시,화산동,송산13통,4반,아너스포레 304동
화성시,화산동,송산13통,5반,아너스포레 305동
화성시,화산동,송산13통,6반,아너스포레 306동
화성시,화산동,송산13통,7반,아너스포레 307동
화성시,화산동,송산13통,8반,아너스포레 308동
화성시,화산동,송산13통,9반,아너스포레 309동
화성시,화산동,송산13통,10반,아너스포레 310동
화성시,화산동,송산13통,11반,아너스포레 311동
화성시,화산동,송산13통,12반,아너스포레 312동
화성시,화산동,송산13통,13반,아너스포레 313동
화성시,화산동,송산13통,14반,아너스포레 314동
화성시,화산동,송산13통,15반,아너스포레 315동
화성시,화산동,안녕1통,1반,안녕동 35-2
화성시,화산동,안녕1통,2반,안녕동 28-26
화성시,화산동,안녕1통,3반,안녕동 34-2
화성시,화산동,안녕1통,4반,안녕동 36-6
화성시,화산동,안녕1통,5반,안녕동 19-3
화성시,화산동,안녕1통,6반,안녕동 36-13
화성시,화산동,안녕1통,7반,안녕동 19-1
화성시,화산동,안녕1통,8반,안녕동 37-28
화성시,화산동,안녕1통,9반,안녕동 37
화성시,화산동,안녕1통,10반,안녕동 37-51
화성시,화산동,안녕1통,11반,안녕동 42-16
화성시,화산동,안녕1통,12반,안녕동 44-6
화성시,화산동,안녕1통,13반,안녕동 36-14
화성시,화산동,안녕1통,14반,안녕동 37-98
화성시,화산동,안녕1통,15반,안녕동 53-9
화성시,화산동,안녕1통,16반,안녕동 37-76 하나빌라
화성시,화산동,안녕1통,17반,안녕동 37-61
화성시,화산동,안녕1통,18반,안녕동 37
화성시,화산동,안녕1통,19반,안녕동 37-10
화성시,화산동,안녕1통,20반,안녕동 37-76 유리빌라
화성시,화산동,안녕1통,21반,안녕동 25-12
화성시,화산동,안녕2통,1반,"안녕동 석곤빌라, 산성빌라2차, 명민주택"
화성시,화산동,안녕2통,2반,"안녕동 100-3, 117-5~125-4"
화성시,화산동,안녕2통,3반,"안녕동 산성빌라 1차, 122-5"
화성시,화산동,안녕2통,4반,안녕동 111~117
화성시,화산동,안녕2통,5반,"안녕동 121~127, 135-50, 선일빌라"
화성시,읍면동,통리,반,관 할 구 역
화성시,화산동,안녕3통,1반,"안녕동 및 175-30, 180-145, 180-153, 180-154부터 180-156까 지, 180-201, 180-214, 180-217, 180-219, 180-247, 180-263, 180-265, 180-283, 180-309(화성태안3지구 A1블록 및 A2블 록은 제외한다) 및 산1부터 산8까지"
화성시,화산동,안녕3통,2반,"안녕동 180-237부터 180-239까지, 180-276, 180-450 및 180-636"
화성시,화산동,안녕3통,3반,"안녕동 180-163, 180-457, 180-458, 180-614부터 180-616까지, 180-637, 188-357, 188-359 및 188-410"
화성시,화산동,안녕3통,4반,"안녕동 180-137, 180-188, 180-222, 180-228, 180-233, 180-342, 180-354, 180-414, 180-444, 180-452, 180-454, 180-471, 180-478, 180-479, 180-481, 180-485, 180-493, 180-495, 180-525, 186 및 188-340"
화성시,화산동,안녕3통,5반,"안녕동 71-519, 138-118, 162, 166-1, 167-9, 167-70, 167-74, 167-77, 167-81, 167-84, 167-89, 168-11, 170-5, 170-54, 170-117, 175-4, 180-183, 180-187, 180-195, 180-325, 180-326, 180-483, 180-611, 180-670, 180-671, 186-19, 186-69, 186-70, 186-91, 186-182, 186-190, 187-11 및 188-371"
화성시,화산동,안녕3통,6반,"안녕동 230-4, 235-6, 252-4, 252-7, 253-1, 253-11, 254-2, 254-4, 254-6, 258-1, 258-2, 258-8, 259, 260-1 및 261-3"
화성시,화산동,안녕4통,1반,안녕동 180~185
화성시,화산동,안녕4통,2반,안녕동 188
화성시,화산동,안녕4통,3반,"안녕동 188-270, 468~472(우성빌라)"
화성시,화산동,안녕4통,4반,"안녕동 188-27, 417, 418(동진빌라)"
화성시,화산동,안녕4통,5반,"안녕동 180-9, 449, 451, 188-506(부성그린빌라)"
화성시,화산동,안녕4통,6반,"안녕동 188-246, 188-474~476(청구빌라) 안녕동 180-11, 413, 188-464~188-465(영광빌라)"
화성시,화산동,안녕5통,1반,"안녕동 1-11, 1-15, 1-18(대광빌라A, B동 및 상가)"
화성시,화산동,안녕5통,2반,"안녕동 1-12, 1-19(대광빌라D, F동)"
화성시,화산동,안녕5통,3반,"안녕동 1-14, 1-20(대광빌라C, G동)"
화성시,화산동,안녕5통,4반,"안녕동 1-8, 1-16(대광빌라E, H동)"
화성시,화산동,안녕5통,5반,"안녕동 8-112, 8-113, 8-114, 8-115(대광빌라101~104동)"
화성시,화산동,안녕5통,6반,"안녕동 8-12, 8-58(대광빌라105~111동, 삼성반도체기숙사,상가)"
화성시,화산동,안녕5통,7반,"안녕동 8-8, 8-10(대광빌라 112~114동)"
화성시,화산동,안녕5통,8반,"안녕동 8-102, 124, 126, 127(대광빌라115동, 116동, 그린슈퍼상가동)"
화성시,화산동,안녕6통,1반,안녕동 49-6 남수원현대아파트 101동
화성시,화산동,안녕6통,2반,안녕동 49-6 남수원현대아파트 102동(1~2호열)
화성시,화산동,안녕6통,3반,안녕동 49-6 남수원현대아파트 102동(3~4호열)
화성시,화산동,안녕6통,4반,안녕동 49-6 남수원현대아파트 103동(1~2호열)
화성시,화산동,안녕6통,5반,안녕동 49-6 남수원현대아파트 103동(3~4호열)
화성시,화산동,안녕6통,6반,안녕동 49-6 남수원현대아파트 103동(5~6호열)
화성시,화산동,안녕6통,7반,안녕동 49-6 남수원현대아파트 103동(7~8호열)
화성시,화산동,안녕6통,8반,안녕동 49-6 남수원현대아파트 104동(1~2호열)
화성시,화산동,안녕6통,9반,안녕동 49-6 남수원현대아파트 104동(3~4호열)
화성시,화산동,안녕6통,10반,안녕동 49-6 남수원현대아파트 104동(5~6호열)
화성시,화산동,안녕6통,11반,안녕동 49-6 남수원현대아파트 104동(7~8호열)
화성시,화산동,안녕6통,12반,안녕동 49-6 남수원현대아파트 105동(1~2호열)
화성시,화산동,안녕6통,13반,안녕동 49-6 남수원현대아파트 105동(3~4호열)
화성시,화산동,안녕6통,14반,안녕동 49-6 남수원현대아파트 106동(1~2호열)
화성시,화산동,안녕6통,15반,안녕동 49-6 남수원현대아파트 106동(3~4호열)
화성시,화산동,안녕6통,16반,안녕동 49-6 남수원현대아파트 106동(5~6호열)
화성시,화산동,안녕6통,17반,안녕동 49-6 남수원현대아파트 106동(7~8호열)
화성시,화산동,안녕6통,18반,안녕동 49-6 남수원현대아파트 107동(1~2호열)
화성시,화산동,안녕6통,19반,안녕동 49-6 남수원현대아파트 107동(3~4호열)
화성시,화산동,안녕6통,20반,안녕동 49-6 남수원현대아파트 107동(5~6호열)
화성시,읍면동,통리,반,관 할 구 역
화성시,화산동,안녕7통,1반,안녕동 2 성호 2차아파트 101동
화성시,화산동,안녕7통,2반,안녕동 2 성호 2차아파트 102동
화성시,화산동,안녕7통,3반,안녕동 2 성호 2차아파트 102동
화성시,화산동,안녕7통,4반,안녕동 2 성호 2차아파트 103동
화성시,화산동,안녕7통,5반,안녕동 2 성호 2차아파트 104동
화성시,화산동,안녕7통,6반,안녕동 2 성호 2차아파트 105동(1~4호열)
화성시,화산동,안녕7통,7반,안녕동 2 성호 2차아파트 105동(5~8호열)
화성시,화산동,안녕7통,8반,안녕동 2 성호 2차아파트 106동(1~4호열)
화성시,화산동,안녕7통,9반,안녕동 2 성호 2차아파트 106동(5~8호열)
화성시,화산동,안녕7통,10반,안녕동 2 성호 2차아파트 107동(1~4호열)
화성시,화산동,안녕7통,11반,안녕동 2 성호 2차아파트 107동(5~8호열)
화성시,화산동,안녕8통,1반,"안녕동 210 남산마을 청광플러스원아파트 101동, 상가"
화성시,화산동,안녕8통,2반,안녕동 210 남산마을 청광플러스원아파트 102동
화성시,화산동,안녕8통,3반,안녕동 210 남산마을 청광플러스원아파트 103동
화성시,화산동,안녕8통,4반,안녕동 210 남산마을 청광플러스원아파트 104동
화성시,화산동,안녕9통,1반,안녕동 211 다솜마을 동문굿모닝힐아파트 101동(1~2호열)
화성시,화산동,안녕9통,2반,안녕동 211 다솜마을 동문굿모닝힐아파트 101동(3~4호열)
화성시,화산동,안녕9통,3반,"안녕동 211 다솜마을 동문굿모닝힐아파트 102동, 상가"
화성시,화산동,안녕9통,4반,안녕동 211 다솜마을 동문굿모닝힐아파트 103동(1~2호열)
화성시,화산동,안녕9통,5반,안녕동 211 다솜마을 동문굿모닝힐아파트 103동(3~4호열)
화성시,화산동,안녕9통,6반,안녕동 211 다솜마을 동문굿모닝힐아파트 104동(1~2호열)
화성시,화산동,안녕9통,7반,안녕동 211 다솜마을 동문굿모닝힐아파트 104동(3~4호열)
화성시,화산동,안녕9통,8반,안녕동 211 다솜마을 동문굿모닝힐아파트 105동
화성시,화산동,안녕9통,9반,안녕동 211 다솜마을 동문굿모닝힐아파트 106동(1~2호열)
화성시,화산동,안녕9통,10반,안녕동 211 다솜마을 동문굿모닝힐아파트 106동(3~4호열)
화성시,화산동,안녕9통,11반,안녕동 211 다솜마을 동문굿모닝힐아파트 107동
화성시,화산동,안녕9통,12반,안녕동 211 다솜마을 동문굿모닝힐아파트 108동(1~2호열)
화성시,화산동,안녕9통,13반,안녕동 211 다솜마을 동문굿모닝힐아파트 108동(3~4호열)
화성시,화산동,안녕9통,14반,안녕동 211 다솜마을 동문굿모닝힐아파트 109동(1~2호열)
화성시,화산동,안녕9통,15반,안녕동 211 다솜마을 동문굿모닝힐아파트 109동(3~4호열)
화성시,화산동,안녕9통,16반,안녕동 211 다솜마을 동문굿모닝힐아파트 110동(1~2호열)
화성시,화산동,안녕9통,17반,안녕동 211 다솜마을 동문굿모닝힐아파트 110동(3~4호열)
화성시,화산동,안녕9통,18반,안녕동 211 다솜마을 동문굿모닝힐아파트 110동(5~6호열)
화성시,화산동,안녕10통,1반,안녕동 212 아름마을신한미지엔아파트 101동
화성시,화산동,안녕10통,2반,안녕동 212 아름마을신한미지엔아파트 102동
화성시,화산동,안녕10통,3반,안녕동 212 아름마을신한미지엔아파트 103동
화성시,화산동,안녕10통,4반,안녕동 212 아름마을신한미지엔아파트 104동
화성시,화산동,안녕10통,5반,안녕동 212 아름마을신한미지엔아파트 105동
화성시,화산동,안녕10통,6반,안녕동 212 아름마을신한미지엔아파트 106동(1~4호열)
화성시,화산동,안녕10통,7반,안녕동 212 아름마을신한미지엔아파트 106동(5~6호열)
화성시,화산동,안녕10통,8반,안녕동 212 아름마을신한미지엔아파트 107동(1~3호열)
화성시,읍면동,통리,반,관 할 구 역
화성시,화산동,안녕10통,9반,안녕동 212 아름마을신한미지엔아파트 107동(4~7호열)
화성시,화산동,안녕10통,10반,안녕동 212 아름마을신한미지엔아파트 108동
화성시,화산동,안녕10통,11반,안녕동 212 아름마을신한미지엔아파트 109동
화성시,화산동,안녕10통,12반,안녕동 212 아름마을신한미지엔아파트 110동
화성시,화산동,안녕10통,13반,안녕동 212 아름마을신한미지엔아파트 111동
화성시,화산동,안녕10통,14반,안녕동 212 아름마을신한미지엔아파트 112동
화성시,화산동,안녕10통,15반,안녕동 212 아름마을신한미지엔아파트 113동
화성시,화산동,안녕11통,1반,안녕동 146~147
화성시,화산동,안녕11통,2반,안녕동 157~175
화성시,화산동,안녕11통,3반,안녕동 176
화성시,화산동,안녕11통,4반,안녕동 178
화성시,화산동,안녕12통,1반,안녕동 138-88 화성안녕동우방아이유쉘 101동 1층~16층
화성시,화산동,안녕12통,2반,안녕동 138-88 화성안녕동우방아이유쉘 101동 17층~102동 12층
화성시,화산동,안녕12통,3반,안녕동 138-88 화성안녕동우방아이유쉘 102동 13층~103동 8층
화성시,화산동,안녕12통,4반,안녕동 138-88 화성안녕동우방아이유쉘 103동 9층~104동 2층
화성시,화산동,안녕12통,5반,안녕동 138-88 화성안녕동우방아이유쉘 104동 3층~104동 20층
화성시,화산동,안녕12통,6반,안녕동 138-88 화성안녕동우방아이유쉘 105동 1층~105동 16층
화성시,화산동,안녕12통,7반,안녕동 138-88 화성안녕동우방아이유쉘 105동 17층~106동 12층
화성시,화산동,안녕12통,8반,안녕동 138-88 화성안녕동우방아이유쉘 106동 13층~107동 6층
화성시,화산동,안녕12통,9반,안녕동 138-88 화성안녕동우방아이유쉘 107동 7층~108동 2층
화성시,화산동,안녕12통,10반,안녕동 138-88 화성안녕동우방아이유쉘 108동 3층~108동 19층
화성시,화산동,안녕13통,1반,화성태안3지구 A1블록 101동
화성시,화산동,안녕13통,2반,화성태안3지구 A1블록 102동
화성시,화산동,안녕13통,3반,화성태안3지구 A1블록 103동
화성시,화산동,안녕13통,4반,화성태안3지구 A1블록 104동
화성시,화산동,안녕13통,5반,화성태안3지구 A1블록 105동
화성시,화산동,안녕13통,6반,화성태안3지구 A1블록 106동
화성시,화산동,안녕13통,7반,화성태안3지구 A1블록 107동
화성시,화산동,안녕13통,8반,화성태안3지구 A1블록 108동
화성시,화산동,안녕13통,9반,화성태안3지구 A1블록 109동
화성시,화산동,안녕13통,10반,화성태안3지구 A1블록 110동
화성시,화산동,안녕13통,11반,화성태안3지구 A1블록 111동
화성시,화산동,안녕13통,12반,화성태안3지구 A1블록 112동
화성시,화산동,안녕13통,13반,화성태안3지구 A1블록 113동
화성시,화산동,안녕14통,1반,화성태안3지구 A2블록 201동
화성시,화산동,안녕14통,2반,화성태안3지구 A2블록 202동
화성시,화산동,안녕14통,3반,화성태안3지구 A2블록 203동
화성시,화산동,안녕14통,4반,화성태안3지구 A2블록 204동
화성시,화산동,안녕14통,5반,화성태안3지구 A2블록 205동
화성시,화산동,안녕14통,6반,화성태안3지구 A2블록 206동
화성시,화산동,안녕14통,7반,화성태안3지구 A2블록 207동
화성시,읍면동,통리,반,관 할 구 역
화성시,화산동,안녕15통,1반,화성태안3 우미린센트포레 101동
화성시,화산동,안녕15통,2반,화성태안3 우미린센트포레 102동
화성시,화산동,안녕15통,3반,화성태안3 우미린센트포레 103동
화성시,화산동,안녕15통,4반,화성태안3 우미린센트포레 104동
화성시,화산동,안녕15통,5반,화성태안3 우미린센트포레 105동
화성시,화산동,안녕15통,6반,화성태안3 우미린센트포레 106동
화성시,화산동,안녕15통,7반,화성태안3 우미린센트포레 107동
화성시,화산동,안녕15통,8반,화성태안3 우미린센트포레 108동
화성시,화산동,안녕15통,9반,화성태안3 우미린센트포레 109동
화성시,화산동,안녕15통,10반,화성태안3 우미린센트포레 110동
화성시,화산동,안녕15통,11반,화성태안3 우미린센트포레 111동
화성시,화산동,안녕15통,12반,화성태안3 우미린센트포레 112동
화성시,화산동,안녕16통,1반,화성태안3 우미린센트포레 201동
화성시,화산동,안녕16통,2반,화성태안3 우미린센트포레 202동
화성시,화산동,안녕16통,3반,화성태안3 우미린센트포레 203동
화성시,화산동,안녕16통,4반,화성태안3 우미린센트포레 204동
화성시,화산동,안녕16통,5반,화성태안3 우미린센트포레 205동
화성시,화산동,안녕16통,6반,화성태안3 우미린센트포레 206동
화성시,화산동,안녕16통,7반,화성태안3 우미린센트포레 207동
화성시,화산동,안녕16통,8반,화성태안3 우미린센트포레 208동
화성시,화산동,안녕16통,9반,화성태안3 우미린센트포레 209동
화성시,화산동,안녕16통,10반,화성태안3 우미린센트포레 210동
화성시,화산동,안녕16통,11반,화성태안3 우미린센트포레 211동
화성시,읍면동,통리,반,관 할 구 역
화성시,동탄1동,1통,1반,반송동 83 동탄시범한빛마을 삼부르네상스아파트 201동
화성시,동탄1동,1통,2반,반송동 83 동탄시범한빛마을 삼부르네상스아파트 202동
화성시,동탄1동,1통,3반,반송동 83 동탄시범한빛마을 삼부르네상스아파트 203동
화성시,동탄1동,1통,4반,반송동 83 동탄시범한빛마을 삼부르네상스아파트 204동
화성시,동탄1동,1통,5반,반송동 83 동탄시범한빛마을 삼부르네상스아파트 205동
화성시,동탄1동,1통,6반,반송동 83 동탄시범한빛마을 삼부르네상스아파트 206동
화성시,동탄1동,1통,7반,반송동 83 동탄시범한빛마을 삼부르네상스아파트 207동
화성시,동탄1동,1통,8반,반송동 83 동탄시범한빛마을 삼부르네상스아파트 208동
화성시,동탄1동,1통,9반,반송동 83 동탄시범한빛마을 삼부르네상스아파트 209동
화성시,동탄1동,1통,10반,반송동 83 동탄시범한빛마을 삼부르네상스아파트 210동
화성시,동탄1동,2통,1반,반송동 85 동탄시범한빛마을 현대아이파크아파트 221동
화성시,동탄1동,2통,2반,반송동 85 동탄시범한빛마을 현대아이파크아파트 222동
화성시,동탄1동,2통,3반,반송동 85 동탄시범한빛마을 현대아이파크아파트 223동
화성시,동탄1동,2통,4반,반송동 85 동탄시범한빛마을 현대아이파크아파트 224동
화성시,동탄1동,2통,5반,반송동 85 동탄시범한빛마을 현대아이파크아파트 225동
화성시,동탄1동,2통,6반,반송동 85 동탄시범한빛마을 현대아이파크아파트 226동
화성시,동탄1동,2통,7반,반송동 85 동탄시범한빛마을 현대아이파크아파트 227동
화성시,동탄1동,2통,8반,반송동 85 동탄시범한빛마을 현대아이파크아파트 228동
화성시,동탄1동,3통,1반,반송동 19 동탄시범한빛마을 케이씨씨스위첸아파트 211동
화성시,동탄1동,3통,2반,반송동 19 동탄시범한빛마을 케이씨씨스위첸아파트 212동
화성시,동탄1동,3통,3반,반송동 19 동탄시범한빛마을 케이씨씨스위첸아파트 213동
화성시,동탄1동,3통,4반,반송동 19 동탄시범한빛마을 케이씨씨스위첸아파트 214동
화성시,동탄1동,3통,5반,반송동 19 동탄시범한빛마을 케이씨씨스위첸아파트 215동
화성시,동탄1동,3통,6반,반송동 19 동탄시범한빛마을 케이씨씨스위첸아파트 216동
화성시,동탄1동,4통,1반,반송동 21번지 동탄시범한빛마을 한화꿈에그린아파트 231동
화성시,동탄1동,4통,2반,반송동 21번지 동탄시범한빛마을 한화꿈에그린아파트 232동
화성시,동탄1동,4통,3반,반송동 21번지 동탄시범한빛마을 한화꿈에그린아파트 233동
화성시,동탄1동,4통,4반,반송동 21번지 동탄시범한빛마을 한화꿈에그린아파트 234동
화성시,동탄1동,4통,5반,반송동 21번지 동탄시범한빛마을 한화꿈에그린아파트 235동
화성시,동탄1동,4통,6반,반송동 21번지 동탄시범한빛마을 한화꿈에그린아파트 236동
화성시,동탄1동,5통,1반,반송동 82번지 동탄시범한빛마을 금호어울림아파트 241동
화성시,동탄1동,5통,2반,반송동 82번지 동탄시범한빛마을 금호어울림아파트 242동
화성시,동탄1동,5통,3반,반송동 82번지 동탄시범한빛마을 금호어울림아파트 243동
화성시,동탄1동,5통,4반,반송동 82번지 동탄시범한빛마을 금호어울림아파트 244동
화성시,동탄1동,5통,5반,반송동 82번지 동탄시범한빛마을 금호어울림아파트 245동
화성시,읍면동,통리,반,관 할 구 역
화성시,동탄1동,6통,1반,반송동 100번지 동탄시범다은마을 삼성래미안아파트 307동
화성시,동탄1동,6통,2반,반송동 100번지 동탄시범다은마을 삼성래미안아파트 308동
화성시,동탄1동,6통,3반,반송동 100번지 동탄시범다은마을 삼성래미안아파트 309동
화성시,동탄1동,6통,4반,반송동 100번지 동탄시범다은마을 삼성래미안아파트 310동
화성시,동탄1동,6통,5반,반송동 100번지 동탄시범다은마을 삼성래미안아파트 311동
화성시,동탄1동,6통,6반,반송동 100번지 동탄시범다은마을 삼성래미안아파트 312동
화성시,동탄1동,6통,7반,반송동 100번지 동탄시범다은마을 삼성래미안아파트 313동
화성시,동탄1동,7통,1반,반송동 101번지 동탄시범다은마을 메타역롯데캐슬아파트 301동
화성시,동탄1동,7통,2반,반송동 101번지 동탄시범다은마을 메타역롯데캐슬아파트 302동
화성시,동탄1동,7통,3반,반송동 101번지 동탄시범다은마을 메타역롯데캐슬아파트 303동
화성시,동탄1동,7통,4반,반송동 101번지 동탄시범다은마을 메타역롯데캐슬아파트 304동
화성시,동탄1동,7통,5반,반송동 101번지 동탄시범다은마을 메타역롯데캐슬아파트 305동
화성시,동탄1동,7통,6반,반송동 101번지 동탄시범다은마을 메타역롯데캐슬아파트 306동
화성시,동탄1동,8통,1반,반송동 102번지 동탄시범다은마을 포스코더샾아파트 314동
화성시,동탄1동,8통,2반,반송동 102번지 동탄시범다은마을 포스코더샾아파트 315동
화성시,동탄1동,8통,3반,반송동 102번지 동탄시범다은마을 포스코더샾아파트 316동
화성시,동탄1동,8통,4반,반송동 102번지 동탄시범다은마을 포스코더샾아파트 317동
화성시,동탄1동,8통,5반,반송동 102번지 동탄시범다은마을 포스코더샾아파트 318동
화성시,동탄1동,8통,6반,반송동 102번지 동탄시범다은마을 포스코더샾아파트 319동
화성시,동탄1동,8통,7반,반송동 102번지 동탄시범다은마을 포스코더샾아파트 320동
화성시,동탄1동,8통,8반,반송동 102번지 동탄시범다은마을 포스코더샾아파트 321동
화성시,동탄1동,9통,1반,반송동 80번지 동탄시범다은마을 월드메르디앙반도유보라아파트 331동
화성시,동탄1동,9통,2반,반송동 80번지 동탄시범다은마을 월드메르디앙반도유보라아파트 332동
화성시,동탄1동,9통,3반,반송동 80번지 동탄시범다은마을 월드메르디앙반도유보라아파트 333동
화성시,동탄1동,9통,4반,반송동 80번지 동탄시범다은마을 월드메르디앙반도유보라아파트 334동
화성시,동탄1동,9통,5반,반송동 80번지 동탄시범다은마을 월드메르디앙반도유보라아파트 335동
화성시,동탄1동,9통,6반,반송동 80번지 동탄시범다은마을 월드메르디앙반도유보라아파트 336동
화성시,동탄1동,9통,7반,반송동 80번지 동탄시범다은마을 월드메르디앙반도유보라아파트 337동
화성시,동탄1동,9통,8반,반송동 80번지 동탄시범다은마을 월드메르디앙반도유보라아파트 338동
화성시,동탄1동,9통,9반,반송동 80번지 동탄시범다은마을 월드메르디앙반도유보라아파트 339동
화성시,읍면동,통리,반,관 할 구 역
화성시,동탄1동,10통,1반,반송동 80번지 동탄시범다은마을 월드메르디앙반도유보라아파트 340동
화성시,동탄1동,10통,2반,반송동 80번지 동탄시범다은마을 월드메르디앙반도유보라아파트 341동
화성시,동탄1동,10통,3반,반송동 80번지 동탄시범다은마을 월드메르디앙반도유보라아파트 342동
화성시,동탄1동,10통,4반,반송동 80번지 동탄시범다은마을 월드메르디앙반도유보라아파트 343동
화성시,동탄1동,10통,5반,반송동 80번지 동탄시범다은마을 월드메르디앙반도유보라아파트 344동
화성시,동탄1동,10통,6반,반송동 80번지 동탄시범다은마을 월드메르디앙반도유보라아파트 345동
화성시,동탄1동,10통,7반,반송동 80번지 동탄시범다은마을 월드메르디앙반도유보라아파트 346동
화성시,동탄1동,10통,8반,반송동 80번지 동탄시범다은마을 월드메르디앙반도유보라아파트 347동
화성시,동탄1동,10통,9반,반송동 80번지 동탄시범다은마을 월드메르디앙반도유보라아파트 348동
화성시,동탄1동,11통,1반,반송동 79 동탄시범다은마을 우남퍼스트빌아파트 349동
화성시,동탄1동,11통,2반,반송동 79 동탄시범다은마을 우남퍼스트빌아파트 350동
화성시,동탄1동,11통,3반,반송동 79 동탄시범다은마을 우남퍼스트빌아파트 351동
화성시,동탄1동,11통,4반,반송동 79 동탄시범다은마을 우남퍼스트빌아파트 352동
화성시,동탄1동,11통,5반,반송동 79 동탄시범다은마을 우남퍼스트빌아파트 353동
화성시,동탄1동,11통,6반,반송동 79 동탄시범다은마을 우남퍼스트빌아파트 354동
화성시,동탄1동,11통,7반,반송동 79 동탄시범다은마을 우남퍼스트빌아파트 355동
화성시,동탄1동,11통,8반,반송동 79 동탄시범다은마을 우남퍼스트빌아파트 356동
화성시,동탄1동,12통,1반,반송동 75 동탄시범다은마을 센트럴파크뷰아파트 361동
화성시,동탄1동,12통,2반,반송동 75 동탄시범다은마을 센트럴파크뷰아파트 362동
화성시,동탄1동,12통,3반,반송동 75 동탄시범다은마을 센트럴파크뷰아파트 363동
화성시,동탄1동,12통,4반,반송동 75 동탄시범다은마을 센트럴파크뷰아파트 364동
화성시,동탄1동,12통,5반,반송동 75 동탄시범다은마을 센트럴파크뷰아파트 365동
화성시,동탄1동,12통,6반,반송동 75 동탄시범다은마을 센트럴파크뷰아파트 366동
화성시,동탄1동,13통,1반,반송동 74 우림필유타운하우스 101동 ~ 103동
화성시,동탄1동,13통,2반,반송동 74 우림필유타운하우스 104동 ~ 108동
화성시,동탄1동,13통,3반,반송동 74 우림필유타운하우스 109동 ~ 113동
화성시,동탄1동,13통,4반,반송동 74 우림필유타운하우스 114동 ~ 118동
화성시,동탄1동,14통,1반,"반송동 1, 2"
화성시,동탄1동,14통,2반,반송동 3
화성시,동탄1동,14통,3반,반송동 4
화성시,동탄1동,14통,4반,"반송동 5, 35"
화성시,동탄1동,14통,5반,반송동 36
화성시,동탄1동,14통,6반,반송동 37
화성시,동탄1동,14통,7반,"반송동 38, 41"
화성시,동탄1동,14통,8반,반송동 39
화성시,읍면동,통리,반,관 할 구 역
화성시,동탄1동,15통,1반,"반송동 6, 8, 9"
화성시,동탄1동,15통,2반,반송동 7-1~7-13
화성시,동탄1동,15통,3반,반송동 10
화성시,동탄1동,15통,4반,"반송동 11, 12"
화성시,동탄1동,15통,5반,반송동 30
화성시,동탄1동,15통,6반,반송동 31
화성시,동탄1동,15통,7반,반송동 32
화성시,동탄1동,15통,8반,"반송동 33, 42-1~42-4"
화성시,동탄1동,15통,9반,반송동 34
화성시,동탄1동,16통,1반,반송동 7-14~7-24
화성시,동탄1동,16통,2반,반송동 13
화성시,동탄1동,16통,3반,"반송동 14, 18"
화성시,동탄1동,16통,4반,반송동 15
화성시,동탄1동,16통,5반,반송동 16
화성시,동탄1동,16통,6반,반송동 17
화성시,동탄1동,16통,7반,반송동 22
화성시,동탄1동,16통,8반,반송동 23
화성시,동탄1동,16통,9반,반송동 24
화성시,동탄1동,16통,10반,반송동 25
화성시,동탄1동,16통,11반,"반송동 26, 27, 42-5,~42-8"
화성시,동탄1동,17통,1반,"반송동 43, 48"
화성시,동탄1동,17통,2반,반송동 44
화성시,동탄1동,17통,3반,"반송동 45, 46"
화성시,동탄1동,17통,4반,반송동 47
화성시,동탄1동,17통,5반,반송동 49
화성시,동탄1동,17통,6반,반송동 50-1~50-10
화성시,동탄1동,17통,7반,반송동 50-11~50-20
화성시,동탄1동,17통,8반,반송동 51
화성시,동탄1동,17통,9반,반송동 52-1~52-9
화성시,동탄1동,17통,10반,반송동 52-10~52-19
화성시,동탄1동,17통,11반,반송동 53~55
화성시,동탄1동,17통,12반,반송동 56~58
화성시,동탄1동,18통,1반,반송동 62
화성시,동탄1동,18통,2반,반송동 63
화성시,동탄1동,18통,3반,반송동 64
화성시,동탄1동,18통,4반,반송동 65
화성시,동탄1동,18통,5반,"반송동 61, 66"
화성시,동탄1동,18통,6반,반송동 67
화성시,동탄1동,18통,7반,반송동 68
화성시,동탄1동,18통,8반,반송동 69
화성시,읍면동,통리,반,관 할 구 역
화성시,동탄1동,18통,9반,"반송동 70, 71"
화성시,동탄1동,18통,10반,"반송동 76, 77"
화성시,동탄1동,19통,1반,석우동 49 동탄예당마을 대우푸르지오아파트 101동
화성시,동탄1동,19통,2반,석우동 49 동탄예당마을 대우푸르지오아파트 102동
화성시,동탄1동,19통,3반,석우동 49 동탄예당마을 대우푸르지오아파트 103동
화성시,동탄1동,19통,4반,석우동 49 동탄예당마을 대우푸르지오아파트 104동
화성시,동탄1동,20통,1반,석우동 49 동탄예당마을 대우푸르지오아파트 105동
화성시,동탄1동,20통,2반,석우동 49 동탄예당마을 대우푸르지오아파트 106동
화성시,동탄1동,20통,3반,석우동 49 동탄예당마을 대우푸르지오아파트 107동
화성시,동탄1동,20통,4반,석우동 49 동탄예당마을 대우푸르지오아파트 108동
화성시,동탄1동,20통,5반,석우동 49 동탄예당마을 대우푸르지오아파트 109동
화성시,동탄1동,21통,1반,석우동 53 동탄예당마을 우미린제일풍경채아파트 111동
화성시,동탄1동,21통,2반,석우동 53 동탄예당마을 우미린제일풍경채아파트 112동
화성시,동탄1동,21통,3반,석우동 53 동탄예당마을 우미린제일풍경채아파트 113동
화성시,동탄1동,21통,4반,석우동 53 동탄예당마을 우미린제일풍경채아파트 114동
화성시,동탄1동,21통,5반,석우동 53 동탄예당마을 우미린제일풍경채아파트 115동
화성시,동탄1동,21통,6반,석우동 53 동탄예당마을 우미린제일풍경채아파트 116동
화성시,동탄1동,21통,7반,석우동 53 동탄예당마을 우미린제일풍경채아파트 117동
화성시,동탄1동,22통,1반,석우동 53 동탄예당마을 우미린제일풍경채아파트 118동
화성시,동탄1동,22통,2반,석우동 53 동탄예당마을 우미린제일풍경채아파트 119동
화성시,동탄1동,22통,3반,석우동 53 동탄예당마을 우미린제일풍경채아파트 120동
화성시,동탄1동,22통,4반,석우동 53 동탄예당마을 우미린제일풍경채아파트 121동
화성시,동탄1동,22통,5반,석우동 53 동탄예당마을 우미린제일풍경채아파트 122동
화성시,동탄1동,22통,6반,석우동 53 동탄예당마을 우미린제일풍경채아파트 123동
화성시,동탄1동,22통,7반,석우동 53 동탄예당마을 우미린제일풍경채아파트 124동
화성시,동탄1동,22통,8반,석우동 53 동탄예당마을 우미린제일풍경채아파트 125동
화성시,동탄1동,23통,1반,석우동 55 동탄예당마을 롯데캐슬아파트 141동
화성시,동탄1동,23통,2반,석우동 55 동탄예당마을 롯데캐슬아파트 142동
화성시,동탄1동,23통,3반,석우동 55 동탄예당마을 롯데캐슬아파트 143동
화성시,동탄1동,23통,4반,석우동 55 동탄예당마을 롯데캐슬아파트 144동
화성시,동탄1동,23통,5반,석우동 55 동탄예당마을 롯데캐슬아파트 145동
화성시,동탄1동,23통,6반,석우동 55 동탄예당마을 롯데캐슬아파트 146동
화성시,동탄1동,23통,7반,석우동 55 동탄예당마을 롯데캐슬아파트 147동
화성시,동탄1동,23통,8반,석우동 55 동탄예당마을 롯데캐슬아파트 148동
화성시,읍면동,통리,반,관 할 구 역
화성시,동탄1동,24통,1반,석우동 55 동탄예당마을 롯데캐슬아파트 149동
화성시,동탄1동,24통,2반,석우동 55 동탄예당마을 롯데캐슬아파트 150동
화성시,동탄1동,24통,3반,석우동 55 동탄예당마을 롯데캐슬아파트 151동
화성시,동탄1동,24통,4반,석우동 55 동탄예당마을 롯데캐슬아파트 152동
화성시,동탄1동,24통,5반,석우동 55 동탄예당마을 롯데캐슬아파트 153동
화성시,동탄1동,24통,6반,석우동 55 동탄예당마을 롯데캐슬아파트 154동
화성시,동탄1동,24통,7반,석우동 55 동탄예당마을 롯데캐슬아파트 155동
화성시,동탄1동,24통,8반,석우동 55 동탄예당마을 롯데캐슬아파트 156동
화성시,동탄1동,25통,1반,석우동 56 동탄예당마을 신일유토빌아파트 131동
화성시,동탄1동,25통,2반,석우동 56 동탄예당마을 신일유토빌아파트 132동
화성시,동탄1동,25통,3반,석우동 56 동탄예당마을 신일유토빌아파트 133동
화성시,동탄1동,25통,4반,석우동 56 동탄예당마을 신일유토빌아파트 134동
화성시,동탄1동,25통,5반,석우동 56 동탄예당마을 신일유토빌아파트 135동
화성시,동탄1동,25통,6반,석우동 56 동탄예당마을 신일유토빌아파트 136동
화성시,동탄1동,26통,1반,석우동 1~7
화성시,동탄1동,26통,2반,석우동 8~10
화성시,동탄1동,26통,3반,석우동 11
화성시,동탄1동,26통,4반,석우동 12
화성시,동탄1동,26통,5반,석우동 13
화성시,동탄1동,26통,6반,"석우동 14~24, 28, 29, 31~34, 36, 41, 42, 58~60"
화성시,동탄1동,27통,1반,"반송동 86, 87, 88, 91"
화성시,동탄1동,27통,2반,"반송동 89, 90"
화성시,동탄1동,28통,1반,반송동 96 메타폴리스 A동
화성시,동탄1동,28통,2반,반송동 96 메타폴리스 B동
화성시,동탄1동,29통,1반,"반송동 92-1~2, 93-1~2"
화성시,동탄1동,29통,2반,"반송동 92-3~4, 93-3~5, 93-11"
화성시,동탄1동,29통,3반,반송동 94
화성시,동탄1동,30통,1반,"반송동 103, 104, 107"
화성시,동탄1동,30통,2반,"반송동 105, 106"
화성시,동탄1동,31통,1반,반송동 98 메타폴리스 C동
화성시,동탄1동,31통,2반,반송동 98 메타폴리스 D동
화성시,동탄1동,32통,1반,"반송동 92-5~7, 93-6~8"
화성시,동탄1동,32통,2반,반송동 93-9~10
화성시,동탄2동,1통,1반,반송동 132번지 동탄솔빛마을 경남아너스빌아파트 401동
화성시,동탄2동,1통,2반,반송동 132번지 동탄솔빛마을 경남아너스빌아파트 402동
화성시,동탄2동,1통,3반,반송동 132번지 동탄솔빛마을 경남아너스빌아파트 403동
화성시,읍면동,통리,반,관 할 구 역
화성시,동탄2동,1통,4반,반송동 132번지 동탄솔빛마을 경남아너스빌아파트 404동
화성시,동탄2동,1통,5반,반송동 132번지 동탄솔빛마을 경남아너스빌아파트 405동
화성시,동탄2동,1통,6반,반송동 132번지 동탄솔빛마을 경남아너스빌아파트 406동
화성시,동탄2동,1통,7반,반송동 132번지 동탄솔빛마을 경남아너스빌아파트 407동
화성시,동탄2동,2통,1반,반송동 140번지 동탄솔빛마을 서해그랑블아파트 411동
화성시,동탄2동,2통,2반,반송동 140번지 동탄솔빛마을 서해그랑블아파트 412동
화성시,동탄2동,2통,3반,반송동 140번지 동탄솔빛마을 서해그랑블아파트 413동
화성시,동탄2동,2통,4반,반송동 140번지 동탄솔빛마을 서해그랑블아파트 414동
화성시,동탄2동,2통,5반,반송동 140번지 동탄솔빛마을 서해그랑블아파트 415동
화성시,동탄2동,2통,6반,반송동 140번지 동탄솔빛마을 서해그랑블아파트 416동
화성시,동탄2동,2통,7반,반송동 140번지 동탄솔빛마을 서해그랑블아파트 417동
화성시,동탄2동,2통,8반,반송동 140번지 동탄솔빛마을 서해그랑블아파트 418동
화성시,동탄2동,2통,9반,반송동 140번지 동탄솔빛마을 서해그랑블아파트 419동
화성시,동탄2동,2통,10반,반송동 140번지 동탄솔빛마을 서해그랑블아파트 420동
화성시,동탄2동,2통,11반,"반송동 140번지 동탄솔빛마을 서해그랑블아파트 421동, 반송동 137~139"
화성시,동탄2동,3통,1반,반송동 134번지 동탄나루마을 신도브래뉴아파트 431동
화성시,동탄2동,3통,2반,반송동 134번지 동탄나루마을 신도브래뉴아파트 432동
화성시,동탄2동,3통,3반,반송동 134번지 동탄나루마을 신도브래뉴아파트 433동
화성시,동탄2동,3통,4반,반송동 134번지 동탄나루마을 신도브래뉴아파트 434동
화성시,동탄2동,3통,5반,반송동 134번지 동탄나루마을 신도브래뉴아파트 435동
화성시,동탄2동,3통,6반,반송동 134번지 동탄나루마을 신도브래뉴아파트 436동
화성시,동탄2동,3통,7반,반송동 134번지 동탄나루마을 신도브래뉴아파트 437동
화성시,동탄2동,3통,8반,"반송동 134번지 동탄나루마을 신도브래뉴아파트 438동, 반송동 133"
화성시,동탄2동,4통,1반,"반송동 135번지 동탄솔빛마을 쌍용예가아파트 441동, 반송동 219~221"
화성시,동탄2동,4통,2반,반송동 135번지 동탄솔빛마을 쌍용예가아파트 442동
화성시,동탄2동,4통,3반,반송동 135번지 동탄솔빛마을 쌍용예가아파트 443동
화성시,동탄2동,4통,4반,반송동 135번지 동탄솔빛마을 쌍용예가아파트 444동
화성시,동탄2동,4통,5반,반송동 135번지 동탄솔빛마을 쌍용예가아파트 445동
화성시,동탄2동,4통,6반,반송동 135번지 동탄솔빛마을 쌍용예가아파트 446동
화성시,동탄2동,4통,7반,반송동 135번지 동탄솔빛마을 쌍용예가아파트 447동
화성시,동탄2동,4통,8반,반송동 135번지 동탄솔빛마을 쌍용예가아파트 448동
화성시,동탄2동,5통,1반,반송동 135번지 동탄솔빛마을 쌍용예가아파트 449동
화성시,동탄2동,5통,2반,반송동 135번지 동탄솔빛마을 쌍용예가아파트 450동
화성시,동탄2동,5통,3반,반송동 135번지 동탄솔빛마을 쌍용예가아파트 451동
화성시,동탄2동,5통,4반,반송동 135번지 동탄솔빛마을 쌍용예가아파트 452동
화성시,동탄2동,5통,5반,반송동 135번지 동탄솔빛마을 쌍용예가아파트 453동
화성시,동탄2동,5통,6반,"반송동 135번지 동탄솔빛마을 쌍용예가아파트 454동, 반송동 136"
화성시,동탄2동,6통,1반,반송동 111~114
화성시,동탄2동,6통,2반,반송동 115~117
화성시,읍면동,통리,반,관 할 구 역
화성시,동탄2동,6통,3반,반송동 118~121
화성시,동탄2동,7통,1반,반송동 122~123
화성시,동탄2동,7통,2반,반송동 124~125
화성시,동탄2동,7통,3반,반송동 126~128
화성시,동탄2동,7통,4반,"반송동 129~131, 234"
화성시,동탄2동,8통,1반,반송동 222번지 동탄나루마을 한화꿈에그린우림필유아파트 601동
화성시,동탄2동,8통,2반,반송동 222번지 동탄나루마을 한화꿈에그린우림필유아파트 602동
화성시,동탄2동,8통,3반,반송동 222번지 동탄나루마을 한화꿈에그린우림필유아파트 603동
화성시,동탄2동,8통,4반,반송동 222번지 동탄나루마을 한화꿈에그린우림필유아파트 604동
화성시,동탄2동,8통,5반,반송동 222번지 동탄나루마을 한화꿈에그린우림필유아파트 605동
화성시,동탄2동,8통,6반,반송동 222번지 동탄나루마을 한화꿈에그린우림필유아파트 606동
화성시,동탄2동,8통,7반,반송동 222번지 동탄나루마을 한화꿈에그린우림필유아파트 607동
화성시,동탄2동,8통,8반,반송동 222번지 동탄나루마을 한화꿈에그린우림필유아파트 608동
화성시,동탄2동,9통,1반,"반송동 215 동탄나루마을 신도브래뉴아파트 611동, 반송동 216~218"
화성시,동탄2동,9통,2반,반송동 215번지 동탄나루마을 신도브래뉴아파트 612동
화성시,동탄2동,9통,3반,반송동 215번지 동탄나루마을 신도브래뉴아파트 613동
화성시,동탄2동,9통,4반,반송동 215번지 동탄나루마을 신도브래뉴아파트 614동
화성시,동탄2동,9통,5반,반송동 215번지 동탄나루마을 신도브래뉴아파트 615동
화성시,동탄2동,9통,6반,반송동 215번지 동탄나루마을 신도브래뉴아파트 616동
화성시,동탄2동,9통,7반,반송동 215번지 동탄나루마을 신도브래뉴아파트 617동
화성시,동탄2동,9통,8반,반송동 215번지 동탄나루마을 신도브래뉴아파트 618동
화성시,동탄2동,9통,9반,반송동 215번지 동탄나루마을 신도브래뉴아파트 619동
화성시,동탄2동,9통,10반,"반송동 215번지 동탄나루마을 신도브래뉴아파트 620동, 반송동 214"
화성시,동탄2동,10통,1반,반송동 200번지 동탄나루마을 한화꿈에그린아파트 621동
화성시,동탄2동,10통,2반,반송동 200번지 동탄나루마을 한화꿈에그린아파트 622동
화성시,동탄2동,10통,3반,반송동 200번지 동탄나루마을 한화꿈에그린아파트 623동
화성시,동탄2동,10통,4반,반송동 200번지 동탄나루마을 한화꿈에그린아파트 624동
화성시,동탄2동,10통,5반,반송동 200번지 동탄나루마을 한화꿈에그린아파트 625동
화성시,동탄2동,10통,6반,반송동 200번지 동탄나루마을 한화꿈에그린아파트 626동
화성시,동탄2동,10통,7반,반송동 200번지 동탄나루마을 한화꿈에그린아파트 627동
화성시,동탄2동,10통,8반,반송동 200번지 동탄나루마을 한화꿈에그린아파트 628동
화성시,동탄2동,10통,9반,반송동 200번지 동탄나루마을 한화꿈에그린아파트 629동
화성시,동탄2동,10통,10반,반송동 200번지 동탄나루마을 한화꿈에그린아파트 630동
화성시,읍면동,통리,반,관 할 구 역
화성시,동탄2동,11통,1반,반송동 224번지 동탄나루마을 동탄역 유보라 여울숲 1.0 아파트 631동
화성시,동탄2동,11통,2반,반송동 224번지 동탄나루마을 동탄역 유보라 여울숲 1.0 아파트 632동
화성시,동탄2동,11통,3반,반송동 224번지 동탄나루마을 동탄역 유보라 여울숲 1.0 아파트 633동
화성시,동탄2동,11통,4반,반송동 224번지 동탄나루마을 동탄역 유보라 여울숲 1.0 아파트 634동
화성시,동탄2동,11통,5반,반송동 224번지 동탄나루마을 동탄역 유보라 여울숲 1.0 아파트 635동
화성시,동탄2동,11통,6반,반송동 224번지 동탄나루마을 동탄역 유보라 여울숲 1.0 아파트 636동
화성시,동탄2동,11통,7반,반송동 224번지 동탄나루마을 동탄역 유보라 여울숲 1.0 아파트 637동
화성시,동탄2동,11통,8반,"반송동 224번지 동탄나루마을 동탄역 유보라 여울숲 1.0 아파트 638동, 반송동 223"
화성시,동탄2동,12통,1반,반송동 212번지 동탄나루마을 동탄역 유보라 여울숲 2.0 아파트 641동
화성시,동탄2동,12통,2반,반송동 212번지 동탄나루마을 동탄역 유보라 여울숲 2.0 아파트 642동
화성시,동탄2동,12통,3반,반송동 212번지 동탄나루마을 동탄역 유보라 여울숲 2.0 아파트 643동
화성시,동탄2동,12통,4반,반송동 212번지 동탄나루마을 동탄역 유보라 여울숲 2.0 아파트 644동
화성시,동탄2동,12통,5반,반송동 212번지 동탄나루마을 동탄역 유보라 여울숲 2.0 아파트 645동
화성시,동탄2동,12통,6반,반송동 212번지 동탄나루마을 동탄역 유보라 여울숲 2.0 아파트 646동
화성시,동탄2동,12통,7반,반송동 212번지 동탄나루마을 동탄역 유보라 여울숲 2.0 아파트 647동
화성시,동탄2동,12통,8반,반송동 212번지 동탄나루마을 동탄역 유보라 여울숲 2.0 아파트 648동
화성시,동탄2동,12통,9반,반송동 212번지 동탄나루마을 동탄역 유보라 여울숲 2.0 아파트 649동
화성시,동탄2동,12통,10반,반송동 212번지 동탄나루마을 동탄역 유보라 여울숲 2.0 아파트 650동
화성시,동탄2동,12통,11반,반송동 212번지 동탄나루마을 동탄역 유보라 여울숲 2.0 아파트 651동
화성시,동탄2동,12통,12반,"반송동 212번지 동탄나루마을 동탄역 유보라 여울숲 2.0 아파트 652동, 반송동 2 1, 213"
화성시,동탄2동,13통,1반,반송동 141번지 동탄 센트럴 포레스트 501동
화성시,동탄2동,13통,2반,반송동 141번지 동탄 센트럴 포레스트 502동
화성시,동탄2동,13통,3반,반송동 141번지 동탄 센트럴 포레스트 503동
화성시,동탄2동,13통,4반,반송동 141번지 동탄 센트럴 포레스트 504동
화성시,동탄2동,13통,5반,반송동 141번지 동탄 센트럴 포레스트 505동
화성시,동탄2동,13통,6반,반송동 141번지 동탄 센트럴 포레스트 506동
화성시,동탄2동,13통,7반,반송동 141번지 동탄 센트럴 포레스트 507동
화성시,동탄2동,13통,8반,반송동 141번지 동탄 센트럴 포레스트 508동
화성시,동탄2동,14통,1반,반송동 159번지 동탄새강마을 휴먼시아아파트 511동
화성시,동탄2동,14통,2반,반송동 159번지 동탄새강마을 휴먼시아아파트 512동
화성시,동탄2동,14통,3반,반송동 159번지 동탄새강마을 휴먼시아아파트 513동
화성시,동탄2동,14통,4반,반송동 159번지 동탄새강마을 휴먼시아아파트 514동
화성시,동탄2동,14통,5반,"반송동 159번지 동탄새강마을 휴먼시아아파트 515동, 관리동"
화성시,동탄2동,15통,1반,반송동 159번지 동탄새강마을 휴먼시아아파트 516동
화성시,동탄2동,15통,2반,반송동 159번지 동탄새강마을 휴먼시아아파트 517동
화성시,동탄2동,15통,3반,반송동 159번지 동탄새강마을 휴먼시아아파트 518동
화성시,동탄2동,15통,4반,반송동 159번지 동탄새강마을 휴먼시아아파트 519동
화성시,읍면동,통리,반,관 할 구 역
화성시,동탄2동,16통,1반,반송동 159번지 동탄새강마을 휴먼시아아파트 520동
화성시,동탄2동,16통,2반,반송동 159번지 동탄새강마을 휴먼시아아파트 521동
화성시,동탄2동,16통,3반,반송동 159번지 동탄새강마을 휴먼시아아파트 522동
화성시,동탄2동,16통,4반,반송동 159번지 동탄새강마을 휴먼시아아파트 523동
화성시,동탄2동,16통,5반,반송동 159번지 동탄새강마을 휴먼시아아파트 524동
화성시,동탄2동,17통,1반,반송동 159번지 동탄새강마을 휴먼시아아파트 525동
화성시,동탄2동,17통,2반,반송동 159번지 동탄새강마을 휴먼시아아파트 526동
화성시,동탄2동,17통,3반,반송동 159번지 동탄새강마을 휴먼시아아파트 527동
화성시,동탄2동,17통,4반,반송동 159번지 동탄새강마을 휴먼시아아파트 528동
화성시,동탄2동,17통,5반,반송동 159번지 동탄새강마을 휴먼시아아파트 529동
화성시,동탄2동,18통,1반,반송동 142~148
화성시,동탄2동,18통,2반,반송동 149~155
화성시,동탄2동,18통,3반,반송동 156~158
화성시,동탄2동,19통,1반,"반송동 160, 161·164(청도솔리움)"
화성시,동탄2동,19통,2반,"반송동 162(인앤인), 163"
화성시,동탄2동,19통,3반,"반송동 165, 166~168(대우푸르지오하임)"
화성시,동탄2동,19통,4반,"반송동 171(어반뷰), 172~175"
화성시,동탄2동,20통,1반,반송동 169(아트글란츠)
화성시,동탄2동,20통,2반,반송동 170(생폴드방스)
화성시,동탄2동,20통,3반,반송동 177(해든하우스)
화성시,동탄2동,20통,4반,반송동 176(동탄네이쳐)
화성시,동탄2동,20통,5반,"반송동 178(동탄아이올라),179"
화성시,동탄2동,20통,6반,반송동 180~190
화성시,동탄2동,21통,1반,반송동 196~197
화성시,동탄2동,21통,2반,"반송동 194~195, 198, 199, 201, 202"
화성시,동탄2동,21통,3반,"반송동 190, 191(세인트캐슬)"
화성시,동탄2동,21통,4반,반송동 192(내뜰애)
화성시,동탄2동,22통,1반,반송동 193(가든뷰)
화성시,동탄2동,22통,2반,"반송동 209(인헤리티지), 210"
화성시,동탄2동,22통,3반,"반송동 207, 208(에코릿지)"
화성시,동탄2동,22통,4반,"반송동 203~205, 206(파라곤하우스), 240, 241"
화성시,동탄2동,22통,5반,"반송동 237, 238(에이힐스), 239"
화성시,읍면동,통리,반,관 할 구 역
화성시,동탄3동,1통,1반,능동 1062번지 동탄능동마을 주공아파트 701동
화성시,동탄3동,1통,2반,능동 1062번지 동탄능동마을 주공아파트 702동
화성시,동탄3동,1통,3반,능동 1062번지 동탄능동마을 주공아파트 703동
화성시,동탄3동,1통,4반,능동 1062번지 동탄능동마을 주공아파트 704동
화성시,동탄3동,1통,5반,능동 1062번지 동탄능동마을 주공아파트 705동
화성시,동탄3동,1통,6반,능동 1062번지 동탄능동마을 주공아파트 706동
화성시,동탄3동,1통,7반,능동 1062번지 동탄능동마을 주공아파트 707동
화성시,동탄3동,1통,8반,능동 1062번지 동탄능동마을 주공아파트 708동
화성시,동탄3동,2통,1반,능동 1087번지 동탄능동마을 상록예가아파트 751동
화성시,동탄3동,2통,2반,능동 1087번지 동탄능동마을 상록예가아파트 752동
화성시,동탄3동,2통,3반,능동 1087번지 동탄능동마을 상록예가아파트 753동
화성시,동탄3동,2통,4반,능동 1087번지 동탄능동마을 상록예가아파트 754동
화성시,동탄3동,2통,5반,능동 1087번지 동탄능동마을 상록예가아파트 755동
화성시,동탄3동,2통,6반,능동 1087번지 동탄능동마을 상록예가아파트 756동
화성시,동탄3동,2통,7반,능동 1087번지 동탄능동마을 상록예가아파트 757동
화성시,동탄3동,2통,8반,"능동 1087번지 동탄능동마을 상록예가아파트 758동, 1086"
화성시,동탄3동,3통,1반,능동 1081번지 동탄능동마을 주공아파트 711동
화성시,동탄3동,3통,2반,능동 1081번지 동탄능동마을 주공아파트 712동
화성시,동탄3동,3통,3반,능동 1081번지 동탄능동마을 주공아파트 713동
화성시,동탄3동,3통,4반,능동 1081번지 동탄능동마을 주공아파트 714동
화성시,동탄3동,3통,5반,"능동 1081번지 동탄능동마을 주공아파트 715동, 1082"
화성시,동탄3동,3통,6반,능동 1081번지 동탄능동마을 주공아파트 716동
화성시,동탄3동,3통,7반,능동 1081번지 동탄능동마을 주공아파트 717동
화성시,동탄3동,4통,1반,능동 1081번지 동탄능동마을 주공아파트 718동
화성시,동탄3동,4통,2반,능동 1081번지 동탄능동마을 주공아파트 719동
화성시,동탄3동,4통,3반,능동 1081번지 동탄능동마을 주공아파트 720동
화성시,동탄3동,4통,4반,능동 1081번지 동탄능동마을 주공아파트 721동
화성시,읍면동,통리,반,관 할 구 역
화성시,동탄3동,5통,1반,능동 1083번지 동탄능동마을 주공아파트 731동
화성시,동탄3동,5통,2반,능동 1083번지 동탄능동마을 주공아파트 732동
화성시,동탄3동,5통,3반,능동 1083번지 동탄능동마을 주공아파트 733동
화성시,동탄3동,5통,4반,능동 1083번지 동탄능동마을 주공아파트 734동~736동
화성시,동탄3동,5통,5반,능동 1083번지 동탄능동마을 주공아파트 737동
화성시,동탄3동,5통,6반,능동 1083번지 동탄능동마을 주공아파트 738동
화성시,동탄3동,5통,7반,능동 1083번지 동탄능동마을 주공아파트 739동
화성시,동탄3동,5통,8반,능동 1083번지 동탄능동마을 주공아파트 740동
화성시,동탄3동,5통,9반,"능동 1083번지 동탄능동마을 주공아파트 741동, 1085"
화성시,동탄3동,6통,1반,능동 1110번지 동탄능동마을 주공아파트 761동
화성시,동탄3동,6통,2반,능동 1110번지 동탄능동마을 주공아파트 762동
화성시,동탄3동,6통,3반,능동 1110번지 동탄능동마을 주공아파트 763동
화성시,동탄3동,6통,4반,능동 1110번지 동탄능동마을 주공아파트 764동~766동
화성시,동탄3동,7통,1반,능동 1109번지 동탄능동마을 이지더원아파트 771동
화성시,동탄3동,7통,2반,능동 1109번지 동탄능동마을 이지더원아파트 772동
화성시,동탄3동,7통,3반,능동 1109번지 동탄능동마을 이지더원아파트 773동
화성시,동탄3동,7통,4반,능동 1109번지 동탄능동마을 이지더원아파트 774동
화성시,동탄3동,7통,5반,능동 1109번지 동탄능동마을 이지더원아파트 775동
화성시,동탄3동,7통,6반,능동 1109번지 동탄능동마을 이지더원아파트 776동
화성시,동탄3동,7통,7반,능동 1109번지 동탄능동마을 이지더원아파트 777동~779동
화성시,동탄3동,7통,8반,능동 1109번지 동탄능동마을 이지더원아파트 780동
화성시,동탄3동,8통,1반,능동 1115번지 동탄숲속마을 자연앤경남아너스빌아파트 801동
화성시,동탄3동,8통,2반,능동 1115번지 동탄숲속마을 자연앤경남아너스빌아파트 802동
화성시,동탄3동,8통,3반,능동 1115번지 동탄숲속마을 자연앤경남아너스빌아파트 803동
화성시,동탄3동,8통,4반,능동 1115번지 동탄숲속마을 자연앤경남아너스빌아파트 804동
화성시,동탄3동,8통,5반,능동 1115번지 동탄숲속마을 자연앤경남아너스빌아파트 805동
화성시,동탄3동,8통,6반,능동 1115번지 동탄숲속마을 자연앤경남아너스빌아파트 806동
화성시,동탄3동,8통,7반,능동 1115번지 동탄숲속마을 자연앤경남아너스빌아파트 807동
화성시,동탄3동,8통,8반,능동 1115번지 동탄숲속마을 자연앤경남아너스빌아파트 808동
화성시,동탄3동,8통,9반,능동 1115번지 동탄숲속마을 자연앤경남아너스빌아파트 809동
화성시,동탄3동,9통,1반,능동 1116번지 동탄숲속마을 광명메이루즈아파트 811동
화성시,동탄3동,9통,2반,능동 1116번지 동탄숲속마을 광명메이루즈아파트 812동
화성시,동탄3동,9통,3반,능동 1116번지 동탄숲속마을 광명메이루즈아파트 813동
화성시,동탄3동,9통,4반,능동 1116번지 동탄숲속마을 광명메이루즈아파트 814동~817동
화성시,동탄3동,9통,5반,능동 1116번지 동탄숲속마을 광명메이루즈아파트 818동
화성시,동탄3동,9통,6반,능동 1116번지 동탄숲속마을 광명메이루즈아파트 819동
화성시,동탄3동,9통,7반,능동 1116번지 동탄숲속마을 광명메이루즈아파트 820동
화성시,동탄3동,9통,8반,"능동 1116번지 동탄숲속마을 광명메이루즈아파트 821동, 1117~1120"
화성시,읍면동,통리,반,관 할 구 역
화성시,동탄3동,10통,1반,능동 1124번지 동탄숲속마을 자연앤경남아너스빌아파트 831동
화성시,동탄3동,10통,2반,능동 1124번지 동탄숲속마을 자연앤경남아너스빌아파트 832동
화성시,동탄3동,10통,3반,능동 1124번지 동탄숲속마을 자연앤경남아너스빌아파트 833동
화성시,동탄3동,10통,4반,능동 1124번지 동탄숲속마을 자연앤경남아너스빌아파트 834동
화성시,동탄3동,10통,5반,능동 1124번지 동탄숲속마을 자연앤경남아너스빌아파트 835동
화성시,동탄3동,10통,6반,능동 1124번지 동탄숲속마을 자연앤경남아너스빌아파트 836동
화성시,동탄3동,11통,1반,능동 1132번지 동탄숲속마을 모아미래도아파트 841동~845동
화성시,동탄3동,11통,2반,능동 1132번지 동탄숲속마을 모아미래도아파트 846동
화성시,동탄3동,11통,3반,능동 1132번지 동탄숲속마을 모아미래도아파트 847동
화성시,동탄3동,11통,4반,능동 1132번지 동탄숲속마을 모아미래도아파트 848동
화성시,동탄3동,11통,5반,능동 1132번지 동탄숲속마을 모아미래도아파트 849동
화성시,동탄3동,11통,6반,능동 1132번지 동탄숲속마을 모아미래도아파트 850동
화성시,동탄3동,11통,7반,능동 1132번지 동탄숲속마을 모아미래도아파트 851동
화성시,동탄3동,12통,1반,능동 1131번지 동탄숲속마을 자연앤데시앙아파트 861동
화성시,동탄3동,12통,2반,능동 1131번지 동탄숲속마을 자연앤데시앙아파트 862동~863동
화성시,동탄3동,12통,3반,능동 1131번지 동탄숲속마을 자연앤데시앙아파트 864동
화성시,동탄3동,12통,4반,능동 1131번지 동탄숲속마을 자연앤데시앙아파트 865동~866동
화성시,동탄3동,12통,5반,능동 1131번지 동탄숲속마을 자연앤데시앙아파트 867동~868동
화성시,동탄3동,12통,6반,능동 1131번지 동탄숲속마을 자연앤데시앙아파트 869동~870동
화성시,동탄3동,12통,7반,능동 1131번지 동탄숲속마을 자연앤데시앙아파트 871동
화성시,동탄3동,12통,8반,능동 1131번지 동탄숲속마을 자연앤데시앙아파트 872동
화성시,동탄3동,12통,9반,능동 1131번지 동탄숲속마을 자연앤데시앙아파트 873동
화성시,동탄3동,13통,1반,능동 1131번지 동탄숲속마을 자연앤데시앙아파트 874동
화성시,동탄3동,13통,2반,능동 1131번지 동탄숲속마을 자연앤데시앙아파트 875동
화성시,동탄3동,13통,3반,능동 1131번지 동탄숲속마을 자연앤데시앙아파트 876동
화성시,동탄3동,13통,4반,능동 1131번지 동탄숲속마을 자연앤데시앙아파트 877동
화성시,동탄3동,13통,5반,능동 1131번지 동탄숲속마을 자연앤데시앙아파트 878동
화성시,동탄3동,13통,6반,능동 1131번지 동탄숲속마을 자연앤데시앙아파트 879동
화성시,동탄3동,13통,7반,능동 1131번지 동탄숲속마을 자연앤데시앙아파트 880동
화성시,동탄3동,14통,1반,능동 1129번지 동탄숲속마을 모아미래도아파트 881동
화성시,동탄3동,14통,2반,능동 1129번지 동탄숲속마을 모아미래도아파트 882동
화성시,동탄3동,14통,3반,능동 1129번지 동탄숲속마을 모아미래도아파트 883동
화성시,동탄3동,14통,4반,능동 1129번지 동탄숲속마을 모아미래도아파트 884동
화성시,동탄3동,14통,5반,"능동 1129번지 동탄숲속마을 모아미래도아파트 885동, 1127"
화성시,읍면동,통리,반,관 할 구 역
화성시,동탄3동,15통,1반,능동 1126번지 동탄숲속마을 풍성신미주아파트 891동
화성시,동탄3동,15통,2반,능동 1126번지 동탄숲속마을 풍성신미주아파트 892동
화성시,동탄3동,15통,3반,능동 1126번지 동탄숲속마을 풍성신미주아파트 893동
화성시,동탄3동,15통,4반,능동 1126번지 동탄숲속마을 풍성신미주아파트 894동
화성시,동탄3동,15통,5반,능동 1126번지 동탄숲속마을 풍성신미주아파트 895동
화성시,동탄3동,15통,6반,능동 1126번지 동탄숲속마을 풍성신미주아파트 896동
화성시,동탄3동,15통,7반,능동 1126번지 동탄숲속마을 풍성신미주아파트 897동
화성시,동탄3동,15통,8반,능동 1126번지 동탄숲속마을 풍성신미주아파트 898동
화성시,동탄3동,16통,1반,능동 1134번지 동탄푸른마을 포스코더샾아파트 901동
화성시,동탄3동,16통,2반,능동 1134번지 동탄푸른마을 포스코더샾아파트 902동
화성시,동탄3동,16통,3반,능동 1134번지 동탄푸른마을 포스코더샾아파트 903동
화성시,동탄3동,16통,4반,능동 1134번지 동탄푸른마을 포스코더샾아파트 904동
화성시,동탄3동,16통,5반,능동 1134번지 동탄푸른마을 포스코더샾아파트 905동
화성시,동탄3동,16통,6반,능동 1134번지 동탄푸른마을 포스코더샾아파트 906동
화성시,동탄3동,16통,7반,능동 1134번지 동탄푸른마을 포스코더샾아파트 907동
화성시,동탄3동,17통,1반,능동 1134번지 동탄푸른마을 포스코더샾아파트 908동
화성시,동탄3동,17통,2반,능동 1134번지 동탄푸른마을 포스코더샾아파트 909동
화성시,동탄3동,17통,3반,능동 1134번지 동탄푸른마을 포스코더샾아파트 910동
화성시,동탄3동,17통,4반,능동 1134번지 동탄푸른마을 포스코더샾아파트 911동
화성시,동탄3동,17통,5반,능동 1134번지 동탄푸른마을 포스코더샾아파트 912동~913동
화성시,동탄3동,17통,6반,능동 1134번지 동탄푸른마을 포스코더샾아파트 914동
화성시,동탄3동,17통,7반,"능동 1134번지 동탄푸른마을 포스코더샾아파트 915동, 1135"
화성시,동탄3동,18통,1반,능동 1137번지 동탄푸른마을 두산위브아파트 921동
화성시,동탄3동,18통,2반,능동 1137번지 동탄푸른마을 두산위브아파트 922동
화성시,동탄3동,18통,3반,능동 1137번지 동탄푸른마을 두산위브아파트 923동
화성시,동탄3동,18통,4반,능동 1137번지 동탄푸른마을 두산위브아파트 924동
화성시,동탄3동,18통,5반,능동 1137번지 동탄푸른마을 두산위브아파트 925동
화성시,동탄3동,18통,6반,능동 1137번지 동탄푸른마을 두산위브아파트 926동
화성시,동탄3동,18통,7반,능동 1137번지 동탄푸른마을 두산위브아파트 927동
화성시,동탄3동,18통,8반,능동 1137번지 동탄푸른마을 두산위브아파트 928동
화성시,동탄3동,18통,9반,능동 1137번지 동탄푸른마을 두산위브아파트 929동
화성시,동탄3동,18통,10반,능동 1137번지 동탄푸른마을 두산위브아파트 930동
화성시,동탄3동,18통,11반,"능동 1137번지 동탄푸른마을 두산위브아파트 931동, 1136"
화성시,읍면동,통리,반,관 할 구 역
화성시,동탄3동,19통,1반,능동 1151 동탄푸른마을 모아미래도아파트 942동
화성시,동탄3동,19통,2반,능동 1151 동탄푸른마을 모아미래도아파트 943동
화성시,동탄3동,19통,3반,능동 1151 동탄푸른마을 모아미래도아파트 946동
화성시,동탄3동,19통,4반,능동 1151 동탄푸른마을 모아미래도아파트 947동
화성시,동탄3동,19통,5반,능동 1151 동탄푸른마을 모아미래도아파트 950동
화성시,동탄3동,19통,6반,능동 1151 동탄푸른마을 모아미래도아파트 951동
화성시,동탄3동,20통,1반,능동 1150번지 동탄푸른마을 신일해피트리아파트 961동
화성시,동탄3동,20통,2반,능동 1150번지 동탄푸른마을 신일해피트리아파트 962동
화성시,동탄3동,20통,3반,능동 1150번지 동탄푸른마을 신일해피트리아파트 963동
화성시,동탄3동,20통,4반,능동 1150번지 동탄푸른마을 신일해피트리아파트 964동
화성시,동탄3동,20통,5반,능동 1150번지 동탄푸른마을 신일해피트리아파트 965동
화성시,동탄3동,20통,6반,능동 1150번지 동탄푸른마을 신일해피트리아파트 966동
화성시,동탄3동,20통,7반,능동 1150번지 동탄푸른마을 신일해피트리아파트 967동
화성시,동탄3동,20통,8반,능동 1150번지 동탄푸른마을 신일해피트리아파트 968동
화성시,동탄3동,20통,9반,능동 1150번지 동탄푸른마을 신일해피트리아파트 969동
화성시,동탄3동,20통,10반,능동 1150번지 동탄푸른마을 신일해피트리아파트 970동
화성시,동탄3동,20통,11반,능동 1150번지 동탄푸른마을 신일해피트리아파트 971동~972동
화성시,동탄3동,20통,12반,"능동 1150번지 동탄푸른마을 신일해피트리아파트 973동, 상가동"
화성시,동탄3동,21통,1반,능동 1051~1061
화성시,동탄3동,21통,2반,"능동 1067, 4068, 1070, 1071"
화성시,동탄3동,21통,3반,"능동 1072, 1073"
화성시,동탄3동,21통,4반,"능동 1069, 1074~1077"
화성시,동탄3동,21통,5반,능동 1078
화성시,동탄3동,21통,6반,능동 1079
화성시,동탄3동,21통,7반,능동 1080
화성시,동탄3동,22통,1반,능동 1091
화성시,동탄3동,22통,2반,능동 1092
화성시,동탄3동,22통,3반,"능동 1093, 1094"
화성시,동탄3동,22통,4반,능동 1095
화성시,동탄3동,22통,5반,능동 1096
화성시,동탄3동,22통,6반,능동 1097
화성시,동탄3동,22통,7반,능동 1098
화성시,읍면동,통리,반,관 할 구 역
화성시,동탄3동,23통,1반,능동 1099~1101
화성시,동탄3동,23통,2반,능동 1102
화성시,동탄3동,23통,3반,능동 1103
화성시,동탄3동,23통,4반,"능동 1104~1108, 1088~1090"
화성시,동탄3동,23통,5반,"능동 1111, 1113, 1114, 1121~1123"
화성시,동탄3동,24통,1반,"능동 1130, 1138"
화성시,동탄3동,24통,2반,능동 1139
화성시,동탄3동,24통,3반,능동 1140
화성시,동탄3동,24통,4반,"능동 1141, 1142"
화성시,동탄3동,24통,5반,능동 1143
화성시,동탄3동,24통,6반,능동 1144~1146
화성시,동탄3동,24통,7반,능동 1147~1149
화성시,동탄3동,25통,1반,능동 1153
화성시,동탄3동,25통,2반,"능동 1157, 1158"
화성시,동탄3동,25통,3반,능동 1159
화성시,동탄3동,25통,4반,능동 1160
화성시,동탄3동,25통,5반,능동 1161
화성시,동탄3동,25통,6반,"능동 1162, 1163, 1172~1174"
화성시,동탄3동,25통,7반,"능동 799~814, 976~1001"
화성시,동탄3동,26통,1반,"능동 1154, 1155"
화성시,동탄3동,26통,2반,능동 1156
화성시,동탄3동,26통,3반,능동 1164
화성시,동탄3동,26통,4반,"능동 1164-1~1164-5, 1164-20, 1164-21"
화성시,동탄3동,26통,5반,능동 1164-6~1164-19
화성시,동탄3동,26통,6반,능동 1165~1168
화성시,동탄3동,26통,7반,"능동 1169, 1170"
화성시,동탄3동,26통,8반,능동 1171~1174
화성시,동탄3동,27통,1반,능동 1132번지 동탄숲속마을 모아미래도아파트 852동
화성시,동탄3동,27통,2반,능동 1132번지 동탄숲속마을 모아미래도아파트 853동
화성시,동탄3동,27통,3반,능동 1132번지 동탄숲속마을 모아미래도아파트 854동
화성시,동탄3동,27통,4반,능동 1132번지 동탄숲속마을 모아미래도아파트 855동
화성시,동탄3동,27통,5반,능동 1132번지 동탄숲속마을 모아미래도아파트 856동
화성시,동탄3동,28통,1반,능동 1151 동탄푸른마을 모아미래도아파트 941동
화성시,동탄3동,28통,2반,능동 1151 동탄푸른마을 모아미래도아파트 944동
화성시,동탄3동,28통,3반,능동 1151 동탄푸른마을 모아미래도아파트 945동
화성시,동탄3동,28통,4반,능동 1151 동탄푸른마을 모아미래도아파트 948동
화성시,동탄3동,28통,5반,능동 1151 동탄푸른마을 모아미래도아파트 949동
화성시,동탄3동,28통,6반,"능동 1151 동탄푸른마을 모아미래도아파트 952동~953동, 상가동"
화성시,읍면동,통리,반,관 할 구 역
화성시,동탄3동,29통,1반,능동 1065-1 동탄헤리움오피스텔
화성시,동탄3동,30통,1반,능동 1065-2 동탄퍼스트빌스타 A동
화성시,동탄3동,30통,2반,능동 1065-2 동탄퍼스트빌스타 B동
화성시,동탄3동,30통,3반,"능동 1065-3 동탄푸르지오시티, 능동 1065-4, 1065-5"
화성시,동탄3동,31통,1반,능동 1063 (블리스인)
화성시,동탄3동,31통,2반,"능동 1064-1, 1064-2 (테라스뷰)"
화성시,동탄3동,31통,3반,능동 1064-3 ~ 1064-5
화성시,동탄3동,31통,4반,능동 1066-1 ~ 1066-4 (아르젠)
화성시,동탄3동,31통,5반,"능동 1066-5 ~ 1066-8 (스마트빌, 오투메종)"
화성시,읍면동,통리,반,관 할 구 역
화성시,동탄4동,청계1통,1반,동탄(2)택지개발지구 A16블록 계룡리슈빌 아파트 921동
화성시,동탄4동,청계1통,2반,동탄(2)택지개발지구 A16블록 계룡리슈빌 아파트 922동
화성시,동탄4동,청계1통,3반,동탄(2)택지개발지구 A16블록 계룡리슈빌 아파트 923동
화성시,동탄4동,청계1통,4반,동탄(2)택지개발지구 A16블록 계룡리슈빌 아파트 924동
화성시,동탄4동,청계1통,5반,동탄(2)택지개발지구 A16블록 계룡리슈빌 아파트 925동
화성시,동탄4동,청계1통,6반,동탄(2)택지개발지구 A16블록 계룡리슈빌 아파트 926동
화성시,동탄4동,청계1통,7반,동탄(2)택지개발지구 A16블록 계룡리슈빌 아파트 927동
화성시,동탄4동,청계1통,8반,"동탄(2)택지개발지구 A16블록 계룡리슈빌 아파트 928동, 929동"
화성시,동탄4동,청계1통,9반,동탄(2)택지개발지구 A16블록 계룡리슈빌 아파트 930동
화성시,동탄4동,청계1통,10반,"동탄(2)택지개발지구 A16블록 계룡리슈빌 아파트 931동,932동,933동"
화성시,동탄4동,청계1통,11반,동탄(2)택지개발지구 A16블록 계룡리슈빌 아파트 934동
화성시,동탄4동,청계1통,12반,동탄(2)택지개발지구 A16블록 계룡리슈빌 아파트 935동
화성시,동탄4동,청계2통,1반,동탄(2)택지개발지구 A17블록 금성백조예미지 아파트 1001동
화성시,동탄4동,청계2통,2반,동탄(2)택지개발지구 A17블록 금성백조예미지 아파트 1002동
화성시,동탄4동,청계2통,3반,동탄(2)택지개발지구 A17블록 금성백조예미지 아파트 1003동
화성시,동탄4동,청계2통,4반,동탄(2)택지개발지구 A17블록 금성백조예미지 아파트 1004동
화성시,동탄4동,청계2통,5반,동탄(2)택지개발지구 A17블록 금성백조예미지 아파트 1005동
화성시,동탄4동,청계2통,6반,"동탄(2)택지개발지구 A17블록 금성백조예미지 아파트 1006동,1007동,1010동"
화성시,동탄4동,청계2통,7반,동탄(2)택지개발지구 A17블록 금성백조예미지 아파트 1008동
화성시,동탄4동,청계2통,8반,동탄(2)택지개발지구 A17블록 금성백조예미지 아파트 1009동
화성시,동탄4동,청계2통,9반,동탄(2)택지개발지구 A17블록 금성백조예미지 아파트 1011동
화성시,동탄4동,청계2통,10반,동탄(2)택지개발지구 A17블록 금성백조예미지 아파트 1012동
화성시,동탄4동,청계3통,1반,동탄(2)택지개발지구 A25블록 모아미래도 아파트 1101동
화성시,동탄4동,청계3통,2반,동탄(2)택지개발지구 A25블록 모아미래도 아파트 1102동
화성시,동탄4동,청계3통,3반,동탄(2)택지개발지구 A25블록 모아미래도 아파트 1103동
화성시,동탄4동,청계3통,4반,동탄(2)택지개발지구 A25블록 모아미래도 아파트 1104동
화성시,동탄4동,청계3통,5반,동탄(2)택지개발지구 A25블록 모아미래도 아파트 1105동
화성시,동탄4동,청계4통,1반,동탄(2)택지개발지구 A27블록 KCC스위첸 아파트 1121동
화성시,동탄4동,청계4통,2반,동탄(2)택지개발지구 A27블록 KCC스위첸 아파트 1122동
화성시,동탄4동,청계4통,3반,동탄(2)택지개발지구 A27블록 KCC스위첸 아파트 1123동
화성시,동탄4동,청계4통,4반,동탄(2)택지개발지구 A27블록 KCC스위첸 아파트 1124동
화성시,동탄4동,청계4통,5반,동탄(2)택지개발지구 A27블록 KCC스위첸 아파트 1125동
화성시,동탄4동,청계4통,6반,동탄(2)택지개발지구 A27블록 KCC스위첸 아파트 1126동
화성시,동탄4동,청계4통,7반,동탄(2)택지개발지구 A27블록 KCC스위첸 아파트 1127동
화성시,읍면동,통리,반,관 할 구 역
화성시,동탄4동,청계5통,1반,동탄(2)택지개발지구 A15블록 우남퍼스트빌 아파트 901동
화성시,동탄4동,청계5통,2반,동탄(2)택지개발지구 A15블록 우남퍼스트빌 아파트 902동
화성시,동탄4동,청계5통,3반,동탄(2)택지개발지구 A15블록 우남퍼스트빌 아파트 903동
화성시,동탄4동,청계5통,4반,동탄(2)택지개발지구 A15블록 우남퍼스트빌 아파트 904동
화성시,동탄4동,청계5통,5반,동탄(2)택지개발지구 A15블록 우남퍼스트빌 아파트 905동
화성시,동탄4동,청계5통,6반,동탄(2)택지개발지구 A15블록 우남퍼스트빌 아파트 906동
화성시,동탄4동,청계5통,7반,동탄(2)택지개발지구 A15블록 우남퍼스트빌 아파트 907동
화성시,동탄4동,청계5통,8반,동탄(2)택지개발지구 A15블록 우남퍼스트빌 아파트 908동
화성시,동탄4동,청계6통,1반,동탄(2)택지개발지구 A22블록 호반베르디움 아파트 1461동
화성시,동탄4동,청계6통,2반,동탄(2)택지개발지구 A22블록 호반베르디움 아파트 1462동
화성시,동탄4동,청계6통,3반,동탄(2)택지개발지구 A22블록 호반베르디움 아파트 1463동
화성시,동탄4동,청계6통,4반,동탄(2)택지개발지구 A22블록 호반베르디움 아파트 1464동
화성시,동탄4동,청계6통,5반,동탄(2)택지개발지구 A22블록 호반베르디움 아파트 1465동
화성시,동탄4동,청계6통,6반,동탄(2)택지개발지구 A22블록 호반베르디움 아파트 1466동
화성시,동탄4동,청계6통,7반,동탄(2)택지개발지구 A22블록 호반베르디움 아파트 1467동
화성시,동탄4동,청계6통,8반,동탄(2)택지개발지구 A22블록 호반베르디움 아파트 1468동
화성시,동탄4동,청계6통,9반,동탄(2)택지개발지구 A22블록 호반베르디움 아파트 1469동
화성시,동탄4동,청계6통,10반,동탄(2)택지개발지구 A22블록 호반베르디움 아파트 1470동
화성시,동탄4동,청계6통,11반,동탄(2)택지개발지구 A22블록 호반베르디움 아파트 1471동
화성시,동탄4동,청계6통,12반,동탄(2)택지개발지구 A22블록 호반베르디움 아파트 1472동
화성시,동탄4동,청계6통,13반,동탄(2)택지개발지구 A22블록 호반베르디움 아파트 1473동
화성시,동탄4동,청계7통,1반,동탄(2)택지개발지구 A20블록 대원칸타빌 아파트 1451동
화성시,동탄4동,청계7통,2반,동탄(2)택지개발지구 A20블록 대원칸타빌 아파트 1452동
화성시,동탄4동,청계7통,3반,동탄(2)택지개발지구 A20블록 대원칸타빌 아파트 1453동
화성시,동탄4동,청계7통,4반,동탄(2)택지개발지구 A20블록 대원칸타빌 아파트 1454동
화성시,동탄4동,청계7통,5반,동탄(2)택지개발지구 A20블록 대원칸타빌 아파트 1455동
화성시,동탄4동,청계7통,6반,동탄(2)택지개발지구 A20블록 대원칸타빌 아파트 1456동
화성시,동탄4동,청계7통,7반,동탄(2)택지개발지구 A20블록 대원칸타빌 아파트 1457동
화성시,동탄4동,청계7통,8반,동탄(2)택지개발지구 A20블록 대원칸타빌 아파트 1458동
화성시,동탄4동,청계7통,9반,동탄(2)택지개발지구 A20블록 대원칸타빌 아파트 1459동
화성시,동탄4동,청계8통,1반,동탄(2)택지개발지구 A28블록 롯데캐슬 아파트 1301동
화성시,동탄4동,청계8통,2반,동탄(2)택지개발지구 A28블록 롯데캐슬 아파트 1302동
화성시,동탄4동,청계8통,3반,동탄(2)택지개발지구 A28블록 롯데캐슬 아파트 1303동
화성시,동탄4동,청계8통,4반,동탄(2)택지개발지구 A28블록 롯데캐슬 아파트 1304동
화성시,동탄4동,청계8통,5반,동탄(2)택지개발지구 A28블록 롯데캐슬 아파트 1305동
화성시,동탄4동,청계8통,6반,동탄(2)택지개발지구 A28블록 롯데캐슬 아파트 1306동
화성시,동탄4동,청계8통,7반,동탄(2)택지개발지구 A28블록 롯데캐슬 아파트 1307동
화성시,동탄4동,청계8통,8반,동탄(2)택지개발지구 A28블록 롯데캐슬 아파트 1308동
화성시,읍면동,통리,반,관 할 구 역
화성시,동탄4동,청계9통,1반,동탄(2)택지개발지구 A29블록 대우푸르지오 아파트 1321동
화성시,동탄4동,청계9통,2반,동탄(2)택지개발지구 A29블록 대우푸르지오 아파트 1322동
화성시,동탄4동,청계9통,3반,동탄(2)택지개발지구 A29블록 대우푸르지오 아파트 1323동
화성시,동탄4동,청계9통,4반,동탄(2)택지개발지구 A29블록 대우푸르지오 아파트 1324동
화성시,동탄4동,청계9통,5반,동탄(2)택지개발지구 A29블록 대우푸르지오 아파트 1325동
화성시,동탄4동,청계9통,6반,동탄(2)택지개발지구 A29블록 대우푸르지오 아파트 1326동
화성시,동탄4동,청계10통,1반,동탄(2)택지개발지구 A102블록 동탄역 더샾 아파트 1401동
화성시,동탄4동,청계10통,2반,동탄(2)택지개발지구 A102블록 동탄역 더샾 아파트 1402동
화성시,동탄4동,청계10통,3반,동탄(2)택지개발지구 A102블록 동탄역 더샾 아파트 1403동
화성시,동탄4동,청계10통,4반,동탄(2)택지개발지구 A102블록 동탄역 더샾 아파트 1404동
화성시,동탄4동,청계10통,5반,동탄(2)택지개발지구 A102블록 동탄역 더샾 아파트 1405동
화성시,동탄4동,청계10통,6반,동탄(2)택지개발지구 A102블록 동탄역 더샾 아파트 1406동
화성시,동탄4동,청계10통,7반,동탄(2)택지개발지구 A102블록 동탄역 더샾 아파트 1407동
화성시,동탄4동,청계10통,8반,동탄(2)택지개발지구 A102블록 동탄역 더샾 아파트 1408동
화성시,동탄4동,청계11통,1반,동탄(2)택지개발지구 A30블록 호반베르디움2차 아파트 1201동
화성시,동탄4동,청계11통,2반,동탄(2)택지개발지구 A30블록 호반베르디움2차 아파트 1202동
화성시,동탄4동,청계11통,3반,동탄(2)택지개발지구 A30블록 호반베르디움2차 아파트 1203동
화성시,동탄4동,청계11통,4반,동탄(2)택지개발지구 A30블록 호반베르디움2차 아파트 1204동
화성시,동탄4동,청계11통,5반,동탄(2)택지개발지구 A30블록 호반베르디움2차 아파트 1205동
화성시,동탄4동,청계11통,6반,동탄(2)택지개발지구 A30블록 호반베르디움2차 아파트 1206동
화성시,동탄4동,청계11통,7반,동탄(2)택지개발지구 A30블록 호반베르디움2차 아파트 1207동
화성시,동탄4동,청계11통,8반,동탄(2)택지개발지구 A30블록 호반베르디움2차 아파트 1208동
화성시,동탄4동,청계11통,9반,동탄(2)택지개발지구 A30블록 호반베르디움2차 아파트 1209동
화성시,동탄4동,청계12통,1반,동탄(2)택지개발지구 A33블록 대원칸타빌2차 아파트 1221동
화성시,동탄4동,청계12통,2반,동탄(2)택지개발지구 A33블록 대원칸타빌2차 아파트 1222동
화성시,동탄4동,청계12통,3반,동탄(2)택지개발지구 A33블록 대원칸타빌2차 아파트 1223동
화성시,동탄4동,청계12통,4반,동탄(2)택지개발지구 A33블록 대원칸타빌2차 아파트 1224동
화성시,동탄4동,청계12통,5반,동탄(2)택지개발지구 A33블록 대원칸타빌2차 아파트 1225동
화성시,동탄4동,청계12통,6반,동탄(2)택지개발지구 A33블록 대원칸타빌2차 아파트 1226동
화성시,동탄4동,청계12통,7반,동탄(2)택지개발지구 A33블록 대원칸타빌2차 아파트 1227동
화성시,동탄4동,청계12통,8반,동탄(2)택지개발지구 A33블록 대원칸타빌2차 아파트 1228동
화성시,읍면동,통리,반,관 할 구 역
화성시,동탄4동,청계13통,1반,동탄(2)택지개발지구 A32블록 신안인스빌 1341동
화성시,동탄4동,청계13통,2반,동탄(2)택지개발지구 A32블록 신안인스빌 1342동
화성시,동탄4동,청계13통,3반,동탄(2)택지개발지구 A32블록 신안인스빌 1343동
화성시,동탄4동,청계13통,4반,동탄(2)택지개발지구 A32블록 신안인스빌 1344동
화성시,동탄4동,청계13통,5반,동탄(2)택지개발지구 A32블록 신안인스빌 1345동
화성시,동탄4동,청계13통,6반,동탄(2)택지개발지구 A32블록 신안인스빌 1346동
화성시,동탄4동,청계13통,7반,동탄(2)택지개발지구 A32블록 신안인스빌 1347동
화성시,동탄4동,청계13통,8반,동탄(2)택지개발지구 A32블록 신안인스빌 1348동
화성시,동탄4동,청계13통,9반,동탄(2)택지개발지구 A32블록 신안인스빌 1349동
화성시,동탄4동,청계13통,10반,동탄(2)택지개발지구 A32블록 신안인스빌 1350동
화성시,동탄4동,청계13통,11반,동탄(2)택지개발지구 A32블록 신안인스빌 1351동
화성시,동탄4동,청계13통,12반,동탄(2)택지개발지구 A32블록 신안인스빌 1352동
화성시,동탄4동,청계13통,13반,동탄(2)택지개발지구 A32블록 신안인스빌 1353동
화성시,동탄4동,청계14통,1반,동탄(2)택지개발지구 A21블록 한화꿈에그린 1411동
화성시,동탄4동,청계14통,2반,동탄(2)택지개발지구 A21블록 한화꿈에그린 1412동
화성시,동탄4동,청계14통,3반,동탄(2)택지개발지구 A21블록 한화꿈에그린 1413동
화성시,동탄4동,청계14통,4반,동탄(2)택지개발지구 A21블록 한화꿈에그린 1414동
화성시,동탄4동,청계14통,5반,동탄(2)택지개발지구 A21블록 한화꿈에그린 1415동
화성시,동탄4동,청계14통,6반,동탄(2)택지개발지구 A21블록 한화꿈에그린 1416동
화성시,동탄4동,청계14통,7반,동탄(2)택지개발지구 A21블록 한화꿈에그린 1417동
화성시,동탄4동,청계14통,8반,동탄(2)택지개발지구 BD1블록 글렌힐즈56
화성시,동탄4동,청계15통,1반,동탄(2)택지개발지구 A21블록 한화꿈에그린 1418동
화성시,동탄4동,청계15통,2반,동탄(2)택지개발지구 A21블록 한화꿈에그린 1419동
화성시,동탄4동,청계15통,3반,동탄(2)택지개발지구 A21블록 한화꿈에그린 1420동
화성시,동탄4동,청계15통,4반,동탄(2)택지개발지구 A21블록 한화꿈에그린 1421동
화성시,동탄4동,청계15통,5반,동탄(2)택지개발지구 A21블록 한화꿈에그린 1422동
화성시,동탄4동,청계15통,6반,동탄(2)택지개발지구 A21블록 한화꿈에그린 1423동
화성시,동탄4동,청계15통,7반,동탄(2)택지개발지구 A21블록 한화꿈에그린 1424동
화성시,동탄4동,청계15통,8반,동탄(2)택지개발지구 A21블록 한화꿈에그린 1425동
화성시,동탄4동,청계15통,9반,동탄(2)택지개발지구 A21블록 한화꿈에그린 1426동
화성시,동탄4동,청계15통,10반,동탄(2)택지개발지구 A21블록 한화꿈에그린 1427동
화성시,동탄4동,청계15통,11반,동탄(2)택지개발지구 A21블록 한화꿈에그린 1428동
화성시,동탄4동,청계15통,12반,동탄(2)택지개발지구 A21블록 한화꿈에그린 1431동~1437동
화성시,읍면동,통리,반,관 할 구 역
화성시,동탄4동,청계16통,1반,동탄(2)택지개발지구 A18블록 반도유보라1차 1021동
화성시,동탄4동,청계16통,2반,동탄(2)택지개발지구 A18블록 반도유보라1차 1022동
화성시,동탄4동,청계16통,3반,동탄(2)택지개발지구 A18블록 반도유보라1차 1023동
화성시,동탄4동,청계16통,4반,동탄(2)택지개발지구 A18블록 반도유보라1차 1024동
화성시,동탄4동,청계16통,5반,동탄(2)택지개발지구 A18블록 반도유보라1차 1025동
화성시,동탄4동,청계16통,6반,동탄(2)택지개발지구 A18블록 반도유보라1차 1026동
화성시,동탄4동,청계16통,7반,동탄(2)택지개발지구 A18블록 반도유보라1차 1027동
화성시,동탄4동,청계16통,8반,동탄(2)택지개발지구 A18블록 반도유보라1차 1028동
화성시,동탄4동,청계16통,9반,동탄(2)택지개발지구 A18블록 반도유보라1차 1029동
화성시,동탄4동,청계16통,10반,동탄(2)택지개발지구 A18블록 반도유보라1차 1030동
화성시,동탄4동,청계16통,11반,동탄(2)택지개발지구 A18블록 반도유보라1차 1031동
화성시,동탄4동,청계16통,12반,동탄(2)택지개발지구 A18블록 반도유보라1차 1032동
화성시,동탄4동,청계17통,1반,동탄(2)택지개발지구 A15블록 우남퍼스트빌 아파트 909동
화성시,동탄4동,청계17통,2반,동탄(2)택지개발지구 A15블록 우남퍼스트빌 아파트 910동
화성시,동탄4동,청계17통,3반,동탄(2)택지개발지구 A15블록 우남퍼스트빌 아파트 911동
화성시,동탄4동,청계17통,4반,동탄(2)택지개발지구 A15블록 우남퍼스트빌 아파트 912동
화성시,동탄4동,청계17통,5반,동탄(2)택지개발지구 A15블록 우남퍼스트빌 아파트 913동
화성시,동탄4동,청계17통,6반,동탄(2)택지개발지구 A15블록 우남퍼스트빌 아파트 914동
화성시,동탄4동,청계17통,7반,동탄(2)택지개발지구 A15블록 우남퍼스트빌 아파트 915동
화성시,동탄4동,청계17통,8반,동탄(2)택지개발지구 A15블록 우남퍼스트빌 아파트 916동
화성시,동탄4동,청계18통,1반,동탄(2)택지개발지구 A28블록 롯데캐슬 아파트 1309동
화성시,동탄4동,청계18통,2반,동탄(2)택지개발지구 A28블록 롯데캐슬 아파트 1310동
화성시,동탄4동,청계18통,3반,동탄(2)택지개발지구 A28블록 롯데캐슬 아파트 1311동
화성시,동탄4동,청계18통,4반,동탄(2)택지개발지구 A28블록 롯데캐슬 아파트 1312동
화성시,동탄4동,청계18통,5반,동탄(2)택지개발지구 A28블록 롯데캐슬 아파트 1313동
화성시,동탄4동,청계18통,6반,동탄(2)택지개발지구 A28블록 롯데캐슬 아파트 1314동
화성시,동탄4동,청계18통,7반,동탄(2)택지개발지구 A28블록 롯데캐슬 아파트 1315동
화성시,동탄4동,청계18통,8반,동탄(2)택지개발지구 A28블록 롯데캐슬 아파트 1316동
화성시,동탄4동,청계19통,1반,동탄(2)택지개발지구 A29블록 대우푸르지오 아파트 1327동
화성시,동탄4동,청계19통,2반,동탄(2)택지개발지구 A29블록 대우푸르지오 아파트 1328동
화성시,동탄4동,청계19통,3반,동탄(2)택지개발지구 A29블록 대우푸르지오 아파트 1329동
화성시,동탄4동,청계19통,4반,동탄(2)택지개발지구 A29블록 대우푸르지오 아파트 1330동
화성시,동탄4동,청계19통,5반,동탄(2)택지개발지구 A29블록 대우푸르지오 아파트 1331동
화성시,동탄4동,청계20통,1반,동탄(2)택지개발지구 A26블록 신안인스빌2차 101동
화성시,동탄4동,청계20통,2반,동탄(2)택지개발지구 A26블록 신안인스빌2차 102동
화성시,동탄4동,청계20통,3반,동탄(2)택지개발지구 A26블록 신안인스빌2차 103동
화성시,동탄4동,청계20통,4반,동탄(2)택지개발지구 A26블록 신안인스빌2차 104동
화성시,동탄4동,청계20통,5반,동탄(2)택지개발지구 A26블록 신안인스빌2차 105동
화성시,동탄4동,청계20통,6반,동탄(2)택지개발지구 A26블록 신안인스빌2차 106동
화성시,동탄4동,청계20통,7반,동탄(2)택지개발지구 A26블록 신안인스빌2차 107동
화성시,동탄4동,청계20통,8반,동탄(2)택지개발지구 A26블록 신안인스빌2차 108동
화성시,읍면동,통리,반,관 할 구 역
화성시,동탄4동,청계21통,1반,"동탄(2)택지개발지구 A31블록 부영사랑으로 1251동,1252동"
화성시,동탄4동,청계21통,2반,"동탄(2)택지개발지구 A31블록 부영사랑으로 1253동,1254동"
화성시,동탄4동,청계21통,3반,"동탄(2)택지개발지구 A31블록 부영사랑으로 1255동,1256동"
화성시,동탄4동,청계21통,4반,"동탄(2)택지개발지구 A31블록 부영사랑으로 1257동,1258동"
화성시,동탄4동,청계21통,5반,"동탄(2)택지개발지구 A31블록 부영사랑으로 1259동,1260동"
화성시,동탄4동,청계21통,6반,"동탄(2)택지개발지구 A31블록 부영사랑으로 1261동,1262동"
화성시,동탄4동,청계21통,7반,동탄(2)택지개발지구 A31블록 부영사랑으로 1263동
화성시,동탄4동,청계22통,1반,동탄(2)택지개발지구 A19블록 금강펜테리움 3차 941동
화성시,동탄4동,청계22통,2반,동탄(2)택지개발지구 A19블록 금강펜테리움 3차 942동
화성시,동탄4동,청계22통,3반,"동탄(2)택지개발지구 A19블록 금강펜테리움 3차 943,944동"
화성시,동탄4동,청계22통,4반,동탄(2)택지개발지구 A19블록 금강펜테리움 3차 945동
화성시,동탄4동,청계23통,1반,동탄(2)택지개발지구 C15블록 반도유보라4차 아파트 1501동
화성시,동탄4동,청계23통,2반,동탄(2)택지개발지구 C15블록 반도유보라4차 아파트 1502동
화성시,동탄4동,청계23통,3반,동탄(2)택지개발지구 C15블록 반도유보라4차 아파트 1503동
화성시,동탄4동,청계23통,4반,동탄(2)택지개발지구 C15블록 반도유보라4차 아파트 1504동
화성시,동탄4동,청계23통,5반,동탄(2)택지개발지구 C15블록 반도유보라4차 아파트 1505동
화성시,동탄4동,청계23통,6반,동탄(2)택지개발지구 C15블록 반도유보라4차 아파트 1506동
화성시,동탄4동,청계23통,7반,동탄(2)택지개발지구 C15블록 반도유보라4차 아파트 1507동
화성시,읍면동,통리,반,관 할 구 역
화성시,동탄5동,영천1통,1반,선납제마을성원상떼빌 아파트 101동
화성시,동탄5동,영천1통,2반,선납제마을성원상떼빌 아파트 102동
화성시,동탄5동,영천1통,3반,선납제마을성원상떼빌 아파트 103동
화성시,동탄5동,영천1통,4반,선납제마을성원상떼빌 아파트 104동
화성시,동탄5동,영천1통,5반,선납제마을성원상떼빌 아파트 105동
화성시,동탄5동,영천1통,6반,선납제마을성원상떼빌 아파트 106동
화성시,동탄5동,영천2통,1반,동탄(2)택지개발지구 A9블록 이지더원(EG the1) 아파트 301동
화성시,동탄5동,영천2통,2반,동탄(2)택지개발지구 A9블록 이지더원(EG the1) 아파트 302동
화성시,동탄5동,영천2통,3반,동탄(2)택지개발지구 A9블록 이지더원(EG the1) 아파트 303동
화성시,동탄5동,영천2통,4반,동탄(2)택지개발지구 A9블록 이지더원(EG the1) 아파트 304동
화성시,동탄5동,영천2통,5반,동탄(2)택지개발지구 A9블록 이지더원(EG the1) 아파트 305동
화성시,동탄5동,영천2통,6반,동탄(2)택지개발지구 A9블록 이지더원(EG the1) 아파트 306동
화성시,동탄5동,영천2통,7반,동탄(2)택지개발지구 A9블록 이지더원(EG the1) 아파트 307동
화성시,동탄5동,영천2통,8반,동탄(2)택지개발지구 A9블록 이지더원(EG the1) 아파트 308동
화성시,동탄5동,영천2통,9반,동탄(2)택지개발지구 A9블록 이지더원(EG the1) 아파트 309동
화성시,동탄5동,영천2통,10반,동탄(2)택지개발지구 A9블록 이지더원(EG the1) 아파트 310동
화성시,동탄5동,영천2통,11반,동탄(2)택지개발지구 A9블록 이지더원(EG the1) 아파트 311동
화성시,동탄5동,영천2통,12반,동탄(2)택지개발지구 A9블록 이지더원(EG the1) 아파트 312동
화성시,동탄5동,영천3통,1반,동탄(2)택지개발지구 A10블록 센트럴자이 아파트 601동
화성시,동탄5동,영천3통,2반,동탄(2)택지개발지구 A10블록 센트럴자이 아파트 602동
화성시,동탄5동,영천3통,3반,동탄(2)택지개발지구 A10블록 센트럴자이 아파트 603동
화성시,동탄5동,영천3통,4반,동탄(2)택지개발지구 A10블록 센트럴자이 아파트 604동
화성시,동탄5동,영천3통,5반,동탄(2)택지개발지구 A10블록 센트럴자이 아파트 605동
화성시,동탄5동,영천3통,6반,동탄(2)택지개발지구 A10블록 센트럴자이 아파트 606동
화성시,동탄5동,영천3통,7반,동탄(2)택지개발지구 A10블록 센트럴자이 아파트 607동
화성시,동탄5동,영천3통,8반,동탄(2)택지개발지구 A10블록 센트럴자이 아파트 608동
화성시,동탄5동,영천3통,9반,동탄(2)택지개발지구 A10블록 센트럴자이 아파트 609동
화성시,동탄5동,영천3통,10반,동탄(2)택지개발지구 A10블록 센트럴자이 아파트 610동
화성시,동탄5동,영천4통,1반,동탄(2)택지개발지구 A12블록 상록아파트 101동
화성시,동탄5동,영천4통,2반,동탄(2)택지개발지구 A12블록 상록아파트 102동
화성시,동탄5동,영천4통,3반,동탄(2)택지개발지구 A12블록 상록아파트 103동
화성시,동탄5동,영천4통,4반,동탄(2)택지개발지구 A12블록 상록아파트 104동
화성시,동탄5동,영천4통,5반,동탄(2)택지개발지구 A12블록 상록아파트 105동
화성시,동탄5동,영천4통,6반,동탄(2)택지개발지구 A12블록 상록아파트 106동
화성시,동탄5동,영천4통,7반,동탄(2)택지개발지구 A12블록 상록아파트 107동
화성시,동탄5동,영천4통,8반,동탄(2)택지개발지구 A12블록 상록아파트 108동
화성시,동탄5동,영천5통,1반,동탄(2)택지개발지구 A24블록 LH아파트 421동
화성시,동탄5동,영천5통,2반,동탄(2)택지개발지구 A24블록 LH아파트 422동
화성시,동탄5동,영천5통,3반,동탄(2)택지개발지구 A24블록 LH아파트 423동
화성시,동탄5동,영천5통,4반,동탄(2)택지개발지구 A24블록 LH아파트 424동
화성시,읍면동,통리,반,관 할 구 역
화성시,동탄5동,영천6통,1반,동탄(2)택지개발지구 A24블록 LH아파트 425동
화성시,동탄5동,영천6통,2반,동탄(2)택지개발지구 A24블록 LH아파트 426동
화성시,동탄5동,영천6통,3반,동탄(2)택지개발지구 A24블록 LH아파트 427동
화성시,동탄5동,영천6통,4반,동탄(2)택지개발지구 A24블록 LH아파트 428동
화성시,동탄5동,영천7통,1반,"영천동 658-1~-2, 654-1~-8"
화성시,동탄5동,영천7통,2반,영천동 655-1~-12
화성시,동탄5동,영천7통,3반,영천동 656-1~-12
화성시,동탄5동,영천7통,4반,"영천동 657-1~-7, 659-1~-9"
화성시,동탄5동,영천8통,1반,영천동 681부터 687까지
화성시,동탄5동,영천8통,2반,영천동 688부터 695까지
화성시,동탄5동,영천8통,3반,영천동 679
화성시,동탄5동,영천9통,1반,영천동 738~745
화성시,동탄5동,영천9통,2반,"영천동 747~752, 724"
화성시,동탄5동,영천9통,3반,영천동 753~760
화성시,동탄5동,영천9통,4반,"영천동 763~768, 778~780"
화성시,동탄5동,영천10통,1반,동탄(2)택지개발지구 A13블록 반도유보라2차 401
화성시,동탄5동,영천10통,2반,동탄(2)택지개발지구 A13블록 반도유보라2차 402
화성시,동탄5동,영천10통,3반,동탄(2)택지개발지구 A13블록 반도유보라2차 403
화성시,동탄5동,영천10통,4반,동탄(2)택지개발지구 A13블록 반도유보라2차 404
화성시,동탄5동,영천10통,5반,동탄(2)택지개발지구 A13블록 반도유보라2차 405
화성시,동탄5동,영천11통,1반,동탄(2)택지개발지구 A101블록 경남아너스빌 101동
화성시,동탄5동,영천11통,2반,동탄(2)택지개발지구 A101블록 경남아너스빌 102동
화성시,동탄5동,영천11통,3반,동탄(2)택지개발지구 A101블록 경남아너스빌 103동
화성시,동탄5동,영천11통,4반,동탄(2)택지개발지구 A101블록 경남아너스빌 104동
화성시,동탄5동,영천12통,1반,동탄(2)택지개발지구 A23블록 부영사랑으로 아파트 471동
화성시,동탄5동,영천12통,2반,동탄(2)택지개발지구 A23블록 부영사랑으로 아파트 472동
화성시,동탄5동,영천12통,3반,동탄(2)택지개발지구 A23블록 부영사랑으로 아파트 473동
화성시,동탄5동,영천12통,4반,동탄(2)택지개발지구 A23블록 부영사랑으로 아파트 474동
화성시,동탄5동,영천12통,5반,동탄(2)택지개발지구 A23블록 부영사랑으로 아파트 475동
화성시,동탄5동,영천12통,6반,동탄(2)택지개발지구 A23블록 부영사랑으로 아파트 476동
화성시,동탄5동,영천12통,7반,동탄(2)택지개발지구 A23블록 부영사랑으로 아파트 477동
화성시,동탄5동,영천12통,8반,동탄(2)택지개발지구 A23블록 부영사랑으로 아파트 478동
화성시,읍면동,통리,반,관 할 구 역
화성시,동탄5동,영천13통,1반,동탄(2)택지개발지구 A23블록 부영사랑으로 아파트 479동
화성시,동탄5동,영천13통,2반,동탄(2)택지개발지구 A23블록 부영사랑으로 아파트 480동
화성시,동탄5동,영천13통,3반,동탄(2)택지개발지구 A23블록 부영사랑으로 아파트 481동
화성시,동탄5동,영천13통,4반,동탄(2)택지개발지구 A23블록 부영사랑으로 아파트 482동
화성시,동탄5동,영천13통,5반,동탄(2)택지개발지구 A23블록 부영사랑으로 아파트 483동
화성시,동탄5동,영천13통,6반,동탄(2)택지개발지구 A23블록 부영사랑으로 아파트 484동
화성시,동탄5동,영천13통,7반,동탄(2)택지개발지구 A23블록 부영사랑으로 아파트 485동
화성시,동탄5동,영천13통,8반,동탄(2)택지개발지구 A23블록 부영사랑으로 아파트 486동
화성시,동탄5동,영천13통,9반,동탄(2)택지개발지구 A23블록 부영사랑으로 아파트 487동
화성시,동탄5동,영천13통,10반,동탄(2)택지개발지구 A23블록 부영사랑으로 아파트 488동
화성시,동탄5동,영천14통,1반,동탄(2)택지개발지구 A1블록 대우푸르지오 2차 아파트 101동
화성시,동탄5동,영천14통,2반,동탄(2)택지개발지구 A1블록 대우푸르지오 2차 아파트 102동
화성시,동탄5동,영천14통,3반,동탄(2)택지개발지구 A1블록 대우푸르지오 2차 아파트 103동
화성시,동탄5동,영천14통,4반,동탄(2)택지개발지구 A1블록 대우푸르지오 2차 아파트 104동
화성시,동탄5동,영천14통,5반,동탄(2)택지개발지구 A1블록 대우푸르지오 2차 아파트 105동
화성시,동탄5동,영천14통,6반,동탄(2)택지개발지구 A1블록 대우푸르지오 2차 아파트 106동
화성시,동탄5동,영천14통,7반,동탄(2)택지개발지구 A1블록 대우푸르지오 2차 아파트 107동
화성시,동탄5동,영천14통,8반,동탄(2)택지개발지구 A1블록 대우푸르지오 2차 아파트 108동
화성시,동탄5동,영천14통,9반,동탄(2)택지개발지구 A1블록 대우푸르지오 2차 아파트 109동
화성시,동탄5동,영천14통,10반,동탄(2)택지개발지구 A1블록 대우푸르지오 2차 아파트 110동
화성시,동탄5동,영천15통,1반,동탄(2)택지개발지구 A3블록 센트럴상록아파트 631
화성시,동탄5동,영천15통,2반,동탄(2)택지개발지구 A3블록 센트럴상록아파트 632
화성시,동탄5동,영천15통,3반,동탄(2)택지개발지구 A3블록 센트럴상록아파트 633
화성시,동탄5동,영천15통,4반,동탄(2)택지개발지구 A3블록 센트럴상록아파트 634
화성시,동탄5동,영천16통,1반,동탄(2)택지개발지구 A11블록 금성백조예미지 2차 621동
화성시,동탄5동,영천16통,2반,동탄(2)택지개발지구 A11블록 금성백조예미지 2차 622동
화성시,동탄5동,영천16통,3반,동탄(2)택지개발지구 A11블록 금성백조예미지 2차 623동
화성시,동탄5동,영천16통,4반,동탄(2)택지개발지구 A11블록 금성백조예미지 2차 624동
화성시,동탄5동,영천16통,5반,동탄(2)택지개발지구 A11블록 금성백조예미지 2차 625동
화성시,동탄5동,영천17통,1반,"동탄(2)택지개발지구401블록101~7, 201~3, 301~2, 401~3, 501~2, 601~8, 701~8"
화성시,동탄5동,영천17통,2반,"동탄(2)택지개발지구 401블록 801~6, 901~8, 1001~8, 1101~3, 1201~2"
화성시,동탄5동,영천17통,3반,"동탄(2)택지개발지구401블록 1301~6, 1401~3, 1501~2, 1601~3, 1701~4, 1801~2"
화성시,동탄5동,영천18통,1반,동탄(2)택지개발지구 A5블록 푸르지오3차 아파트 101동
화성시,동탄5동,영천18통,2반,동탄(2)택지개발지구 A5블록 푸르지오3차 아파트 102동
화성시,동탄5동,영천18통,3반,동탄(2)택지개발지구 A5블록 푸르지오3차 아파트 103동
화성시,동탄5동,영천18통,4반,동탄(2)택지개발지구 A5블록 푸르지오3차 아파트 104동
화성시,동탄5동,영천18통,5반,동탄(2)택지개발지구 A5블록 푸르지오3차 아파트 105동
화성시,동탄5동,영천18통,6반,동탄(2)택지개발지구 A5블록 푸르지오3차 아파트 106동
화성시,동탄5동,영천18통,7반,동탄(2)택지개발지구 A5블록 푸르지오3차 아파트 107동
화성시,동탄5동,영천18통,8반,동탄(2)택지개발지구 A5블록 푸르지오3차 아파트 108동
화성시,동탄5동,영천18통,9반,동탄(2)택지개발지구 A5블록 푸르지오3차 아파트 109동
화성시,동탄5동,영천18통,10반,동탄(2)택지개발지구 A5블록 푸르지오3차 아파트 110동
화성시,읍면동,통리,반,관 할 구 역
화성시,동탄5동,영천19통,1반,동탄(2)택지개발지구 A6블록 화성동탄2A6블록아파트 121동
화성시,동탄5동,영천19통,2반,동탄(2)택지개발지구 A6블록 화성동탄2A6블록아파트 122동
화성시,동탄5동,영천19통,3반,동탄(2)택지개발지구 A6블록 화성동탄2A6블록아파트 123동
화성시,동탄5동,영천19통,4반,동탄(2)택지개발지구 A6블록 화성동탄2A6블록아파트 124동
화성시,동탄5동,영천20통,1반,동탄(2)택지개발지구 A14블록 동탄행복마을푸르지오아파트 451동
화성시,동탄5동,영천20통,2반,동탄(2)택지개발지구 A14블록 동탄행복마을푸르지오아파트 452동
화성시,동탄5동,영천20통,3반,동탄(2)택지개발지구 A14블록 동탄행복마을푸르지오아파트 453동
화성시,동탄5동,영천20통,4반,동탄(2)택지개발지구 A14블록 동탄행복마을푸르지오아파트 454동
화성시,동탄5동,영천20통,5반,동탄(2)택지개발지구 A14블록 동탄행복마을푸르지오아파트 455동
화성시,동탄5동,영천21통,1반,동탄(2)택지개발지구 A13블록 반도유보라2차 406
화성시,동탄5동,영천21통,2반,동탄(2)택지개발지구 A13블록 반도유보라2차 407
화성시,동탄5동,영천21통,3반,동탄(2)택지개발지구 A13블록 반도유보라2차 408
화성시,동탄5동,영천21통,4반,동탄(2)택지개발지구 A13블록 반도유보라2차 409
화성시,동탄5동,영천21통,5반,동탄(2)택지개발지구 A13블록 반도유보라2차 410
화성시,동탄5동,영천21통,6반,동탄(2)택지개발지구 A13블록 반도유보라2차 411
화성시,동탄5동,영천22통,1반,동탄(2)택지개발지구 A3블록 센트럴상록아파트 635
화성시,동탄5동,영천22통,2반,동탄(2)택지개발지구 A3블록 센트럴상록아파트 636
화성시,동탄5동,영천22통,3반,동탄(2)택지개발지구 A3블록 센트럴상록아파트 637
화성시,동탄5동,영천22통,4반,동탄(2)택지개발지구 A3블록 센트럴상록아파트 638
화성시,동탄5동,영천22통,5반,동탄(2)택지개발지구 A3블록 센트럴상록아파트 639
화성시,동탄5동,영천23통,1반,동탄(2)택지개발지구 A103블록 동원로얄듀크 1차 아파트 201동
화성시,동탄5동,영천23통,2반,동탄(2)택지개발지구 A103블록 동원로얄듀크 1차 아파트 202동
화성시,동탄5동,영천23통,3반,동탄(2)택지개발지구 A103블록 동원로얄듀크 1차 아파트 203동
화성시,동탄5동,영천23통,4반,동탄(2)택지개발지구 A103블록 동원로얄듀크 1차 아파트 204동
화성시,동탄5동,영천23통,5반,동탄(2)택지개발지구 A103블록 동원로얄듀크 1차 아파트 205동
화성시,동탄5동,영천23통,6반,동탄(2)택지개발지구 A103블록 동원로얄듀크 1차 아파트 206동
화성시,동탄5동,영천24통,1반,동탄(2)택지개발지구 동탄파크자이 아파트 321동
화성시,동탄5동,영천24통,2반,동탄(2)택지개발지구 동탄파크자이 아파트 322동
화성시,동탄5동,영천24통,3반,동탄(2)택지개발지구 동탄파크자이 아파트 323동
화성시,동탄5동,영천24통,4반,동탄(2)택지개발지구 동탄파크자이 아파트 324동
화성시,동탄5동,영천24통,5반,동탄(2)택지개발지구 동탄파크자이 아파트 325동
화성시,동탄5동,영천24통,6반,동탄(2)택지개발지구 동탄파크자이 아파트 326동
화성시,동탄5동,영천24통,7반,동탄(2)택지개발지구 동탄파크자이 아파트 327동
화성시,동탄5동,영천24통,8반,동탄(2)택지개발지구 동탄파크자이 아파트 328동
화성시,동탄5동,영천24통,9반,동탄(2) B4BL 동탄역 플라쎄 더 테라스
화성시,읍면동,통리,반,관 할 구 역
화성시,동탄5동,영천25통,1반,동탄(2)택지개발지구 A24블록 LH아파트 429동
화성시,동탄5동,영천25통,2반,동탄(2)택지개발지구 A24블록 LH아파트 430동
화성시,동탄5동,영천25통,3반,동탄(2)택지개발지구 A24블록 LH아파트 431동
화성시,동탄5동,영천25통,4반,동탄(2)택지개발지구 A24블록 LH아파트 432동
화성시,동탄5동,영천26통,1반,동탄(2)택지개발지구 A24블록 LH아파트 433동
화성시,동탄5동,영천26통,2반,동탄(2)택지개발지구 A24블록 LH아파트 434동
화성시,동탄5동,영천26통,3반,동탄(2)택지개발지구 A24블록 LH아파트 435동
화성시,동탄5동,영천26통,4반,동탄(2)택지개발지구 A24블록 LH아파트 436동
화성시,동탄5동,영천27통,1반,동탄(2)택지개발지구 A7블록 LH1단지 131동
화성시,동탄5동,영천27통,2반,동탄(2)택지개발지구 A7블록 LH1단지 132동
화성시,동탄5동,영천27통,3반,동탄(2)택지개발지구 A7블록 LH1단지 133동
화성시,동탄5동,영천27통,4반,동탄(2)택지개발지구 A7블록 LH1단지 134동
화성시,동탄5동,영천27통,5반,동탄(2)택지개발지구 A7블록 LH1단지 135동
화성시,동탄5동,영천27통,6반,동탄(2)택지개발지구 A7블록 LH1단지 136동
화성시,동탄5동,영천27통,7반,동탄(2)택지개발지구 A7블록 LH1단지 137동
화성시,동탄5동,영천27통,8반,동탄(2)택지개발지구 A7블록 LH1단지 138동
화성시,동탄5동,영천27통,9반,동탄(2)택지개발지구 A7블록 LH1단지 139동
화성시,동탄5동,영천27통,10반,동탄(2)택지개발지구 A7블록 LH1단지 140동
화성시,동탄5동,영천28통,1반,동탄(2)택지개발지구 B2블록 중흥S클래스 더 테라스 151동~153동
화성시,동탄5동,영천28통,2반,동탄(2)택지개발지구 B2블록 중흥S클래스 더 테라스 154동~156동
화성시,동탄5동,영천28통,3반,동탄(2)택지개발지구 B2블록 중흥S클래스 더 테라스 157동~160동
화성시,동탄5동,영천28통,4반,동탄(2) B3BL블록 솔리움 더 테라스 313동부터 317동까지
화성시,동탄5동,영천29통,1반,동탄(2)택지개발지구 A4-1블록 LH 행복주택 211동~212동
화성시,동탄5동,영천29통,2반,동탄(2)택지개발지구 A4-1블록 LH 행복주택 213동~214동
화성시,동탄5동,영천29통,3반,동탄(2)택지개발지구 A4-1블록 LH 행복주택 215동~216동
화성시,동탄5동,영천29통,4반,동탄(2)택지개발지구 A4-1블록 LH 행복주택 217동 1~8라인
화성시,동탄5동,영천29통,5반,동탄(2)택지개발지구 A4-1블록 LH 행복주택 217동 9~28라인
화성시,동탄5동,영천30통,1반,동탄(2)택지개발지구 A4-1블록 LH 행복주택 218동 1~8라인
화성시,동탄5동,영천30통,2반,동탄(2)택지개발지구 A4-1블록 LH 행복주택 218동 9~24라인
화성시,동탄5동,영천30통,3반,동탄(2)택지개발지구 A4-1블록 LH 행복주택 219동
화성시,동탄5동,영천30통,4반,동탄(2)택지개발지구 A4-1블록 LH 행복주택 220동
화성시,동탄5동,영천30통,5반,동탄(2)택지개발지구 A4-1블록 LH 행복주택 221동~224동
화성시,동탄5동,영천31통,1반,동탄(2)택지개발지구 C4블록 동원로얄듀크포레4차 101동
화성시,동탄5동,영천31통,2반,동탄(2)택지개발지구 C4블록 동원로얄듀크포레4차 102동(오피스텔 포함)
화성시,읍면동,통리,반,관 할 구 역
화성시,동탄5동,영천32통,1반,동탄(2)택지개발지구 C1블록 힐스테이트동탄2차 101동
화성시,동탄5동,영천32통,2반,동탄(2)택지개발지구 C1블록 힐스테이트동탄2차 102동
화성시,동탄5동,영천32통,3반,"동탄(2)택지개발지구 C1블록 힐스테이트동탄2차 103동, 오피스텔동"
화성시,동탄5동,영천33통,1반,동탄(2)택지개발지구 C3블록 대방디엠시티 101동
화성시,동탄5동,영천33통,2반,동탄(2)택지개발지구 C3블록 대방디엠시티 102동
화성시,동탄5동,영천33통,3반,"동탄(2)택지개발지구 C3블록 대방디엠시티 103동, 오피스텔동"
화성시,동탄5동,영천34통,1반,동탄(2)택지개발지구 A4-2블록 LH 국민 영구임대주택 225동 1~18라인
화성시,동탄5동,영천34통,2반,동탄(2)택지개발지구 A4-2블록 LH 국민 영구임대주택 225동 19~31라인
화성시,동탄5동,영천34통,3반,동탄(2)택지개발지구 A4-2블록 LH 국민 영구임대주택 226동
화성시,동탄5동,영천34통,4반,동탄(2)택지개발지구 A4-2블록 LH 국민 영구임대주택 227동 1~20라인
화성시,동탄5동,영천34통,5반,동탄(2)택지개발지구 A4-2블록 LH 국민 영구임대주택 227동 21~38라인
화성시,동탄5동,영천34통,6반,동탄(2)택지개발지구 A4-2블록 LH 국민 영구임대주택 228동
화성시,동탄5동,영천35통,1반,동탄(2)택지개발지구 A4-2블록 LH 국민 영구임대주택 229동
화성시,동탄5동,영천35통,2반,동탄(2)택지개발지구 A4-2블록 LH 국민 영구임대주택 230동
화성시,동탄5동,영천35통,3반,동탄(2)택지개발지구 A4-2블록 LH 국민 영구임대주택 231동
화성시,동탄5동,영천35통,4반,동탄(2)택지개발지구 A4-2블록 LH 국민 영구임대주택 232동
화성시,동탄5동,영천35통,5반,동탄(2)택지개발지구 A4-2블록 LH 국민 영구임대주택 233동
화성시,동탄5동,영천35통,6반,동탄(2)택지개발지구 A4-2블록 LH 국민 영구임대주택 234동
화성시,동탄5동,영천35통,7반,동탄(2)택지개발지구 A4-2블록 LH 국민 영구임대주택 235동
화성시,동탄5동,영천35통,8반,동탄(2)택지개발지구 A4-2블록 LH 국민 영구임대주택 236동
화성시,동탄5동,영천35통,9반,동탄(2)택지개발지구 A4-2블록 LH 국민 영구임대주택 237동
화성시,동탄5동,영천36통,1반,동탄(2)택지개발지구 A14블록 동탄행복마을푸르지오아파트 456동
화성시,동탄5동,영천36통,2반,동탄(2)택지개발지구 A14블록 동탄행복마을푸르지오아파트 457동
화성시,동탄5동,영천36통,3반,동탄(2)택지개발지구 A14블록 동탄행복마을푸르지오아파트 458동
화성시,동탄5동,영천36통,4반,동탄(2)택지개발지구 A14블록 동탄행복마을푸르지오아파트 459동
화성시,동탄5동,영천36통,5반,동탄(2)택지개발지구 A14블록 동탄행복마을푸르지오아파트 460동
화성시,동탄5동,영천36통,6반,동탄(2)택지개발지구 A14블록 동탄행복마을푸르지오아파트 461동
화성시,동탄5동,영천37통,1반,동탄(2)택지개발지구 화성동탄2 지원6-2 행복주택
화성시,동탄5동,영천38통,1반,영천동 699부터 704까지
화성시,동탄5동,영천38통,2반,영천동 675 및 705부터 711까지
화성시,동탄5동,영천38통,3반,"영천동 673, 678 및 680"
화성시,읍면동,통리,반,관 할 구 역
화성시,동탄5동,영천39통,1반,동탄(2)택지개발지구 동탄파크자이 아파트 329동
화성시,동탄5동,영천39통,2반,동탄(2)택지개발지구 동탄파크자이 아파트 330동
화성시,동탄5동,영천39통,3반,동탄(2)택지개발지구 동탄파크자이 아파트 331동
화성시,동탄5동,영천39통,4반,동탄(2)택지개발지구 동탄파크자이 아파트 332동
화성시,동탄5동,영천39통,5반,동탄(2)택지개발지구 동탄파크자이 아파트 333동
화성시,동탄5동,영천39통,6반,동탄(2)택지개발지구 동탄파크자이 아파트 334동
화성시,동탄5동,영천39통,7반,동탄(2)택지개발지구 동탄파크자이 아파트 335동
화성시,동탄5동,영천39통,8반,동탄(2)택지개발지구 동탄파크자이 아파트 336동
화성시,동탄5동,영천39통,9반,동탄(2)택지개발지구 동탄파크자이 아파트 337동
화성시,동탄5동,영천39통,10반,동탄(2)택지개발지구 동탄파크자이 아파트 338동
화성시,동탄5동,영천39통,11반,동탄(2)택지개발지구 동탄파크자이 아파트 339동
화성시,동탄5동,영천40통,1반,동탄(2) C2BL 동탄역 금강 펜테리움 더 시글로 101동
화성시,동탄5동,영천40통,2반,동탄(2) C2BL 동탄역 금강 펜테리움 더 시글로 102동
화성시,동탄5동,영천40통,3반,동탄(2) C2BL 동탄역 금강 펜테리움 더 시글로 103동
화성시,동탄5동,중1통,1반,중동 8~463
화성시,동탄5동,중1통,2반,중동 465~476
화성시,동탄5동,중1통,3반,중동 509~573
화성시,동탄5동,중1통,4반,중동 578~690
화성시,동탄5동,중1통,5반,중동 708~761
화성시,동탄5동,중1통,6반,중동 765~833-29
화성시,동탄5동,중2통,1반,중동 107~109
화성시,동탄5동,중2통,2반,중동 151~208
화성시,읍면동,통리,반,관 할 구 역
화성시,동탄6동,여울1통,1반,동탄역 신미주 1621동
화성시,동탄6동,여울1통,2반,동탄역 신미주 1622동
화성시,동탄6동,여울1통,3반,동탄역 신미주 1623동
화성시,동탄6동,여울1통,4반,동탄역 신미주 1624동
화성시,동탄6동,여울1통,5반,"동탄역 신미주 1625동, 1626동"
화성시,동탄6동,여울1통,6반,동탄역 신미주 1627동
화성시,동탄6동,여울1통,7반,동탄역 신미주 1628동
화성시,동탄6동,여울2통,1반,"동탄(2)택지개발지구 A38블록 반도유보라 아이비파크3 1801동, 1802동"
화성시,동탄6동,여울2통,2반,동탄(2)택지개발지구 A38블록 반도유보라 아이비파크3 1803동
화성시,동탄6동,여울2통,3반,동탄(2)택지개발지구 A38블록 반도유보라 아이비파크3 1804동
화성시,동탄6동,여울2통,4반,동탄(2)택지개발지구 A38블록 반도유보라 아이비파크3 1805동
화성시,동탄6동,여울2통,5반,동탄(2)택지개발지구 A38블록 반도유보라 아이비파크3 1806동
화성시,동탄6동,여울2통,6반,동탄(2)택지개발지구 A38블록 반도유보라 아이비파크3 1807동
화성시,동탄6동,여울2통,7반,동탄(2)택지개발지구 A38블록 반도유보라 아이비파크3 1808동
화성시,동탄6동,여울3통,1반,"동탄(2)택지개발지구 A39블록 금강펜테리움1차 1821동, 1822동"
화성시,동탄6동,여울3통,2반,동탄(2)택지개발지구 A39블록 금강펜테리움1차 1823동
화성시,동탄6동,여울3통,3반,동탄(2)택지개발지구 A39블록 금강펜테리움1차 1824동
화성시,동탄6동,여울3통,4반,동탄(2)택지개발지구 A39블록 금강펜테리움1차 1825동
화성시,동탄6동,여울3통,5반,동탄(2)택지개발지구 A39블록 금강펜테리움1차 1826동
화성시,동탄6동,여울3통,6반,"동탄(2)택지개발지구 A39블록 금강펜테리움1차 1827동, 1828동"
화성시,동탄6동,여울3통,7반,동탄(2)택지개발지구 A39블록 금강펜테리움1차 1829동
화성시,동탄6동,여울3통,8반,"동탄(2)택지개발지구 A39블록 금강펜테리움1차 1830동, 1831동"
화성시,동탄6동,여울3통,9반,동탄(2)택지개발지구 A39블록 금강펜테리움1차 1832동
화성시,동탄6동,여울3통,10반,동탄(2)택지개발지구 A39블록 금강펜테리움1차 1833동
화성시,동탄6동,여울4통,1반,동탄(2)택지개발지구 A34블록 동탄역 에일린의뜰 1601동
화성시,동탄6동,여울4통,2반,동탄(2)택지개발지구 A34블록 동탄역 에일린의뜰 1602동
화성시,동탄6동,여울4통,3반,동탄(2)택지개발지구 A34블록 동탄역 에일린의뜰 1603동
화성시,동탄6동,여울4통,4반,동탄(2)택지개발지구 A34블록 동탄역 에일린의뜰 1604동
화성시,동탄6동,여울4통,5반,동탄(2)택지개발지구 A34블록 동탄역 에일린의뜰 1605동
화성시,동탄6동,여울4통,6반,동탄(2)택지개발지구 A34블록 동탄역 에일린의뜰 1606동
화성시,동탄6동,여울4통,7반,동탄(2)택지개발지구 A34블록 동탄역 에일린의뜰 1607동
화성시,동탄6동,여울4통,8반,"동탄(2)택지개발지구 A34블록 동탄역 에일린의뜰 1608, 1609동"
화성시,동탄6동,여울5통,1반,동탄(2)택지개발지구 C26블록 LH 행복주택 2601동
화성시,동탄6동,여울5통,2반,동탄(2)택지개발지구 C26블록 LH 행복주택 2602동
화성시,동탄6동,여울5통,3반,동탄(2)택지개발지구 C26블록 LH 행복주택 2603동
화성시,동탄6동,여울5통,4반,동탄(2)택지개발지구 C26블록 LH 행복주택 2604동
화성시,동탄6동,여울5통,5반,동탄(2)택지개발지구 C26블록 LH 행복주택 2605동
화성시,동탄6동,여울5통,6반,동탄(2)택지개발지구 C26블록 LH 행복주택 2606동
화성시,읍면동,통리,반,관 할 구 역
화성시,동탄6동,여울6통,1반,동탄(2)택지개발지구 A40블록 센트럴힐즈동탄 1841동
화성시,동탄6동,여울6통,2반,동탄(2)택지개발지구 A40블록 센트럴힐즈동탄 1842동
화성시,동탄6동,여울6통,3반,동탄(2)택지개발지구 A40블록 센트럴힐즈동탄 1843동
화성시,동탄6동,여울6통,4반,동탄(2)택지개발지구 A40블록 센트럴힐즈동탄 1844동
화성시,동탄6동,여울6통,5반,동탄(2)택지개발지구 A40블록 센트럴힐즈동탄 1845동
화성시,동탄6동,여울6통,6반,동탄(2)택지개발지구 A40블록 센트럴힐즈동탄 1846동
화성시,동탄6동,여울6통,7반,동탄(2)택지개발지구 A40블록 센트럴힐즈동탄 1847동
화성시,동탄6동,여울6통,8반,동탄(2)택지개발지구 A40블록 센트럴힐즈동탄 1848동
화성시,동탄6동,여울7통,1반,"동탄(2)택지개발지구 408블록 101~11, 201~12"
화성시,동탄6동,여울7통,2반,"동탄(2)택지개발지구 408블록 301~4, 401~7, 501~6"
화성시,동탄6동,여울7통,3반,"동탄(2)택지개발지구 408블록 601~9, 701~5, 801~8, 1301~9"
화성시,동탄6동,여울7통,4반,"동탄(2)택지개발지구 408블록 901~2, 1001~4, 1101~7, 1201~8"
화성시,동탄6동,여울8통,1반,동탄(2)택지개발지구 A37블록 동탄역 반도유보라 아이비파크 5.0 1501동
화성시,동탄6동,여울8통,2반,동탄(2)택지개발지구 A37블록 동탄역 반도유보라 아이비파크 5.0 1502동
화성시,동탄6동,여울8통,3반,동탄(2)택지개발지구 A37블록 동탄역 반도유보라 아이비파크 5.0 1503동
화성시,동탄6동,여울8통,4반,동탄(2)택지개발지구 A37블록 동탄역 반도유보라 아이비파크 5.0 1504동
화성시,동탄6동,여울8통,5반,동탄(2)택지개발지구 A37블록 동탄역 반도유보라 아이비파크 5.0 1505동
화성시,동탄6동,여울9통,1반,동탄(2)택지개발지구 A2블록 동탄역 반도유보라 아이비파크6.0 801동
화성시,동탄6동,여울9통,2반,동탄(2)택지개발지구 A2블록 동탄역 반도유보라 아이비파크6.0 802동
화성시,동탄6동,여울9통,3반,"동탄(2)택지개발지구 A2블록 동탄역 반도유보라 아이비파크6.0 803동, 804동"
화성시,동탄6동,여울9통,4반,동탄(2)택지개발지구 A2블록 동탄역 반도유보라 아이비파크6.0 805동
화성시,동탄6동,여울9통,5반,동탄(2)택지개발지구 A2블록 동탄역 반도유보라 아이비파크6.0 806동
화성시,동탄6동,여울10통,1반,동탄(2)택지개발지구 C5블록 동탄역 반도유보라 아이비파크 7.0 101동
화성시,동탄6동,여울10통,2반,동탄(2)택지개발지구 C5블록 동탄역 반도유보라 아이비파크 7.0 102동
화성시,동탄6동,여울10통,3반,동탄(2)택지개발지구 C5블록 동탄역 반도유보라 아이비파크 7.0 103동
화성시,동탄6동,여울10통,4반,동탄(2)택지개발지구 C5블록 동탄역 반도유보라 아이비파크 7.0 104동
화성시,동탄6동,여울10통,5반,동탄(2)택지개발지구 C5블록 동탄역 반도유보라 아이비파크 7.0 105동
화성시,동탄6동,여울11통,1반,동탄(2)택지개발지구 C8블록 동탄역 반도유보라 아이비파크 8.0 201동
화성시,동탄6동,여울11통,2반,동탄(2)택지개발지구 C8블록 동탄역 반도유보라 아이비파크 8.0 202동
화성시,동탄6동,여울11통,3반,동탄(2)택지개발지구 C8블록 동탄역 반도유보라 아이비파크 8.0 203동
화성시,동탄6동,여울11통,4반,동탄(2)택지개발지구 C8블록 동탄역 반도유보라 아이비파크 8.0 204동
화성시,동탄6동,여울11통,5반,동탄(2)택지개발지구 C8블록 동탄역 반도유보라 아이비파크 8.0 205동
화성시,동탄6동,여울11통,6반,동탄(2)택지개발지구 C8블록 동탄역 반도유보라 아이비파크 8.0 206동
화성시,읍면동,통리,반,관 할 구 역
화성시,동탄6동,여울12통,1반,동탄(2)택지개발지구 일상6블록 및 일상7블록
화성시,동탄6동,여울12통,2반,"동탄(2)택지개발지구 유통4블록, 일상9블록, 일상15블록, 지원시설59블록, 지원시설77블록, 공공10블록, 근상22블록부터 근상25블록까지, 의료시설1블록 및 근생42블록"
화성시,동탄6동,여울12통,3반,"동탄(2)택지개발지구 업무1블록부터 업무11블록까지, 일상1블록, 일상3블록부터 일상5블록까지, 일상8블록 및 중상1블록"
화성시,동탄6동,여울12통,4반,"동탄(2)택지개발지구 근생23블록, 근생29블록, 근생35블록, 근생39블록부터 근생41블록까지, 근생78블록, 근생79블록, 근생96블록, 근생97블록, 업무12블록부터 업무22블록까지, 근상14블록부터 근상21블록까지, 공공6블록부터 공공9블록까지, 공공18블록, 문화복합4블록, 문화복합7블록, 문화복합18블록, 문화복합20블록, 종교2블록, 종교29블록 및 준주거1블록부터 준주거4블록까지"
화성시,동탄6동,여울13통,1반,동탄(2)택지개발지구 C12블록 동탄역 린스트라우스 101동
화성시,동탄6동,여울13통,2반,동탄(2)택지개발지구 C12블록 동탄역 린스트라우스 102동
화성시,동탄6동,여울13통,3반,동탄(2)택지개발지구 C12블록 동탄역 린스트라우스 103동
화성시,동탄6동,여울13통,4반,동탄(2)택지개발지구 C12블록 동탄역 린스트라우스 201동
화성시,동탄6동,여울14통,1반,동탄(2)택지개발지구 A36블록 동탄역더샵센트럴씨티2차 1611동
화성시,동탄6동,여울14통,2반,동탄(2)택지개발지구 A36블록 동탄역더샵센트럴씨티2차 1612동
화성시,동탄6동,여울14통,3반,동탄(2)택지개발지구 A36블록 동탄역더샵센트럴씨티2차 1613동
화성시,동탄6동,여울14통,4반,동탄(2)택지개발지구 A36블록 동탄역더샵센트럴씨티2차 1614동
화성시,동탄6동,여울14통,5반,동탄(2)택지개발지구 A36블록 동탄역더샵센트럴씨티2차 1615동
화성시,동탄6동,여울14통,6반,동탄(2)택지개발지구 A36블록 동탄역더샵센트럴씨티2차 1616동
화성시,동탄6동,여울14통,7반,동탄(2)택지개발지구 A36블록 동탄역더샵센트럴씨티2차 1617동
화성시,동탄6동,여울14통,8반,동탄(2)택지개발지구 A36블록 동탄역더샵센트럴씨티2차 1618동
화성시,동탄6동,여울14통,9반,동탄(2)택지개발지구 A36블록 동탄역더샵센트럴씨티2차 1619동
화성시,동탄6동,여울14통,10반,동탄(2)택지개발지구 A36블록 동탄역더샵센트럴씨티2차 1620동
화성시,동탄6동,여울15통,1반,동탄(2)택지개발지구 A35블록 중흥S-클래스 1701동
화성시,동탄6동,여울15통,2반,"동탄(2)택지개발지구 A35블록 중흥S-클래스 1702동, 1703동, 1704동"
화성시,동탄6동,여울15통,3반,"동탄(2)택지개발지구 A35블록 중흥S-클래스 1705동, 1706동"
화성시,동탄6동,여울15통,4반,"동탄(2)택지개발지구 A35블록 중흥S-클래스 1707동, 1708동"
화성시,동탄6동,여울15통,5반,동탄(2)택지개발지구 A35블록 중흥S-클래스 1709동
화성시,동탄6동,여울15통,6반,동탄(2)택지개발지구 A35블록 중흥S-클래스 1710동
화성시,동탄6동,여울16통,1반,동탄(2)택지개발지구 B9블록 남해오네뜨더테라스 1711동?1715동
화성시,동탄6동,여울16통,2반,동탄(2)택지개발지구 B9블록 남해오네뜨더테라스 1716동?1720동
화성시,동탄6동,여울17통,1반,동탄(2)택지개발지구 B5블록 중흥에스클래스더테라스리버파크1차 1631?1634동
화성시,동탄6동,여울17통,2반,동탄(2)택지개발지구 B5블록 중흥에스클래스더테라스리버파크1차 1635?1641동
화성시,동탄6동,여울18통,1반,동탄(2)택지개발지구 B6블록 중흥에스클래스더테라스리버파크2차 1651?1655동
화성시,동탄6동,여울18통,2반,동탄(2)택지개발지구 B6블록 중흥에스클래스더테라스리버파크2차 1656?1660동
화성시,읍면동,통리,반,관 할 구 역
화성시,동탄6동,여울19통,1반,동탄(2)택지개발지구 B7블록 중흥에스클래스더테라스리버파크3차 1731?1735동
화성시,동탄6동,여울19통,2반,동탄(2)택지개발지구 B7블록 중흥에스클래스더테라스리버파크3차 1736?1740동
화성시,동탄6동,여울20통,1반,동탄(2)택지개발지구 C6블록 동탄역동원로얄듀크비스타3차 601동
화성시,동탄6동,여울20통,2반,동탄(2)택지개발지구 C6블록 동탄역동원로얄듀크비스타3차 602동
화성시,동탄6동,여울20통,3반,동탄(2)택지개발지구 C6블록 동탄역동원로얄듀크비스타3차 603동
화성시,동탄6동,여울20통,4반,동탄(2)택지개발지구 C6블록 동탄역동원로얄듀크비스타3차 604동
화성시,동탄6동,여울21통,1반,동탄(2)택지개발지구 A38블록 반도유보라 아이비파크3 1809동
화성시,동탄6동,여울21통,2반,동탄(2)택지개발지구 A38블록 반도유보라 아이비파크3 1810동
화성시,동탄6동,여울21통,3반,동탄(2)택지개발지구 A38블록 반도유보라 아이비파크3 1811동
화성시,동탄6동,여울21통,4반,동탄(2)택지개발지구 A38블록 반도유보라 아이비파크3 1812동
화성시,동탄6동,여울21통,5반,동탄(2)택지개발지구 A38블록 반도유보라 아이비파크3 1813동
화성시,동탄6동,여울21통,6반,동탄(2)택지개발지구 A38블록 반도유보라 아이비파크3 1814동
화성시,동탄6동,여울21통,7반,"동탄(2)택지개발지구 A38블록 반도유보라 아이비파크3 1815동, 1816동, 1817동"
화성시,동탄6동,여울22통,1반,동탄(2)택지개발지구 C9블록 동탄역파라곤 901동
화성시,동탄6동,여울22통,2반,동탄(2)택지개발지구 C9블록 동탄역파라곤 902동
화성시,동탄6동,여울22통,3반,동탄(2)택지개발지구 C9블록 동탄역파라곤 903동
화성시,동탄6동,여울22통,4반,동탄(2)택지개발지구 C9블록 동탄역파라곤 904동
화성시,동탄6동,여울23통,1반,동탄(2)택지개발지구 C11블록 동탄역롯데캐슬 101동
화성시,동탄6동,여울23통,2반,동탄(2)택지개발지구 C11블록 동탄역롯데캐슬 102동
화성시,동탄6동,여울23통,3반,동탄(2)택지개발지구 C11블록 동탄역롯데캐슬 103동
화성시,동탄6동,여울23통,4반,동탄(2)택지개발지구 C11블록 동탄역롯데캐슬 104동
화성시,동탄6동,여울24통,1반,동탄(2)택지개발지구 C11블록 동탄역롯데캐슬 A동
화성시,동탄6동,여울24통,2반,동탄(2)택지개발지구 C11블록 동탄역롯데캐슬 B동
화성시,동탄6동,여울25통,1반,동탄(2)택지개발지구 C7블록 동탄역예미지시그너스 101동
화성시,동탄6동,여울25통,2반,동탄(2)택지개발지구 C7블록 동탄역예미지시그너스 102동
화성시,동탄6동,여울25통,3반,동탄(2)택지개발지구 C7블록 동탄역예미지시그너스 103동
화성시,동탄6동,여울25통,4반,동탄(2)택지개발지구 C7블록 동탄역예미지시그너스 201동
화성시,동탄6동,여울26통,1반,동탄(2)택지개발지구 업무복합3블록 동탄역유림노르웨이숲 101동
화성시,동탄6동,여울26통,2반,동탄(2)택지개발지구 업무복합3블록 동탄역유림노르웨이숲 102동
화성시,동탄6동,여울26통,3반,동탄(2)택지개발지구 업무복합3블록 동탄역유림노르웨이숲 201동 (1~7호열)
화성시,동탄6동,여울26통,4반,동탄(2)택지개발지구 업무복합3블록 동탄역유림노르웨이숲 201동 (8~13호열)
화성시,동탄6동,여울26통,5반,동탄(2)택지개발지구 업무복합3블록 동탄역유림노르웨이숲 201동 (14~20호열)
화성시,동탄6동,여울26통,6반,"동탄(2)택지개발지구 업무복합3블록 동탄역유림노르웨이숲 201동 (21~25호열), 202동"
화성시,읍면동,통리,반,관 할 구 역
화성시,동탄6동,여울27통,1반,동탄(2)택지개발지구 C16블록 동탄역 헤리엇 101동
화성시,동탄6동,여울27통,2반,동탄(2)택지개발지구 C16블록 동탄역 헤리엇 102동
화성시,동탄6동,여울27통,3반,동탄(2)택지개발지구 C16블록 동탄역 헤리엇 103동
화성시,동탄6동,여울27통,4반,동탄(2)택지개발지구 C16블록 동탄역 헤리엇 104동
화성시,동탄6동,여울27통,5반,동탄(2)택지개발지구 C16블록 동탄역 헤리엇 105동
화성시,동탄6동,여울27통,6반,동탄(2)택지개발지구 C16블록 동탄역 헤리엇 106동
화성시,동탄6동,여울27통,7반,동탄(2)택지개발지구 C16블록 동탄역 헤리엇 107동
화성시,동탄6동,여울27통,8반,동탄(2)택지개발지구 C16블록 동탄역 헤리엇 108동
화성시,동탄6동,여울27통,9반,동탄(2)택지개발지구 C16블록 동탄역 헤리엇 109동
화성시,동탄6동,여울27통,10반,동탄(2)택지개발지구 C16블록 동탄역 헤리엇 201동
화성시,동탄6동,여울27통,11반,동탄(2)택지개발지구 C16블록 동탄역 헤리엇 202동
화성시,동탄6동,여울28통,1반,동탄(2)택지개발지구 업무복합1블록 동탄역삼정그린코아더베스트 주거동
화성시,동탄6동,여울28통,2반,동탄(2)택지개발지구 업무복합1블록 동탄역삼정그린코아더베스트 오피스텔동
화성시,동탄6동,여울29통,1반,동탄(2)택지개발지구 업무5-1블록(동탄역푸르지오시티) A동
화성시,동탄6동,여울29통,2반,동탄(2)택지개발지구 업무5-1블록(동탄역푸르지오시티) B동
화성시,동탄6동,여울30통,1반,동탄(2)택지개발지구 업무5-2블록(우성르보아시티)
화성시,동탄6동,여울30통,2반,동탄(2)택지개발지구 일상2블록 및 유통2블록(라스플로레스)
화성시,동탄6동,여울31통,1반,동탄(2)택지개발지구 B8블록 힐스테이트동탄더테라스 1721동부터 1725동까지
화성시,동탄6동,여울31통,2반,동탄(2)택지개발지구 B8블록 힐스테이트동탄더테라스 1726동부터 1729동까지
화성시,동탄6동,여울32통,1반,여울동 979 동탄2신도시동탄역디에트르퍼스티지 101동
화성시,동탄6동,여울32통,2반,여울동 979 동탄2신도시동탄역디에트르퍼스티지 102동
화성시,동탄6동,여울32통,3반,여울동 979 동탄2신도시동탄역디에트르퍼스티지 103동
화성시,동탄6동,여울32통,4반,여울동 979 동탄2신도시동탄역디에트르퍼스티지오피스텔 104동
화성시,동탄6동,방교1통,1반,방교동 751~753
화성시,동탄6동,방교1통,2반,방교동 754~757
화성시,동탄6동,방교1통,3반,방교동 758~761
화성시,동탄6동,방교1통,4반,방교동 765~767
화성시,동탄6동,방교1통,5반,방교동 768~771
화성시,동탄6동,방교1통,6반,방교동 772~794
화성시,동탄6동,방교2통,1반,방교동 795~870
화성시,동탄6동,금곡1통,1반,금곡동 500~596
화성시,동탄6동,금곡1통,2반,금곡동 486~499
화성시,동탄6동,금곡1통,3반,금곡동 335~473
화성시,동탄6동,금곡1통,4반,금곡동 475~485
화성시,동탄6동,금곡2통,1반,금곡동 109~129
화성시,동탄6동,금곡2통,2반,금곡동 134~350
화성시,동탄6동,금곡2통,3반,금곡동 253~321
화성시,읍면동,통리,반,관 할 구 역
화성시,동탄7동,송1통,1반,동탄(2)택지개발지구 A65블록 동탄2 LH26단지 2601동
화성시,동탄7동,송1통,2반,동탄(2)택지개발지구 A65블록 동탄2 LH26단지 2602동
화성시,동탄7동,송1통,3반,동탄(2)택지개발지구 A65블록 동탄2 LH26단지 2603동
화성시,동탄7동,송1통,4반,동탄(2)택지개발지구 A65블록 동탄2 LH26단지 2604동
화성시,동탄7동,송1통,5반,동탄(2)택지개발지구 A65블록 동탄2 LH26단지 2605동
화성시,동탄7동,송1통,6반,동탄(2)택지개발지구 A65블록 동탄2 LH26단지 2606동
화성시,동탄7동,송1통,7반,동탄(2)택지개발지구 A65블록 동탄2 LH26단지 2607동
화성시,동탄7동,송1통,8반,동탄(2)택지개발지구 A65블록 동탄2 LH26단지 2608동
화성시,동탄7동,송1통,9반,동탄(2)택지개발지구 A65블록 동탄2 LH26단지 2609동
화성시,동탄7동,송1통,10반,동탄(2)택지개발지구 A65블록 동탄2 LH26단지 2610동
화성시,동탄7동,송1통,11반,동탄(2)택지개발지구 A65블록 동탄2 LH26단지 2611동
화성시,동탄7동,송1통,12반,동탄(2)택지개발지구 A65블록 동탄2 LH26단지 2612동
화성시,동탄7동,송1통,13반,동탄(2)택지개발지구 A65블록 동탄2 LH26단지 2613동
화성시,동탄7동,송1통,14반,동탄(2)택지개발지구 A65블록 동탄2 LH26단지 2614동
화성시,동탄7동,송1통,15반,동탄(2)택지개발지구 A65블록 동탄2 LH26단지 2615동
화성시,동탄7동,송2통,1반,동탄(2)택지개발지구 A66블록 하우스디더레이크 2621동
화성시,동탄7동,송2통,2반,동탄(2)택지개발지구 A66블록 하우스디더레이크 2622동
화성시,동탄7동,송2통,3반,동탄(2)택지개발지구 A66블록 하우스디더레이크 2623동
화성시,동탄7동,송2통,4반,동탄(2)택지개발지구 A66블록 하우스디더레이크 2624동
화성시,동탄7동,송2통,5반,동탄(2)택지개발지구 A66블록 하우스디더레이크 2625동
화성시,동탄7동,송2통,6반,동탄(2)택지개발지구 A66블록 하우스디더레이크 2626동
화성시,동탄7동,송2통,7반,동탄(2)택지개발지구 A66블록 하우스디더레이크 2627동
화성시,동탄7동,송3통,1반,동탄(2)택지개발지구 단독주택 428블록
화성시,동탄7동,송3통,2반,동탄(2)택지개발지구 이주자택지 429블록
화성시,동탄7동,송3통,3반,동탄(2)택지개발지구 이주자택지 430블록
화성시,동탄7동,송3통,4반,동탄(2)택지개발지구 이주자택지 431블록
화성시,동탄7동,송3통,5반,동탄(2)택지개발지구 이주자택지 432블록
화성시,동탄7동,송4통,1반,동탄(2)택지개발지구 B15 동탄레이크자이더테라스 2701동
화성시,동탄7동,송4통,2반,동탄(2)택지개발지구 B15 동탄레이크자이더테라스 2702동
화성시,동탄7동,송4통,3반,동탄(2)택지개발지구 B15 동탄레이크자이더테라스 2703동
화성시,동탄7동,송4통,4반,동탄(2)택지개발지구 B15 동탄레이크자이더테라스 2704동
화성시,동탄7동,송4통,5반,동탄(2)택지개발지구 B15 동탄레이크자이더테라스 2705동
화성시,동탄7동,송4통,6반,동탄(2)택지개발지구 B15 동탄레이크자이더테라스 2706동
화성시,동탄7동,송4통,7반,동탄(2)택지개발지구 B15 동탄레이크자이더테라스 2707동
화성시,동탄7동,송4통,8반,동탄(2)택지개발지구 B16 동탄레이크자이더테라스 2711동
화성시,동탄7동,송4통,9반,동탄(2)택지개발지구 B16 동탄레이크자이더테라스 2712동
화성시,동탄7동,송4통,10반,동탄(2)택지개발지구 B16 동탄레이크자이더테라스 2713동
화성시,동탄7동,송4통,11반,동탄(2)택지개발지구 B16 동탄레이크자이더테라스 2714동
화성시,동탄7동,송4통,12반,동탄(2)택지개발지구 B16 동탄레이크자이더테라스 2715동
화성시,동탄7동,송4통,13반,동탄(2)택지개발지구 B16 동탄레이크자이더테라스 2716동
화성시,읍면동,통리,반,관 할 구 역
화성시,동탄7동,송4통,14반,동탄(2)택지개발지구 B16 동탄레이크자이더테라스 2717동
화성시,동탄7동,송4통,15반,동탄(2)택지개발지구 B16 동탄레이크자이더테라스 2718동
화성시,동탄7동,송4통,16반,동탄(2)택지개발지구 B16 동탄레이크자이더테라스 2719동
화성시,동탄7동,송4통,17반,동탄(2)택지개발지구 B16 동탄레이크자이더테라스 2720동
화성시,동탄7동,송4통,18반,동탄(2)택지개발지구 B16 동탄레이크자이더테라스 2721동
화성시,동탄7동,송4통,19반,동탄(2)택지개발지구 B16 동탄레이크자이더테라스 2722동
화성시,동탄7동,송4통,20반,동탄(2)택지개발지구 B16 동탄레이크자이더테라스 2723동
화성시,동탄7동,송4통,21반,동탄(2)택지개발지구 B16 동탄레이크자이더테라스 2724동
화성시,동탄7동,송4통,22반,동탄(2)택지개발지구 B16 동탄레이크자이더테라스 2725동
화성시,동탄7동,송4통,23반,동탄(2)택지개발지구 B16 동탄레이크자이더테라스 2726동
화성시,동탄7동,송4통,24반,동탄(2)택지개발지구 B16 동탄레이크자이더테라스 2727동
화성시,동탄7동,송4통,25반,동탄(2)택지개발지구 B16 동탄레이크자이더테라스 2728동
화성시,동탄7동,송4통,26반,동탄(2)택지개발지구 B16 동탄레이크자이더테라스 2729동
화성시,동탄7동,송4통,27반,동탄(2)택지개발지구 B16 동탄레이크자이더테라스 2730동
화성시,동탄7동,송5통,1반,동탄(2)택지개발지구 A66블록 하우스디더레이크 2628동
화성시,동탄7동,송5통,2반,동탄(2)택지개발지구 A66블록 하우스디더레이크 2629동
화성시,동탄7동,송5통,3반,동탄(2)택지개발지구 A66블록 하우스디더레이크 2630동
화성시,동탄7동,송5통,4반,동탄(2)택지개발지구 A66블록 하우스디더레이크 2631동
화성시,동탄7동,송5통,5반,동탄(2)택지개발지구 A66블록 하우스디더레이크 2632동
화성시,동탄7동,송5통,6반,동탄(2)택지개발지구 A66블록 하우스디더레이크 2633동
화성시,동탄7동,송5통,7반,동탄(2)택지개발지구 A66블록 하우스디더레이크 2634동
화성시,동탄7동,송6통,1반,동탄(2)택지개발지구 C17블록 우미린스트라우스 2차 101동
화성시,동탄7동,송6통,2반,동탄(2)택지개발지구 C17블록 우미린스트라우스 2차 102동
화성시,동탄7동,송6통,3반,동탄(2)택지개발지구 C17블록 우미린스트라우스 2차 103동
화성시,동탄7동,송6통,4반,동탄(2)택지개발지구 C17블록 우미린스트라우스 2차 104동(1~2호열)
화성시,동탄7동,송7통,1반,동탄(2)택지개발지구 C17블록 우미린스트라우스 2차 104동(3~5호열)
화성시,동탄7동,송7통,2반,동탄(2)택지개발지구 C17블록 우미린스트라우스 2차 105동
화성시,동탄7동,송7통,3반,동탄(2)택지개발지구 C17블록 우미린스트라우스 2차 106동
화성시,동탄7동,송7통,4반,동탄(2)택지개발지구 C17블록 우미린스트라우스 2차 201동
화성시,동탄7동,송8통,1반,동탄(2)택지개발지구 일상12블록 동탄더샵센텀폴리스 101동 1호열부터 3호열까지
화성시,동탄7동,송8통,2반,동탄(2)택지개발지구 일상12블록 동탄더샵센텀폴리스 101동 4호열부터 6호열까지
화성시,동탄7동,송8통,3반,동탄(2)택지개발지구 일상12블록 동탄더샵센텀폴리스 101동 7호열부터 9호열까지
화성시,동탄7동,송8통,4반,동탄(2)택지개발지구 일상12블록 동탄더샵센텀폴리스 101동 10호열부터 13호열까지
화성시,동탄7동,송8통,5반,동탄(2)택지개발지구 일상12블록 동탄더샵센텀폴리스 101동 14호열부터 16호열까지
화성시,동탄7동,송8통,6반,동탄(2)택지개발지구 일상12블록 동탄더샵센텀폴리스 101동 17호열부터 19호열까지
화성시,동탄7동,송8통,7반,동탄(2)택지개발지구 일상12블록 동탄더샵센텀폴리스 101동 20호열부터 22호열까지
화성시,읍면동,통리,반,관 할 구 역
화성시,동탄7동,송9통,1반,동탄(2)택지개발지구 일상12블록 동탄더샵센텀폴리스 102동
화성시,동탄7동,송9통,2반,동탄(2)택지개발지구 일상12블록 동탄더샵센텀폴리스 103동
화성시,동탄7동,송9통,3반,동탄(2)택지개발지구 일상11블록 동탄더샵센텀폴리스 201동
화성시,동탄7동,송9통,4반,동탄(2)택지개발지구 일상11블록 동탄더샵센텀폴리스 202동
화성시,동탄7동,송10통,1반,동탄(2)택지개발지구 일상10블록 대방 엘리움 레이크파크 101동 1호열 및 2호열
화성시,동탄7동,송10통,2반,동탄(2)택지개발지구 일상10블록 대방 엘리움 레이크파크 101동 3호열 및 4호열
화성시,동탄7동,송10통,3반,동탄(2)택지개발지구 일상10블록 대방 엘리움 레이크파크 102동 1호열 및 2호열
화성시,동탄7동,송10통,4반,동탄(2)택지개발지구 일상10블록 대방 엘리움 레이크파크 102동 3호열 및 4호열
화성시,동탄7동,산척1통,1반,동탄(2)택지개발지구 A64 동탄호수공원 금강펜테리움 센트럴파크II 1931동
화성시,동탄7동,산척1통,2반,동탄(2)택지개발지구 A64 동탄호수공원 금강펜테리움 센트럴파크II 1932동
화성시,동탄7동,산척1통,3반,동탄(2)택지개발지구 A64 동탄호수공원 금강펜테리움 센트럴파크II 1933동
화성시,동탄7동,산척1통,4반,동탄(2)택지개발지구 A64 동탄호수공원 금강펜테리움 센트럴파크II 1934동
화성시,동탄7동,산척1통,5반,동탄(2)택지개발지구 A64 동탄호수공원 금강펜테리움 센트럴파크II 1935동
화성시,동탄7동,산척2통,1반,동탄(2)택지개발지구 A69 서희스타힐스NHF 2421동
화성시,동탄7동,산척2통,2반,동탄(2)택지개발지구 A69 서희스타힐스NHF 2422동
화성시,동탄7동,산척2통,3반,동탄(2)택지개발지구 A69 서희스타힐스NHF 2423동
화성시,동탄7동,산척2통,4반,동탄(2)택지개발지구 A69 서희스타힐스NHF 2424동
화성시,동탄7동,산척2통,5반,동탄(2)택지개발지구 A69 서희스타힐스NHF 2425동
화성시,동탄7동,산척2통,6반,동탄(2)택지개발지구 A69 서희스타힐스NHF 2426동
화성시,동탄7동,산척2통,7반,동탄(2)택지개발지구 A69 서희스타힐스NHF 2427동
화성시,동탄7동,산척2통,8반,동탄(2)택지개발지구 A69 서희스타힐스NHF 2428동
화성시,동탄7동,산척3통,1반,동탄(2)택지개발지구 단독주택 422블록
화성시,동탄7동,산척3통,2반,동탄(2)택지개발지구 단독주택 423블록
화성시,동탄7동,산척3통,3반,동탄(2)택지개발지구 이주자택지 424블록
화성시,동탄7동,산척3통,4반,동탄(2)택지개발지구 이주자택지 425블록
화성시,동탄7동,산척4통,1반,동탄(2)택지개발지구 A67블록 동탄더샵레이크에듀타운 2501동
화성시,동탄7동,산척4통,2반,동탄(2)택지개발지구 A67블록 동탄더샵레이크에듀타운 2502동
화성시,동탄7동,산척4통,3반,동탄(2)택지개발지구 A67블록 동탄더샵레이크에듀타운 2503동
화성시,동탄7동,산척4통,4반,동탄(2)택지개발지구 A67블록 동탄더샵레이크에듀타운 2504동
화성시,동탄7동,산척4통,5반,동탄(2)택지개발지구 A67블록 동탄더샵레이크에듀타운 2505동
화성시,동탄7동,산척4통,6반,동탄(2)택지개발지구 A67블록 동탄더샵레이크에듀타운 2506동
화성시,동탄7동,산척4통,7반,동탄(2)택지개발지구 A67블록 동탄더샵레이크에듀타운 2507동
화성시,동탄7동,산척4통,8반,동탄(2)택지개발지구 A67블록 동탄더샵레이크에듀타운 2508동(1~2호열)
화성시,동탄7동,산척5통,1반,동탄(2)택지개발지구 A68블록 중흥에스클래스에듀하이 2401동
화성시,동탄7동,산척5통,2반,동탄(2)택지개발지구 A68블록 중흥에스클래스에듀하이 2402동
화성시,동탄7동,산척5통,3반,동탄(2)택지개발지구 A68블록 중흥에스클래스에듀하이 2403동
화성시,동탄7동,산척5통,4반,동탄(2)택지개발지구 A68블록 중흥에스클래스에듀하이 2404동
화성시,동탄7동,산척5통,5반,동탄(2)택지개발지구 A68블록 중흥에스클래스에듀하이 2405동
화성시,동탄7동,산척5통,6반,동탄(2)택지개발지구 A68블록 중흥에스클래스에듀하이 2406동
화성시,동탄7동,산척5통,7반,동탄(2)택지개발지구 A68블록 중흥에스클래스에듀하이 2407동
화성시,동탄7동,산척5통,8반,동탄(2)택지개발지구 A68블록 중흥에스클래스에듀하이 2408동
화성시,읍면동,통리,반,관 할 구 역
화성시,동탄7동,산척6통,1반,동탄(2)택지개발지구 A70블록 더레이크시티 부영1단지 2451동
화성시,동탄7동,산척6통,2반,동탄(2)택지개발지구 A70블록 더레이크시티 부영1단지 2452동
화성시,동탄7동,산척6통,3반,동탄(2)택지개발지구 A70블록 더레이크시티 부영1단지 2453동
화성시,동탄7동,산척6통,4반,동탄(2)택지개발지구 A70블록 더레이크시티 부영1단지 2454동
화성시,동탄7동,산척6통,5반,동탄(2)택지개발지구 A70블록 더레이크시티 부영1단지 2455동
화성시,동탄7동,산척6통,6반,동탄(2)택지개발지구 A70블록 더레이크시티 부영1단지 2456동
화성시,동탄7동,산척6통,7반,동탄(2)택지개발지구 A70블록 더레이크시티 부영1단지 2457동
화성시,동탄7동,산척7통,1반,동탄(2)택지개발지구 A71블록 더레이크시티 부영2단지 2481동
화성시,동탄7동,산척7통,2반,동탄(2)택지개발지구 A71블록 더레이크시티 부영2단지 2482동
화성시,동탄7동,산척7통,3반,동탄(2)택지개발지구 A71블록 더레이크시티 부영2단지 2483동
화성시,동탄7동,산척7통,4반,동탄(2)택지개발지구 A71블록 더레이크시티 부영2단지 2484동
화성시,동탄7동,산척7통,5반,동탄(2)택지개발지구 A71블록 더레이크시티 부영2단지 2485동
화성시,동탄7동,산척7통,6반,동탄(2)택지개발지구 A71블록 더레이크시티 부영2단지 2486동
화성시,동탄7동,산척8통,1반,동탄(2)택지개발지구 A72블록 더레이크시티 부영3단지 2561동
화성시,동탄7동,산척8통,2반,동탄(2)택지개발지구 A72블록 더레이크시티 부영3단지 2562동
화성시,동탄7동,산척8통,3반,동탄(2)택지개발지구 A72블록 더레이크시티 부영3단지 2563동
화성시,동탄7동,산척8통,4반,동탄(2)택지개발지구 A72블록 더레이크시티 부영3단지 2564동
화성시,동탄7동,산척8통,5반,동탄(2)택지개발지구 A72블록 더레이크시티 부영3단지 2565동
화성시,동탄7동,산척8통,6반,동탄(2)택지개발지구 A72블록 더레이크시티 부영3단지 2566동
화성시,동탄7동,산척8통,7반,동탄(2)택지개발지구 A72블록 더레이크시티 부영3단지 2567동
화성시,동탄7동,산척8통,8반,동탄(2)택지개발지구 A72블록 더레이크시티 부영3단지 2568동
화성시,동탄7동,산척9통,1반,동탄(2)택지개발지구 A73블록 더레이크시티 부영4단지 3001동
화성시,동탄7동,산척9통,2반,동탄(2)택지개발지구 A73블록 더레이크시티 부영4단지 3002동
화성시,동탄7동,산척9통,3반,동탄(2)택지개발지구 A73블록 더레이크시티 부영4단지 3003동
화성시,동탄7동,산척9통,4반,동탄(2)택지개발지구 A73블록 더레이크시티 부영4단지 3004동
화성시,동탄7동,산척9통,5반,동탄(2)택지개발지구 A73블록 더레이크시티 부영4단지 3005동
화성시,동탄7동,산척9통,6반,동탄(2)택지개발지구 A73블록 더레이크시티 부영4단지 3006동
화성시,동탄7동,산척9통,7반,동탄(2)택지개발지구 A73블록 더레이크시티 부영4단지 3007동(1~2호열)
화성시,동탄7동,산척10통,1반,동탄(2)택지개발지구 A74블록 더레이크시티 부영5단지 3031동
화성시,동탄7동,산척10통,2반,동탄(2)택지개발지구 A74블록 더레이크시티 부영5단지 3032동
화성시,동탄7동,산척10통,3반,동탄(2)택지개발지구 A74블록 더레이크시티 부영5단지 3033동
화성시,동탄7동,산척10통,4반,동탄(2)택지개발지구 A74블록 더레이크시티 부영5단지 3034동
화성시,동탄7동,산척10통,5반,동탄(2)택지개발지구 A74블록 더레이크시티 부영5단지 3035동
화성시,동탄7동,산척10통,6반,동탄(2)택지개발지구 A74블록 더레이크시티 부영5단지 3036동
화성시,동탄7동,산척10통,7반,동탄(2)택지개발지구 A74블록 더레이크시티 부영5단지 3037동
화성시,동탄7동,산척10통,8반,동탄(2)택지개발지구 A74블록 더레이크시티 부영5단지 3038동
화성시,동탄7동,산척10통,9반,동탄(2)택지개발지구 A74블록 더레이크시티 부영5단지 3039동
화성시,동탄7동,산척10통,10반,동탄(2)택지개발지구 A74블록 더레이크시티 부영5단지 3040동
화성시,동탄7동,산척10통,11반,동탄(2)택지개발지구 A74블록 더레이크시티 부영5단지 3041동
화성시,읍면동,통리,반,관 할 구 역
화성시,동탄7동,산척11통,1반,동탄(2)택지개발지구 A75블록 더레이크시티 부영6단지 3061동
화성시,동탄7동,산척11통,2반,동탄(2)택지개발지구 A75블록 더레이크시티 부영6단지 3062동
화성시,동탄7동,산척11통,3반,동탄(2)택지개발지구 A75블록 더레이크시티 부영6단지 3063동
화성시,동탄7동,산척11통,4반,동탄(2)택지개발지구 A75블록 더레이크시티 부영6단지 3064동
화성시,동탄7동,산척11통,5반,동탄(2)택지개발지구 A75블록 더레이크시티 부영6단지 3065동
화성시,동탄7동,산척11통,6반,동탄(2)택지개발지구 A75블록 더레이크시티 부영6단지 3066동
화성시,동탄7동,산척11통,7반,동탄(2)택지개발지구 A75블록 더레이크시티 부영6단지 3067동
화성시,동탄7동,산척11통,8반,동탄(2)택지개발지구 A75블록 더레이크시티 부영6단지 3068동
화성시,동탄7동,산척11통,9반,동탄(2)택지개발지구 A75블록 더레이크시티 부영6단지 3069동
화성시,동탄7동,산척11통,10반,동탄(2)택지개발지구 A75블록 더레이크시티 부영6단지 3070동
화성시,동탄7동,산척12통,1반,동탄(2)택지개발지구 A80블록 그린힐 반도유보라 아이비파크10 3631동
화성시,동탄7동,산척12통,2반,동탄(2)택지개발지구 A80블록 그린힐 반도유보라 아이비파크10 3632동
화성시,동탄7동,산척12통,3반,동탄(2)택지개발지구 A80블록 그린힐 반도유보라 아이비파크10 3633동
화성시,동탄7동,산척12통,4반,동탄(2)택지개발지구 A80블록 그린힐 반도유보라 아이비파크10 3634동
화성시,동탄7동,산척12통,5반,동탄(2)택지개발지구 A80블록 그린힐 반도유보라 아이비파크10 3635동
화성시,동탄7동,산척12통,6반,동탄(2)택지개발지구 A80블록 그린힐 반도유보라 아이비파크10 3636동
화성시,동탄7동,산척12통,7반,동탄(2)택지개발지구 A80블록 그린힐 반도유보라 아이비파크10 3637동
화성시,동탄7동,산척12통,8반,동탄(2)택지개발지구 A80블록 그린힐 반도유보라 아이비파크10 3638동
화성시,동탄7동,산척13통,1반,동탄(2)택지개발지구 A79블록 레이크힐 반도유보라 아이비파크 10.2 3601동
화성시,동탄7동,산척13통,2반,동탄(2)택지개발지구 A79블록 레이크힐 반도유보라 아이비파크 10.2 3602동
화성시,동탄7동,산척13통,3반,동탄(2)택지개발지구 A79블록 레이크힐 반도유보라 아이비파크 10.2 3603동
화성시,동탄7동,산척13통,4반,동탄(2)택지개발지구 A79블록 레이크힐 반도유보라 아이비파크 10.2 3604동
화성시,동탄7동,산척13통,5반,동탄(2)택지개발지구 A79블록 레이크힐 반도유보라 아이비파크 10.2 3605동
화성시,동탄7동,산척13통,6반,동탄(2)택지개발지구 A79블록 레이크힐 반도유보라 아이비파크 10.2 3606동
화성시,동탄7동,산척13통,7반,동탄(2)택지개발지구 A79블록 레이크힐 반도유보라 아이비파크 10.2 3607동
화성시,동탄7동,산척13통,8반,동탄(2)택지개발지구 A79블록 레이크힐 반도유보라 아이비파크 10.2 3608동
화성시,동탄7동,산척13통,9반,동탄(2)택지개발지구 A79블록 레이크힐 반도유보라 아이비파크 10.2 3609동
화성시,동탄7동,산척13통,10반,동탄(2)택지개발지구 A79블록 레이크힐 반도유보라 아이비파크 10.2 3610동
화성시,읍면동,통리,반,관 할 구 역
화성시,동탄7동,산척14통,1반,동탄(2)택지개발지구 A64블록 동탄호수공원 금강펜테리움 센트럴파 크II 1936동
화성시,동탄7동,산척14통,2반,동탄(2)택지개발지구 A64블록 동탄호수공원 금강펜테리움 센트럴파 크II 1937동
화성시,동탄7동,산척14통,3반,동탄(2)택지개발지구 A64블록 동탄호수공원 금강펜테리움 센트럴파 크II 1938동
화성시,동탄7동,산척14통,4반,동탄(2)택지개발지구 A64블록 동탄호수공원 금강펜테리움 센트럴파 크II 1939동
화성시,동탄7동,산척14통,5반,동탄(2)택지개발지구 A64블록 동탄호수공원 금강펜테리움 센트럴파 크II 1940동
화성시,동탄7동,산척15통,1반,동탄(2)택지개발지구 A77-1블록 행복주택 3511동
화성시,동탄7동,산척15통,2반,동탄(2)택지개발지구 A77-1블록 행복주택 3512동
화성시,동탄7동,산척15통,3반,동탄(2)택지개발지구 A77-1블록 행복주택 3513동
화성시,동탄7동,산척15통,4반,동탄(2)택지개발지구 A77-1블록 행복주택 3514동
화성시,동탄7동,산척15통,5반,동탄(2)택지개발지구 A77-1블록 행복주택 3515동
화성시,동탄7동,산척16통,1반,동탄(2)택지개발지구 A63블록 NHF리츠 2301동
화성시,동탄7동,산척16통,2반,동탄(2)택지개발지구 A63블록 NHF리츠 2302동
화성시,동탄7동,산척16통,3반,동탄(2)택지개발지구 A63블록 NHF리츠 2303동
화성시,동탄7동,산척16통,4반,동탄(2)택지개발지구 A63블록 NHF리츠 2304동
화성시,동탄7동,산척16통,5반,동탄(2)택지개발지구 A63블록 NHF리츠 2305동
화성시,동탄7동,산척16통,6반,동탄(2)택지개발지구 A63블록 NHF리츠 2306동
화성시,동탄7동,산척16통,7반,동탄(2)택지개발지구 A63블록 NHF리츠 2307동
화성시,동탄7동,산척17통,1반,동탄(2)택지개발지구 A67블록 동탄더샵레이크에듀타운 2508동(3~4 호열)
화성시,동탄7동,산척17통,2반,동탄(2)택지개발지구 A67블록 동탄더샵레이크에듀타운 2509동
화성시,동탄7동,산척17통,3반,동탄(2)택지개발지구 A67블록 동탄더샵레이크에듀타운 2510동
화성시,동탄7동,산척17통,4반,동탄(2)택지개발지구 A67블록 동탄더샵레이크에듀타운 2511동
화성시,동탄7동,산척17통,5반,동탄(2)택지개발지구 A67블록 동탄더샵레이크에듀타운 2512동
화성시,동탄7동,산척17통,6반,동탄(2)택지개발지구 A67블록 동탄더샵레이크에듀타운 2513동
화성시,동탄7동,산척17통,7반,동탄(2)택지개발지구 A67블록 동탄더샵레이크에듀타운 2514동
화성시,동탄7동,산척17통,8반,동탄(2)택지개발지구 A67블록 동탄더샵레이크에듀타운 2515동
화성시,동탄7동,산척17통,9반,동탄(2)택지개발지구 A67블록 동탄더샵레이크에듀타운 2516동
화성시,읍면동,통리,반,관 할 구 역
화성시,동탄7동,산척18통,1반,동탄(2)택지개발지구 A68블록 중흥에스클래스에듀하이 2409동
화성시,동탄7동,산척18통,2반,동탄(2)택지개발지구 A68블록 중흥에스클래스에듀하이 2410동
화성시,동탄7동,산척18통,3반,동탄(2)택지개발지구 A68블록 중흥에스클래스에듀하이 2411동
화성시,동탄7동,산척18통,4반,동탄(2)택지개발지구 A68블록 중흥에스클래스에듀하이 2412동
화성시,동탄7동,산척18통,5반,동탄(2)택지개발지구 A68블록 중흥에스클래스에듀하이 2413동
화성시,동탄7동,산척18통,6반,동탄(2)택지개발지구 A68블록 중흥에스클래스에듀하이 2414동
화성시,동탄7동,산척18통,7반,동탄(2)택지개발지구 A68블록 중흥에스클래스에듀하이 2415동
화성시,동탄7동,산척18통,8반,동탄(2)택지개발지구 A68블록 중흥에스클래스에듀하이 2416동
화성시,동탄7동,산척19통,1반,동탄(2)택지개발지구 A73블록 더레이크시티 부영4단지 3007(3~4호열)
화성시,동탄7동,산척19통,2반,동탄(2)택지개발지구 A73블록 더레이크시티 부영4단지 3008동
화성시,동탄7동,산척19통,3반,동탄(2)택지개발지구 A73블록 더레이크시티 부영4단지 3009동
화성시,동탄7동,산척19통,4반,동탄(2)택지개발지구 A73블록 더레이크시티 부영4단지 3010동
화성시,동탄7동,산척19통,5반,동탄(2)택지개발지구 A73블록 더레이크시티 부영4단지 3011동
화성시,동탄7동,산척19통,6반,동탄(2)택지개발지구 A73블록 더레이크시티 부영4단지 3012동
화성시,동탄7동,산척20통,1반,동탄(2)택지개발지구 A80블록 그린힐 반도유보라 아이비파크10 3639동
화성시,동탄7동,산척20통,2반,동탄(2)택지개발지구 A80블록 그린힐 반도유보라 아이비파크10 3640동
화성시,동탄7동,산척20통,3반,동탄(2)택지개발지구 A80블록 그린힐 반도유보라 아이비파크10 3641동
화성시,동탄7동,산척20통,4반,동탄(2)택지개발지구 A80블록 그린힐 반도유보라 아이비파크10 3642동
화성시,동탄7동,산척20통,5반,동탄(2)택지개발지구 A80블록 그린힐 반도유보라 아이비파크10 3643동
화성시,동탄7동,산척20통,6반,동탄(2)택지개발지구 A80블록 그린힐 반도유보라 아이비파크10 3644동
화성시,동탄7동,산척20통,7반,동탄(2)택지개발지구 A80블록 그린힐 반도유보라 아이비파크10 3645동
화성시,동탄7동,산척21통,1반,동탄(2)택지개발지구 A79블록 레이크힐 반도유보라 아이비파크10.2 3611동
화성시,동탄7동,산척21통,2반,동탄(2)택지개발지구 A79블록 레이크힐 반도유보라 아이비파크10.2 3612동
화성시,동탄7동,산척21통,3반,동탄(2)택지개발지구 A79블록 레이크힐 반도유보라 아이비파크10.2 3613동
화성시,동탄7동,산척21통,4반,동탄(2)택지개발지구 A79블록 레이크힐 반도유보라 아이비파크10.2 3614동
화성시,동탄7동,산척21통,5반,동탄(2)택지개발지구 A79블록 레이크힐 반도유보라 아이비파크10.2 3615동
화성시,동탄7동,산척21통,6반,동탄(2)택지개발지구 A79블록 레이크힐 반도유보라 아이비파크10.2 3616동
화성시,동탄7동,산척21통,7반,동탄(2)택지개발지구 A79블록 레이크힐 반도유보라 아이비파크10.2 3617동
화성시,동탄7동,산척21통,8반,동탄(2)택지개발지구 A79블록 레이크힐 반도유보라 아이비파크10.2 3618동
화성시,동탄7동,산척21통,9반,동탄(2)택지개발지구 A79블록 레이크힐 반도유보라 아이비파크10.2 3619동
화성시,동탄7동,산척21통,10반,동탄(2)택지개발지구 A79블록 레이크힐 반도유보라 아이비파크10.2 3620동
화성시,동탄7동,산척21통,11반,동탄(2)택지개발지구 A79블록 레이크힐 반도유보라 아이비파크10.2 3621동
화성시,읍면동,통리,반,관 할 구 역
화성시,동탄7동,산척22통,1반,동탄(2)택지개발지구 A81블록 LH아파트 3651동
화성시,동탄7동,산척22통,2반,동탄(2)택지개발지구 A81블록 LH아파트 3652동
화성시,동탄7동,산척22통,3반,동탄(2)택지개발지구 A81블록 LH아파트 3653동
화성시,동탄7동,산척22통,4반,동탄(2)택지개발지구 A81블록 LH아파트 3654동
화성시,동탄7동,산척22통,5반,동탄(2)택지개발지구 A81블록 LH아파트 3655동
화성시,동탄7동,산척22통,6반,동탄(2)택지개발지구 A81블록 LH아파트 3656동
화성시,동탄7동,산척22통,7반,동탄(2)택지개발지구 A81블록 LH아파트 3657동
화성시,동탄7동,산척22통,8반,동탄(2)택지개발지구 A81블록 LH아파트 3658동
화성시,동탄7동,산척22통,9반,동탄(2)택지개발지구 A81블록 LH아파트 3659동
화성시,동탄7동,산척22통,10반,동탄(2)택지개발지구 A81블록 LH아파트 3660동
화성시,동탄7동,산척22통,11반,동탄(2)택지개발지구 A81블록 LH아파트 3661동
화성시,동탄7동,산척22통,12반,동탄(2)택지개발지구 A81블록 LH아파트 3662동
화성시,동탄7동,산척22통,13반,동탄(2)택지개발지구 A81블록 LH아파트 3663동
화성시,동탄7동,산척23통,1반,동탄(2)택지개발지구 A76-1블록 따복하우스 3521동
화성시,동탄7동,산척23통,2반,동탄(2)택지개발지구 A76-1블록 따복하우스 3522동
화성시,동탄7동,산척23통,3반,동탄(2)택지개발지구 A76-1블록 따복하우스 3523동
화성시,동탄7동,산척23통,4반,동탄(2)택지개발지구 A76-1블록 따복하우스 3524동
화성시,동탄7동,산척23통,5반,동탄(2)택지개발지구 A76-1블록 따복하우스 3525동
화성시,동탄7동,산척23통,6반,동탄(2)택지개발지구 A76-1블록 따복하우스 3526동
화성시,동탄7동,산척24통,1반,동탄(2)택지개발지구 A77-2블록 LH아파트 3501동
화성시,동탄7동,산척24통,2반,동탄(2)택지개발지구 A77-2블록 LH아파트 3502동
화성시,동탄7동,산척24통,3반,동탄(2)택지개발지구 A77-2블록 LH아파트 3503동
화성시,동탄7동,산척24통,4반,동탄(2)택지개발지구 A77-2블록 LH아파트 3504동(1?5호열)
화성시,동탄7동,산척25통,1반,동탄(2)택지개발지구 A77-2블록 LH아파트 3504동(6?10호열)
화성시,동탄7동,산척25통,2반,동탄(2)택지개발지구 A77-2블록 LH아파트 3505동
화성시,동탄7동,산척25통,3반,동탄(2)택지개발지구 A77-2블록 LH아파트 3506동
화성시,동탄7동,산척25통,4반,동탄(2)택지개발지구 A77-2블록 LH아파트 3507동
화성시,동탄7동,산척26통,1반,동탄(2)택지개발지구 D20블록
화성시,동탄7동,산척26통,2반,동탄(2)택지개발지구 D21블록
화성시,읍면동,통리,반,관 할 구 역
화성시,동탄8동,장지1통,1반,장지동 산40~569
화성시,동탄8동,장지1통,2반,장지동 570~580
화성시,동탄8동,장지1통,3반,장지동 581~599
화성시,동탄8동,장지1통,4반,장지동 600~606
화성시,동탄8동,장지1통,5반,장지동 607~619
화성시,동탄8동,장지1통,6반,장지동 620~703
화성시,동탄8동,장지2통,1반,동탄(2)택지개발지구 A98블록 반도유보라9차 3401동
화성시,동탄8동,장지2통,2반,동탄(2)택지개발지구 A98블록 반도유보라9차 3402동
화성시,동탄8동,장지2통,3반,동탄(2)택지개발지구 A98블록 반도유보라9차 3403동
화성시,동탄8동,장지2통,4반,동탄(2)택지개발지구 A98블록 반도유보라9차 3404동
화성시,동탄8동,장지2통,5반,동탄(2)택지개발지구 A98블록 반도유보라9차 3405동
화성시,동탄8동,장지2통,6반,동탄(2)택지개발지구 A98블록 반도유보라9차 3406동
화성시,동탄8동,장지2통,7반,동탄(2)택지개발지구 A98블록 반도유보라9차 3407동
화성시,동탄8동,장지2통,8반,동탄(2)택지개발지구 A98블록 반도유보라9차 3408동
화성시,동탄8동,장지2통,9반,동탄(2)택지개발지구 A98블록 반도유보라9차 3409동
화성시,동탄8동,장지2통,10반,동탄(2)택지개발지구 A98블록 반도유보라9차 3410동
화성시,동탄8동,장지2통,11반,동탄(2)택지개발지구 A98블록 반도유보라9차 3411동
화성시,동탄8동,장지2통,12반,동탄(2)택지개발지구 A98블록 반도유보라9차 3412동
화성시,동탄8동,장지2통,13반,동탄(2)택지개발지구 A98블록 반도유보라9차 3413동
화성시,동탄8동,장지3통,1반,동탄(2)택지개발지구 단독주택 440블록
화성시,동탄8동,장지3통,2반,동탄(2)택지개발지구 단독주택 441블록
화성시,동탄8동,장지3통,3반,동탄(2)택지개발지구 단독주택 426블록
화성시,동탄8동,장지3통,4반,동탄(2)택지개발지구 이주자택지 427블록
화성시,동탄8동,장지4통,1반,동탄(2)택지개발지구 단독주택 437블록
화성시,동탄8동,장지4통,2반,동탄(2)택지개발지구 이주자택지 438블록
화성시,동탄8동,장지4통,3반,동탄(2)택지개발지구 이주자택지 439블록
화성시,동탄8동,장지5통,1반,동탄(2)택지개발지구 이주자택지 435블록
화성시,동탄8동,장지5통,2반,동탄(2)택지개발지구 이주자택지 436블록
화성시,동탄8동,장지6통,1반,동탄(2)택지개발지구 단독주택 433블록
화성시,동탄8동,장지6통,2반,동탄(2)택지개발지구 이주자택지 434블록
화성시,읍면동,통리,반,관 할 구 역
화성시,동탄8동,장지7통,1반,동탄(2)택지개발지구 A91블록 금호어울림레이크 3101동
화성시,동탄8동,장지7통,2반,동탄(2)택지개발지구 A91블록 금호어울림레이크 3102동
화성시,동탄8동,장지7통,3반,동탄(2)택지개발지구 A91블록 금호어울림레이크 3103동
화성시,동탄8동,장지7통,4반,동탄(2)택지개발지구 A91블록 금호어울림레이크 3104동
화성시,동탄8동,장지7통,5반,동탄(2)택지개발지구 A91블록 금호어울림레이크 3105동
화성시,동탄8동,장지7통,6반,동탄(2)택지개발지구 A91블록 금호어울림레이크 3106동
화성시,동탄8동,장지7통,7반,동탄(2)택지개발지구 A91블록 금호어울림레이크 3107동
화성시,동탄8동,장지7통,8반,동탄(2)택지개발지구 A91블록 금호어울림레이크 3108동
화성시,동탄8동,장지7통,9반,동탄(2)택지개발지구 A91블록 금호어울림레이크 3109동
화성시,동탄8동,장지7통,10반,동탄(2)택지개발지구 A91블록 금호어울림레이크 3110동
화성시,동탄8동,장지8통,1반,동탄(2)택지개발지구 A90블록 동탄자이파밀리에 3201동
화성시,동탄8동,장지8통,2반,동탄(2)택지개발지구 A90블록 동탄자이파밀리에 3202동
화성시,동탄8동,장지8통,3반,동탄(2)택지개발지구 A90블록 동탄자이파밀리에 3203동
화성시,동탄8동,장지8통,4반,동탄(2)택지개발지구 A90블록 동탄자이파밀리에 3204동
화성시,동탄8동,장지8통,5반,동탄(2)택지개발지구 A90블록 동탄자이파밀리에 3205동
화성시,동탄8동,장지8통,6반,동탄(2)택지개발지구 A90블록 동탄자이파밀리에 3206동
화성시,동탄8동,장지8통,7반,동탄(2)택지개발지구 A90블록 동탄자이파밀리에 3207동
화성시,동탄8동,장지8통,8반,동탄(2)택지개발지구 A90블록 동탄자이파밀리에 3208동
화성시,동탄8동,장지8통,9반,동탄(2)택지개발지구 A90블록 동탄자이파밀리에 3209동
화성시,동탄8동,장지8통,10반,동탄(2)택지개발지구 A90블록 동탄자이파밀리에 3210동
화성시,동탄8동,장지8통,11반,동탄(2)택지개발지구 A90블록 동탄자이파밀리에 3211동
화성시,동탄8동,장지9통,1반,동탄(2)택지개발지구 A95블록 롯데캐슬 뉴스테이 3221동
화성시,동탄8동,장지9통,2반,동탄(2)택지개발지구 A95블록 롯데캐슬 뉴스테이 3222동
화성시,동탄8동,장지9통,3반,동탄(2)택지개발지구 A95블록 롯데캐슬 뉴스테이 3223동
화성시,동탄8동,장지9통,4반,동탄(2)택지개발지구 A95블록 롯데캐슬 뉴스테이 3224동
화성시,동탄8동,장지9통,5반,동탄(2)택지개발지구 A95블록 롯데캐슬 뉴스테이 3225동
화성시,동탄8동,장지9통,6반,동탄(2)택지개발지구 A95블록 롯데캐슬 뉴스테이 3226동
화성시,동탄8동,장지9통,7반,동탄(2)택지개발지구 A95블록 롯데캐슬 뉴스테이 3227동
화성시,동탄8동,장지9통,8반,동탄(2)택지개발지구 A95블록 롯데캐슬 뉴스테이 3228동
화성시,동탄8동,장지9통,9반,동탄(2)택지개발지구 A95블록 롯데캐슬 뉴스테이 3229동
화성시,동탄8동,장지10통,1반,동탄(2)택지개발지구 A97블록 호반베르디움6차 3311동
화성시,동탄8동,장지10통,2반,동탄(2)택지개발지구 A97블록 호반베르디움6차 3312동
화성시,동탄8동,장지10통,3반,동탄(2)택지개발지구 A97블록 호반베르디움6차 3313동
화성시,동탄8동,장지10통,4반,동탄(2)택지개발지구 A97블록 호반베르디움6차 3314동
화성시,동탄8동,장지10통,5반,동탄(2)택지개발지구 A97블록 호반베르디움6차 3315동
화성시,동탄8동,장지10통,6반,동탄(2)택지개발지구 A97블록 호반베르디움6차 3316동
화성시,동탄8동,장지10통,7반,동탄(2)택지개발지구 A97블록 호반베르디움6차 3317동
화성시,읍면동,통리,반,관 할 구 역
화성시,동탄8동,장지11통,1반,동탄(2)택지개발지구A88블록금호어울림레이크2차2901동
화성시,동탄8동,장지11통,2반,동탄(2)택지개발지구A88블록금호어울림레이크2차2902동
화성시,동탄8동,장지11통,3반,동탄(2)택지개발지구A88블록금호어울림레이크2차2903동
화성시,동탄8동,장지11통,4반,동탄(2)택지개발지구A88블록금호어울림레이크2차2904동
화성시,동탄8동,장지11통,5반,동탄(2)택지개발지구A88블록금호어울림레이크2차2905동
화성시,동탄8동,장지11통,6반,동탄(2)택지개발지구A88블록금호어울림레이크2차2906동
화성시,동탄8동,장지11통,7반,동탄(2)택지개발지구A88블록금호어울림레이크2차2907동
화성시,동탄8동,장지11통,8반,동탄(2)택지개발지구A88블록금호어울림레이크2차2908동
화성시,동탄8동,장지11통,9반,동탄(2)택지개발지구A88블록금호어울림레이크2차2909동
화성시,동탄8동,장지12통,1반,동탄(2)택지개발지구A99블록동탄2아이파크3421동
화성시,동탄8동,장지12통,2반,동탄(2)택지개발지구A99블록동탄2아이파크3422동
화성시,동탄8동,장지12통,3반,동탄(2)택지개발지구A99블록동탄2아이파크3423동
화성시,동탄8동,장지12통,4반,동탄(2)택지개발지구A99블록동탄2아이파크3424동
화성시,동탄8동,장지12통,5반,동탄(2)택지개발지구A99블록동탄2아이파크3425동
화성시,동탄8동,장지12통,6반,동탄(2)택지개발지구A99블록동탄2아이파크3426동
화성시,동탄8동,장지13통,1반,동탄(2)택지개발지구A100블록동탄2아이파크3431동
화성시,동탄8동,장지13통,2반,동탄(2)택지개발지구A100블록동탄2아이파크3432동
화성시,동탄8동,장지13통,3반,동탄(2)택지개발지구A100블록동탄2아이파크3433동
화성시,동탄8동,장지13통,4반,동탄(2)택지개발지구A100블록동탄2아이파크3434동
화성시,동탄8동,장지13통,5반,동탄(2)택지개발지구A100블록동탄2아이파크3435동
화성시,동탄8동,장지13통,6반,동탄(2)택지개발지구A100블록동탄2아이파크3436동
화성시,동탄8동,장지13통,7반,동탄(2)택지개발지구A100블록동탄2아이파크3437동
화성시,동탄8동,장지13통,8반,동탄(2)택지개발지구A100블록동탄2아이파크3438동
화성시,동탄8동,장지13통,9반,동탄(2)택지개발지구A100블록동탄2아이파크3439동
화성시,동탄8동,장지14통,1반,제일풍경채 에듀&파크 3331동
화성시,동탄8동,장지14통,2반,제일풍경채 에듀&파크 3332동
화성시,동탄8동,장지14통,3반,제일풍경채 에듀&파크 3333동
화성시,동탄8동,장지14통,4반,제일풍경채 에듀&파크 3334동
화성시,동탄8동,장지14통,5반,제일풍경채 에듀&파크 3335동
화성시,동탄8동,장지14통,6반,제일풍경채 에듀&파크 3336동
화성시,동탄8동,장지14통,7반,제일풍경채 에듀&파크 3337동
화성시,동탄8동,장지14통,8반,제일풍경채 에듀&파크 3338동
화성시,동탄8동,장지14통,9반,제일풍경채 에듀&파크 3339동
화성시,동탄8동,장지15통,1반,동탄2엘에이치행복주택28단지 2801동
화성시,동탄8동,장지15통,2반,동탄2엘에이치행복주택28단지 2802동
화성시,동탄8동,장지15통,3반,동탄2엘에이치행복주택28단지 2803동
화성시,읍면동,통리,반,관 할 구 역
화성시,동탄8동,장지16통,1반,엔에이치에프엘크루 2811동
화성시,동탄8동,장지16통,2반,엔에이치에프엘크루 2812동
화성시,동탄8동,장지16통,3반,엔에이치에프엘크루 2813동
화성시,동탄8동,장지16통,4반,엔에이치에프엘크루 2814동
화성시,동탄8동,장지16통,5반,엔에이치에프엘크루 2815동
화성시,동탄8동,장지16통,6반,엔에이치에프엘크루 2816동
화성시,동탄8동,장지16통,7반,엔에이치에프엘크루 2817동
화성시,동탄8동,장지16통,8반,엔에이치에프엘크루 2818동
화성시,동탄8동,장지16통,9반,엔에이치에프엘크루 2819동
화성시,동탄8동,장지16통,10반,엔에이치에프엘크루 2820동
화성시,동탄8동,장지17통,1반,동탄레이크자연앤푸르지오(A86) 2921동
화성시,동탄8동,장지17통,2반,동탄레이크자연앤푸르지오(A86) 2922동
화성시,동탄8동,장지17통,3반,동탄레이크자연앤푸르지오(A86) 2923동
화성시,동탄8동,장지17통,4반,동탄레이크자연앤푸르지오(A86) 2924동
화성시,동탄8동,장지17통,5반,동탄레이크자연앤푸르지오(A86) 2925동
화성시,동탄8동,장지17통,6반,동탄레이크자연앤푸르지오(A86) 2926동
화성시,동탄8동,장지17통,7반,동탄레이크자연앤푸르지오(A86) 2927동
화성시,동탄8동,장지17통,8반,동탄레이크자연앤푸르지오(A86) 2928동
화성시,동탄8동,장지18통,1반,동탄2LH29단지(A89) 2911동
화성시,동탄8동,장지18통,2반,동탄2LH29단지(A89) 2912동
화성시,동탄8동,장지18통,3반,동탄2LH29단지(A89) 2913동
화성시,동탄8동,장지18통,4반,동탄2LH29단지(A89) 2914동
화성시,동탄8동,장지18통,5반,동탄2LH29단지(A89) 2915동
화성시,동탄8동,장지19통,1반,동탄2 아이파크 뉴스테이(A92) 3121동
화성시,동탄8동,장지19통,2반,동탄2 아이파크 뉴스테이(A92) 3122동
화성시,동탄8동,장지19통,3반,동탄2 아이파크 뉴스테이(A92) 3123동
화성시,동탄8동,장지19통,4반,동탄2 아이파크 뉴스테이(A92) 3124동
화성시,동탄8동,장지19통,5반,동탄2 아이파크 뉴스테이(A92) 3125동
화성시,동탄8동,장지19통,6반,동탄2 아이파크 뉴스테이(A92) 3126동
화성시,동탄8동,장지20통,1반,동탄2 테라스더모스트(B10) 3301~3305동
화성시,동탄8동,장지20통,2반,동탄2 테라스더모스트(B10) 3305~3309동
화성시,동탄8동,장지21통,1반,동탄(2)택지개발지구 A84블록 2831동
화성시,동탄8동,장지21통,2반,동탄(2)택지개발지구 A84블록 2832동
화성시,동탄8동,장지21통,3반,동탄(2)택지개발지구 A84블록 2833동
화성시,동탄8동,장지21통,4반,동탄(2)택지개발지구 A84블록 2834동
화성시,동탄8동,장지21통,5반,동탄(2)택지개발지구 A84블록 2835동
화성시,동탄8동,장지21통,6반,동탄(2)택지개발지구 A84블록 2836동
화성시,동탄8동,장지21통,7반,동탄(2)택지개발지구 A84블록 2837동
화성시,동탄8동,장지21통,8반,동탄(2)택지개발지구 A84블록 2838동
화성시,읍면동,통리,반,관 할 구 역
화성시,동탄8동,장지22통,1반,동탄(2)택지개발지구 A85블록 2841동
화성시,동탄8동,장지22통,2반,동탄(2)택지개발지구 A85블록 2842동
화성시,동탄8동,장지22통,3반,동탄(2)택지개발지구 A85블록 2843동
화성시,동탄8동,장지22통,4반,동탄(2)택지개발지구 A85블록 2844동
화성시,동탄8동,장지22통,5반,동탄(2)택지개발지구 A85블록 2845동
화성시,동탄8동,장지22통,6반,동탄(2)택지개발지구 A85블록 2846동
화성시,동탄8동,장지22통,7반,동탄(2)택지개발지구 A85블록 2847동
화성시,동탄8동,장지23통,1반,동탄(2)택지개발지구 A87 계룡리슈빌 2931동
화성시,동탄8동,장지23통,2반,동탄(2)택지개발지구 A87 계룡리슈빌 2932동
화성시,동탄8동,장지23통,3반,동탄(2)택지개발지구 A87 계룡리슈빌 2933동
화성시,동탄8동,장지23통,4반,동탄(2)택지개발지구 A87 계룡리슈빌 2934동
화성시,동탄8동,장지23통,5반,동탄(2)택지개발지구 A87 계룡리슈빌 2935동
화성시,동탄8동,장지23통,6반,동탄(2)택지개발지구 A87 계룡리슈빌 2936동
화성시,동탄8동,장지23통,7반,동탄(2)택지개발지구 A87 계룡리슈빌 2937동
화성시,동탄8동,장지23통,8반,동탄(2)택지개발지구 A87 계룡리슈빌 2938동
화성시,동탄8동,장지23통,9반,동탄(2)택지개발지구 A87 계룡리슈빌 2939동
화성시,동탄8동,장지23통,10반,동탄(2)택지개발지구 A87 계룡리슈빌 2940동
화성시,동탄8동,장지24통,1반,우남퍼스트빌 더테라스 동탄 101동~103동
화성시,동탄8동,장지24통,2반,우남퍼스트빌 더테라스 동탄 104동~106동
화성시,동탄8동,장지24통,3반,우남퍼스트빌 더테라스 동탄 107동~109동
화성시,동탄8동,장지25통,1반,"장지동 970, 3131동"
화성시,동탄8동,장지25통,2반,"장지동 970, 3132동"
화성시,동탄8동,장지25통,3반,"장지동 970, 3133동"
화성시,동탄8동,장지25통,4반,"장지동 970, 3134동"
화성시,동탄8동,장지25통,5반,"장지동 970, 3135동"
화성시,동탄8동,장지25통,6반,"장지동 970, 3136동"
화성시,동탄8동,장지25통,7반,"장지동 970, 3137동"
화성시,동탄8동,장지25통,8반,"장지동 970, 3138동"
화성시,동탄8동,장지25통,9반,"장지동 970, 3139동"
화성시,동탄8동,장지25통,10반,"장지동 970, 3140동"
화성시,동탄8동,장지25통,11반,"장지동 970, 3141동"
화성시,동탄8동,장지25통,12반,"장지동 970, 3142동"
화성시,동탄8동,장지25통,13반,"장지동 970, 3143동"
화성시,동탄8동,장지25통,14반,"장지동 970, 3144동"
화성시,동탄8동,장지25통,15반,"장지동 970, 3145동"
화성시,동탄8동,장지25통,16반,"장지동 970, 3146동"
화성시,동탄8동,장지25통,17반,"장지동 970, 3147동"
화성시,동탄8동,장지25통,18반,"장지동 970, 3148동"
화성시,읍면동,통리,반,관 할 구 역
화성시,동탄9동,목1통,1반,동탄(2)택지개발지구 A41블록 호반베르디움센트럴포레 1901동
화성시,동탄9동,목1통,2반,동탄(2)택지개발지구 A41블록 호반베르디움센트럴포레 1902동
화성시,동탄9동,목1통,3반,동탄(2)택지개발지구 A41블록 호반베르디움센트럴포레 1903동
화성시,동탄9동,목1통,4반,동탄(2)택지개발지구 A41블록 호반베르디움센트럴포레 1904동
화성시,동탄9동,목1통,5반,동탄(2)택지개발지구 A41블록 호반베르디움센트럴포레 1905동
화성시,동탄9동,목1통,6반,동탄(2)택지개발지구 A41블록 호반베르디움센트럴포레 1906동
화성시,동탄9동,목1통,7반,동탄(2)택지개발지구 A41블록 호반베르디움센트럴포레 1907동
화성시,동탄9동,목1통,8반,동탄(2)택지개발지구 A41블록 호반베르디움센트럴포레 1908동
화성시,동탄9동,목1통,9반,동탄(2)택지개발지구 A41블록 호반베르디움센트럴포레 1909동
화성시,동탄9동,목1통,10반,동탄(2)택지개발지구 A41블록 호반베르디움센트럴포레 1910동
화성시,동탄9동,목1통,11반,동탄(2)택지개발지구 A41블록 호반베르디움센트럴포레 1911동
화성시,동탄9동,목1통,12반,동탄(2)택지개발지구 A41블록 호반베르디움센트럴포레 1912동
화성시,동탄9동,목2통,1반,동탄(2)택지개발지구 A41블록 호반베르디움센트럴포레 1913동
화성시,동탄9동,목2통,2반,동탄(2)택지개발지구 A41블록 호반베르디움센트럴포레 1914동
화성시,동탄9동,목2통,3반,동탄(2)택지개발지구 A41블록 호반베르디움센트럴포레 1915동
화성시,동탄9동,목2통,4반,동탄(2)택지개발지구 A41블록 호반베르디움센트럴포레 1916동
화성시,동탄9동,목2통,5반,동탄(2)택지개발지구 A41블록 호반베르디움센트럴포레 1917동
화성시,동탄9동,목2통,6반,동탄(2)택지개발지구 A41블록 호반베르디움센트럴포레 1918동
화성시,동탄9동,목2통,7반,동탄(2)택지개발지구 A41블록 호반베르디움센트럴포레 1919동
화성시,동탄9동,목2통,8반,동탄(2)택지개발지구 A41블록 호반베르디움센트럴포레 1920동
화성시,동탄9동,목2통,9반,동탄(2)택지개발지구 A41블록 호반베르디움센트럴포레 1921동
화성시,동탄9동,목2통,10반,동탄(2)택지개발지구 A41블록 호반베르디움센트럴포레 1922동
화성시,동탄9동,목3통,1반,동탄(2)택지개발지구 A50블록 LH 르파비스 2231동
화성시,동탄9동,목3통,2반,동탄(2)택지개발지구 A50블록 LH 르파비스 2232동
화성시,동탄9동,목3통,3반,동탄(2)택지개발지구 A50블록 LH 르파비스 2233동
화성시,동탄9동,목3통,4반,동탄(2)택지개발지구 A50블록 LH 르파비스 2234동
화성시,동탄9동,목3통,5반,동탄(2)택지개발지구 A50블록 LH 르파비스 2235동
화성시,동탄9동,목3통,6반,동탄(2)택지개발지구 A50블록 LH 르파비스 2236동
화성시,동탄9동,목3통,7반,동탄(2)택지개발지구 A50블록 LH 르파비스 2237동
화성시,동탄9동,목3통,8반,동탄(2)택지개발지구 A50블록 LH 르파비스 2238동
화성시,동탄9동,목3통,9반,동탄(2)택지개발지구 A50블록 LH 르파비스 2239동
화성시,동탄9동,목3통,10반,동탄(2)택지개발지구 A50블록 LH 르파비스 2240동
화성시,읍면동,통리,반,관 할 구 역
화성시,동탄9동,목4통,1반,동탄(2)택지개발지구 A46블록 금강펜테리움 센트럴파크 4차 2121동
화성시,동탄9동,목4통,2반,동탄(2)택지개발지구 A46블록 금강펜테리움 센트럴파크 4차 2122동
화성시,동탄9동,목4통,3반,동탄(2)택지개발지구 A46블록 금강펜테리움 센트럴파크 4차 2123동
화성시,동탄9동,목4통,4반,동탄(2)택지개발지구 A46블록 금강펜테리움 센트럴파크 4차 2124동
화성시,동탄9동,목4통,5반,동탄(2)택지개발지구 A46블록 금강펜테리움 센트럴파크 4차 2125동
화성시,동탄9동,목4통,6반,동탄(2)택지개발지구 A46블록 금강펜테리움 센트럴파크 4차 2126동
화성시,동탄9동,목4통,7반,동탄(2)택지개발지구 A46블록 금강펜테리움 센트럴파크 4차 2127동
화성시,동탄9동,목4통,8반,동탄(2)택지개발지구 A46블록 금강펜테리움 센트럴파크 4차 2128동
화성시,동탄9동,목4통,9반,동탄(2)택지개발지구 A46블록 금강펜테리움 센트럴파크 4차 2129동
화성시,동탄9동,목5통,1반,동탄(2)택지개발지구 A49블록 호반베르디움 5차 2201동
화성시,동탄9동,목5통,2반,동탄(2)택지개발지구 A49블록 호반베르디움 5차 2202동
화성시,동탄9동,목5통,3반,동탄(2)택지개발지구 A49블록 호반베르디움 5차 2203동
화성시,동탄9동,목5통,4반,동탄(2)택지개발지구 A49블록 호반베르디움 5차 2204동
화성시,동탄9동,목5통,5반,동탄(2)택지개발지구 A49블록 호반베르디움 5차 2205동
화성시,동탄9동,목5통,6반,동탄(2)택지개발지구 A49블록 호반베르디움 5차 2206동
화성시,동탄9동,목5통,7반,동탄(2)택지개발지구 A49블록 호반베르디움 5차 2207동
화성시,동탄9동,목5통,8반,동탄(2)택지개발지구 A49블록 호반베르디움 5차 2208동
화성시,동탄9동,목5통,9반,동탄(2)택지개발지구 A49블록 호반베르디움 5차 2209동
화성시,동탄9동,목5통,10반,동탄(2)택지개발지구 A49블록 호반베르디움 5차 2210동
화성시,동탄9동,목6통,1반,동탄(2)택지개발지구 A45블록 e편한세상 동탄 2101동
화성시,동탄9동,목6통,2반,동탄(2)택지개발지구 A45블록 e편한세상 동탄 2102동
화성시,동탄9동,목6통,3반,동탄(2)택지개발지구 A45블록 e편한세상 동탄 2103동
화성시,동탄9동,목6통,4반,동탄(2)택지개발지구 A45블록 e편한세상 동탄 2104동
화성시,동탄9동,목6통,5반,동탄(2)택지개발지구 A45블록 e편한세상 동탄 2105동
화성시,동탄9동,목6통,6반,동탄(2)택지개발지구 A45블록 e편한세상 동탄 2106동
화성시,동탄9동,목6통,7반,동탄(2)택지개발지구 A45블록 e편한세상 동탄 2107동
화성시,동탄9동,목6통,8반,동탄(2)택지개발지구 A45블록 e편한세상 동탄 2108동
화성시,동탄9동,목6통,9반,동탄(2)택지개발지구 A45블록 e편한세상 동탄 2109동
화성시,동탄9동,목6통,10반,동탄(2)택지개발지구 A45블록 e편한세상 동탄 2110동
화성시,동탄9동,목6통,11반,동탄(2)택지개발지구 A45블록 e편한세상 동탄 2111동
화성시,읍면동,통리,반,관 할 구 역
화성시,동탄9동,목7통,1반,동탄(2)택지개발지구 이주자택지 409블록
화성시,동탄9동,목7통,2반,동탄(2)택지개발지구 이주자택지 410블록
화성시,동탄9동,목8통,1반,동탄(2)택지개발지구 A42블록 힐스테이트동탄 2021동
화성시,동탄9동,목8통,2반,동탄(2)택지개발지구 A42블록 힐스테이트동탄 2022동
화성시,동탄9동,목8통,3반,동탄(2)택지개발지구 A42블록 힐스테이트동탄 2023동
화성시,동탄9동,목8통,4반,동탄(2)택지개발지구 A42블록 힐스테이트동탄 2024동
화성시,동탄9동,목8통,5반,동탄(2)택지개발지구 A42블록 힐스테이트동탄 2025동
화성시,동탄9동,목8통,6반,동탄(2)택지개발지구 A42블록 힐스테이트동탄 2026동
화성시,동탄9동,목8통,7반,동탄(2)택지개발지구 A42블록 힐스테이트동탄 2027동
화성시,동탄9동,목8통,8반,동탄(2)택지개발지구 A42블록 힐스테이트동탄 2028동
화성시,동탄9동,목8통,9반,동탄(2)택지개발지구 A42블록 힐스테이트동탄 2029동
화성시,동탄9동,목9통,1반,동탄(2)택지개발지구 A43블록 동원로얄듀크2차 2001동
화성시,동탄9동,목9통,2반,동탄(2)택지개발지구 A43블록 동원로얄듀크2차 2002동
화성시,동탄9동,목9통,3반,동탄(2)택지개발지구 A43블록 동원로얄듀크2차 2003동
화성시,동탄9동,목9통,4반,동탄(2)택지개발지구 A43블록 동원로얄듀크2차 2004동
화성시,동탄9동,목9통,5반,동탄(2)택지개발지구 A43블록 동원로얄듀크2차 2005동
화성시,동탄9동,목9통,6반,동탄(2)택지개발지구 A43블록 동원로얄듀크2차 2006동
화성시,동탄9동,목9통,7반,동탄(2)택지개발지구 A43블록 동원로얄듀크2차 2007동
화성시,동탄9동,목9통,8반,동탄(2)택지개발지구 A43블록 동원로얄듀크2차 2008동
화성시,동탄9동,목10통,1반,동탄(2)택지개발지구 A44블록 동탄2신도시 베라체 2141동
화성시,동탄9동,목10통,2반,동탄(2)택지개발지구 A44블록 동탄2신도시 베라체 2142동
화성시,동탄9동,목10통,3반,동탄(2)택지개발지구 A44블록 동탄2신도시 베라체 2143동
화성시,동탄9동,목10통,4반,동탄(2)택지개발지구 A44블록 동탄2신도시 베라체 2144동
화성시,동탄9동,목10통,5반,동탄(2)택지개발지구 A44블록 동탄2신도시 베라체 2145동
화성시,동탄9동,목10통,6반,동탄(2)택지개발지구 A44블록 동탄2신도시 베라체 2146동
화성시,동탄9동,목10통,7반,동탄(2)택지개발지구 A44블록 동탄2신도시 베라체 2147동
화성시,동탄9동,목10통,8반,동탄(2)택지개발지구 A44블록 동탄2신도시 베라체 2148동
화성시,동탄9동,목10통,9반,동탄(2)택지개발지구 A44블록 동탄2신도시 베라체 2149동
화성시,동탄9동,목10통,10반,동탄(2)택지개발지구 A44블록 동탄2신도시 베라체 2150동
화성시,읍면동,통리,반,관 할 구 역
화성시,동탄9동,목11통,1반,동탄(2)택지개발지구 A48블록 경남아너스빌 2251동
화성시,동탄9동,목11통,2반,동탄(2)택지개발지구 A48블록 경남아너스빌 2252동
화성시,동탄9동,목11통,3반,동탄(2)택지개발지구 A48블록 경남아너스빌 2253동
화성시,동탄9동,목11통,4반,동탄(2)택지개발지구 A48블록 경남아너스빌 2254동
화성시,동탄9동,목11통,5반,동탄(2)택지개발지구 A48블록 경남아너스빌 2255동
화성시,동탄9동,목11통,6반,동탄(2)택지개발지구 A48블록 경남아너스빌 2256동
화성시,동탄9동,목11통,7반,동탄(2)택지개발지구 A48블록 경남아너스빌 2257동
화성시,동탄9동,목11통,8반,동탄(2)택지개발지구 A48블록 경남아너스빌 2258동
화성시,동탄9동,목11통,9반,동탄(2)택지개발지구 A48블록 경남아너스빌 2259동
화성시,동탄9동,목11통,10반,동탄(2)택지개발지구 A48블록 경남아너스빌 2260동
화성시,동탄9동,목11통,11반,동탄(2)택지개발지구 A48블록 경남아너스빌 2261동
화성시,동탄9동,목11통,12반,동탄(2)택지개발지구 A48블록 경남아너스빌 2262동
화성시,동탄9동,목12통,1반,동탄(2)택지개발지구 A47블록 한신휴플러스 2211동
화성시,동탄9동,목12통,2반,동탄(2)택지개발지구 A47블록 한신휴플러스 2212동
화성시,동탄9동,목12통,3반,동탄(2)택지개발지구 A47블록 한신휴플러스 2213동
화성시,동탄9동,목12통,4반,동탄(2)택지개발지구 A47블록 한신휴플러스 2214동
화성시,동탄9동,목12통,5반,동탄(2)택지개발지구 A47블록 한신휴플러스 2215동
화성시,동탄9동,목12통,6반,동탄(2)택지개발지구 A47블록 한신휴플러스 2216동
화성시,동탄9동,목12통,7반,동탄(2)택지개발지구 A47블록 한신휴플러스 2217동
화성시,동탄9동,목12통,8반,동탄(2)택지개발지구 A47블록 한신휴플러스 2218동
화성시,동탄9동,목12통,9반,동탄(2)택지개발지구 A47블록 한신휴플러스 2219동
화성시,동탄9동,목12통,10반,동탄(2)택지개발지구 A47블록 한신휴플러스 2220동
화성시,동탄9동,목12통,11반,동탄(2)택지개발지구 A47블록 한신휴플러스 2221동
화성시,동탄9동,목13통,1반,동탄(2)택지개발지구 A45블록 e편한세상 동탄 2112동
화성시,동탄9동,목13통,2반,동탄(2)택지개발지구 A45블록 e편한세상 동탄 2113동
화성시,동탄9동,목13통,3반,동탄(2)택지개발지구 A45블록 e편한세상 동탄 2114동
화성시,동탄9동,목13통,4반,동탄(2)택지개발지구 A45블록 e편한세상 동탄 2115동
화성시,동탄9동,목13통,5반,동탄(2)택지개발지구 A45블록 e편한세상 동탄 2116동
화성시,동탄9동,목13통,6반,동탄(2)택지개발지구 A45블록 e편한세상 동탄 2117동
화성시,동탄9동,목13통,7반,동탄(2)택지개발지구 A45블록 e편한세상 동탄 2118동
화성시,동탄9동,목13통,8반,동탄(2)택지개발지구 A45블록 e편한세상 동탄 2119동
화성시,읍면동,통리,반,관 할 구 역
화성시,동탄9동,목14통,1반,동탄(2)택지개발지구 A46블록 금강펜테리움 센트럴파크 4차 2130동
화성시,동탄9동,목14통,2반,동탄(2)택지개발지구 A46블록 금강펜테리움 센트럴파크 4차 2131동
화성시,동탄9동,목14통,3반,동탄(2)택지개발지구 A46블록 금강펜테리움 센트럴파크 4차 2132동
화성시,동탄9동,목14통,4반,동탄(2)택지개발지구 A46블록 금강펜테리움 센트럴파크 4차 2133동
화성시,동탄9동,목14통,5반,동탄(2)택지개발지구 A46블록 금강펜테리움 센트럴파크 4차 2134동
화성시,동탄9동,목14통,6반,동탄(2)택지개발지구 A46블록 금강펜테리움 센트럴파크 4차 2135동
화성시,동탄9동,목14통,7반,동탄(2)택지개발지구 A46블록 금강펜테리움 센트럴파크 4차 2136동
화성시,동탄9동,목14통,8반,동탄(2)택지개발지구 A46블록 금강펜테리움 센트럴파크 4차 2137동
화성시,동탄9동,목14통,9반,동탄(2)택지개발지구 A46블록 금강펜테리움 센트럴파크 4차 2138동
화성시,동탄9동,목15통,1반,동탄(2)택지개발지구 A42블록 힐스테이트동탄 2030동
화성시,동탄9동,목15통,2반,동탄(2)택지개발지구 A42블록 힐스테이트동탄 2031동
화성시,동탄9동,목15통,3반,동탄(2)택지개발지구 A42블록 힐스테이트동탄 2032동
화성시,동탄9동,목15통,4반,동탄(2)택지개발지구 A42블록 힐스테이트동탄 2033동
화성시,동탄9동,목15통,5반,동탄(2)택지개발지구 A42블록 힐스테이트동탄 2034동
화성시,동탄9동,목15통,6반,동탄(2)택지개발지구 A42블록 힐스테이트동탄 2035동
화성시,동탄9동,목15통,7반,동탄(2)택지개발지구 A42블록 힐스테이트동탄 2036동
화성시,동탄9동,신1통,1반,동탄(2)택지개발지구 A53블록 LH38단지아파트 3801동 (1층부터 10층까지)
화성시,동탄9동,신1통,2반,동탄(2)택지개발지구 A53블록 LH38단지아파트 3801동 (11층부터 20층까지)
화성시,동탄9동,신1통,3반,동탄(2)택지개발지구 A53블록 LH38단지아파트 3802동 (1층부터 10층까지)
화성시,동탄9동,신1통,4반,동탄(2)택지개발지구 A53블록 LH38단지아파트 3802동 (11층부터 20층까지)
화성시,동탄9동,신1통,5반,동탄(2)택지개발지구 A53블록 LH38단지아파트 3803동 (1층부터 10층까지)
화성시,동탄9동,신1통,6반,동탄(2)택지개발지구 A53블록 LH38단지아파트 3803동 (11층부터 20층까지)
화성시,동탄9동,신1통,7반,동탄(2)택지개발지구 A53블록 LH38단지아파트 3804동 (1층부터 9층까지)
화성시,동탄9동,신1통,8반,동탄(2)택지개발지구 A53블록 LH38단지아파트 3804동 (10층부터 20층까지)
화성시,동탄9동,신1통,9반,동탄(2)택지개발지구 A53블록 LH38단지아파트 3805동 (1층부터 9층까지)
화성시,동탄9동,신1통,10반,동탄(2)택지개발지구 A53블록 LH38단지아파트 3805동 (10층부터 20층까지)
화성시,동탄9동,신1통,11반,동탄(2)택지개발지구 A53블록 LH38단지아파트 3806동 (1층부터 7층까지)
화성시,동탄9동,신1통,12반,동탄(2)택지개발지구 A53블록 LH38단지아파트 3806동 (8층부터 18층까지)
화성시,읍면동,통리,반,관 할 구 역
화성시,동탄9동,신2통,1반,동탄(2)택지개발지구 BD8블록 및 BD12블록부터 BD14블록까지 로렌하우스 101동부터 167동까지
화성시,동탄9동,신2통,2반,동탄(2)택지개발지구 BD8블록 및 BD12블록부터 BD14블록까지 로렌하우스 201동부터 210동까지
화성시,동탄9동,신2통,3반,동탄(2)택지개발지구 BD8블록 및 BD12블록부터 BD14블록까지 로렌하우스 211동부터 219동까지
화성시,동탄9동,신2통,4반,동탄(2)택지개발지구 BD8블록 및 BD12블록부터 BD14블록까지 로렌하우스 220동부터 228동까지
화성시,동탄9동,신2통,5반,동탄(2)택지개발지구 BD8블록 및 BD12블록부터 BD14블록까지 로렌하우스 229동부터 234동까지
화성시,동탄9동,신3통,1반,동탄(2)택지개발지구 A57-1블록 행복주택 101동
화성시,동탄9동,신3통,2반,동탄(2)택지개발지구 A57-1블록 행복주택 102동
화성시,동탄9동,신3통,3반,동탄(2)택지개발지구 A57-1블록 행복주택 103동
화성시,동탄9동,신3통,4반,동탄(2)택지개발지구 A57-1블록 행복주택 104동 1~5호열
화성시,동탄9동,신3통,5반,동탄(2)택지개발지구 A57-1블록 행복주택 104동 6~10호열
화성시,동탄9동,신3통,6반,동탄(2)택지개발지구 A57-1블록 행복주택 105동 1~6호열
화성시,동탄9동,신3통,7반,동탄(2)택지개발지구 A57-1블록 행복주택 105동 7~12호열
화성시,동탄9동,신3통,8반,동탄(2)택지개발지구 A57-1블록 행복주택 106동 1~5호열
화성시,동탄9동,신3통,9반,동탄(2)택지개발지구 A57-1블록 행복주택 106동 6~10호열
화성시,동탄9동,신4통,1반,동탄(2)택지개발지구 A104블록 디에트르포레 2311동
화성시,동탄9동,신4통,2반,동탄(2)택지개발지구 A104블록 디에트르포레 2312동
화성시,동탄9동,신4통,3반,동탄(2)택지개발지구 A104블록 디에트르포레 2313동
화성시,동탄9동,신4통,4반,동탄(2)택지개발지구 A104블록 디에트르포레 2314동
화성시,동탄9동,신4통,5반,동탄(2)택지개발지구 A104블록 디에트르포레 2315동
화성시,동탄9동,신4통,6반,동탄(2)택지개발지구 A104블록 디에트르포레 2316동
화성시,동탄9동,신5통,1반,동탄(2)택지개발지구 A104블록 디에트르포레 2317동
화성시,동탄9동,신5통,2반,동탄(2)택지개발지구 A104블록 디에트르포레 2318동
화성시,동탄9동,신5통,3반,동탄(2)택지개발지구 A104블록 디에트르포레 2319동
화성시,동탄9동,신5통,4반,동탄(2)택지개발지구 A104블록 디에트르포레 2320동
화성시,동탄9동,신5통,5반,동탄(2)택지개발지구 A104블록 디에트르포레 2321동
화성시,동탄9동,신5통,6반,동탄(2)택지개발지구 A104블록 디에트르포레 2322동
화성시,동탄9동,신5통,7반,동탄(2)택지개발지구 A104블록 디에트르포레 2323동
화성시,읍면동,통리,반,관 할 구 역
화성시,동탄9동,신6통,1반,동탄(2)택지개발지구 A62블록 호반써밋동탄 4101동
화성시,동탄9동,신6통,2반,동탄(2)택지개발지구 A62블록 호반써밋동탄 4102동
화성시,동탄9동,신6통,3반,동탄(2)택지개발지구 A62블록 호반써밋동탄 4103동
화성시,동탄9동,신6통,4반,동탄(2)택지개발지구 A62블록 호반써밋동탄 4104동
화성시,동탄9동,신6통,5반,동탄(2)택지개발지구 A62블록 호반써밋동탄 4105동
화성시,동탄9동,신6통,6반,동탄(2)택지개발지구 A62블록 호반써밋동탄 4106동
화성시,동탄9동,신6통,7반,동탄(2)택지개발지구 A62블록 호반써밋동탄 4107동
화성시,동탄9동,신6통,8반,동탄(2)택지개발지구 A62블록 호반써밋동탄 4108동
화성시,동탄9동,신6통,9반,동탄(2)택지개발지구 A62블록 호반써밋동탄 4109동
화성시,동탄9동,신7통,1반,동탄(2)택지개발지구 2A54블록 행복주택 3871동
화성시,동탄9동,신7통,2반,동탄(2)택지개발지구 2A54블록 행복주택 3872동
화성시,동탄9동,신7통,3반,동탄(2)택지개발지구 2A54블록 행복주택 3873동
화성시,동탄9동,신7통,4반,동탄(2)택지개발지구 2A54블록 행복주택 3874동
화성시,동탄9동,신7통,5반,동탄(2)택지개발지구 2A54블록 행복주택 3875동 1층부터 7층까지
화성시,동탄9동,신7통,6반,동탄(2)택지개발지구 2A54블록 행복주택 3875동 8층부터 14층까지
화성시,동탄9동,신7통,7반,동탄(2)택지개발지구 2A54블록 행복주택 3876동 1층부터 8층까지
화성시,동탄9동,신7통,8반,동탄(2)택지개발지구 2A54블록 행복주택 3876동 9층부터 15층까지
화성시,동탄9동,신7통,9반,동탄(2)택지개발지구 2A54블록 행복주택 3877동 1층부터 7층까지
화성시,동탄9동,신7통,10반,동탄(2)택지개발지구 2A54블록 행복주택 3877동 8층부터 14층까지
화성시,동탄9동,신7통,11반,동탄(2)택지개발지구 2A54블록 행복주택 3878동
화성시,동탄9동,신7통,12반,동탄(2)택지개발지구 2A54블록 행복주택 3879동 1층부터 7층까지
화성시,동탄9동,신7통,13반,동탄(2)택지개발지구 2A54블록 행복주택 3879동 8층부터 14층까지
화성시,동탄9동,신8통,1반,동탄(2)택지개발지구 2A54블록 행복주택 3880동 1층부터 7층까지
화성시,동탄9동,신8통,2반,동탄(2)택지개발지구 2A54블록 행복주택 3880동 8층부터 14층까지
화성시,동탄9동,신8통,3반,동탄(2)택지개발지구 2A54블록 행복주택 3881동 1층부터 7층까지
화성시,동탄9동,신8통,4반,동탄(2)택지개발지구 2A54블록 행복주택 3881동 8층부터 14층까지
화성시,동탄9동,신8통,5반,동탄(2)택지개발지구 2A54블록 행복주택 3881동 15층부터 20층까지
화성시,동탄9동,신8통,6반,동탄(2)택지개발지구 2A54블록 행복주택 3882동 1층부터 7층까지
화성시,동탄9동,신8통,7반,동탄(2)택지개발지구 2A54블록 행복주택 3882동 8층부터 14층까지
화성시,동탄9동,신8통,8반,동탄(2)택지개발지구 2A54블록 행복주택 3882동 15층부터 20층까지
화성시,동탄9동,신8통,9반,동탄(2)택지개발지구 2A54블록 행복주택 3883동 1층부터 7층까지
화성시,동탄9동,신8통,10반,동탄(2)택지개발지구 2A54블록 행복주택 3883동 8층부터 14층까지
화성시,동탄9동,신8통,11반,동탄(2)택지개발지구 2A54블록 행복주택 3883동 15층부터 20층까지
화성시,동탄9동,신8통,12반,"신동 28-6, 28-8, 29-1, 74-1, 76"
화성시,읍면동,통리,반,관 할 구 역
화성시,동탄9동,신9통,1반,동탄(2)택지개발지구 A61블록 힐스테이트포레 4121동
화성시,동탄9동,신9통,2반,동탄(2)택지개발지구 A61블록 힐스테이트포레 4122동
화성시,동탄9동,신9통,3반,동탄(2)택지개발지구 A61블록 힐스테이트포레 4123동
화성시,동탄9동,신9통,4반,동탄(2)택지개발지구 A61블록 힐스테이트포레 4124동
화성시,동탄9동,신9통,5반,동탄(2)택지개발지구 A61블록 힐스테이트포레 4125동
화성시,동탄9동,신9통,6반,동탄(2)택지개발지구 A61블록 힐스테이트포레 4126동
화성시,동탄9동,신9통,7반,동탄(2)택지개발지구 A61블록 힐스테이트포레 4127동
화성시,동탄9동,신9통,8반,동탄(2)택지개발지구 A61블록 힐스테이트포레 4128동
화성시,동탄9동,신10통,1반,동탄(2)택지개발지구 A-60블록 제일풍경채퍼스티어 4111동
화성시,동탄9동,신10통,2반,동탄(2)택지개발지구 A-60블록 제일풍경채퍼스티어 4112동
화성시,동탄9동,신10통,3반,동탄(2)택지개발지구 A-60블록 제일풍경채퍼스티어 4113동
화성시,동탄9동,신10통,4반,동탄(2)택지개발지구 A-60블록 제일풍경채퍼스티어 4114동
화성시,동탄9동,신11통,1반,동탄(2)택지개발지구 2A105블록 행복주택 2331동
화성시,동탄9동,신11통,2반,동탄(2)택지개발지구 2A105블록 행복주택 2332동
화성시,동탄9동,신11통,3반,동탄(2)택지개발지구 2A105블록 행복주택 2333동
화성시,동탄9동,신11통,4반,동탄(2)택지개발지구 2A105블록 행복주택 2334동
화성시,동탄9동,신11통,5반,동탄(2)택지개발지구 2A105블록 행복주택 2335동
화성시,동탄9동,신11통,6반,동탄(2)택지개발지구 2A105블록 행복주택 2336동
화성시,동탄9동,신11통,7반,동탄(2)택지개발지구 2A105블록 행복주택 2337동
화성시,동탄9동,신11통,8반,동탄(2)택지개발지구 2A105블록 행복주택 2338동
화성시,동탄9동,신11통,9반,동탄(2)택지개발지구 2A105블록 행복주택 2339동
화성시,동탄9동,신11통,10반,동탄(2)택지개발지구 2A105블록 행복주택 2340동
화성시,동탄9동,신11통,11반,동탄(2)택지개발지구 2A105블록 행복주택 2341동
화성시,동탄9동,신11통,12반,동탄(2)택지개발지구 2A105블록 행복주택 2342동
화성시,동탄9동,신12통,1반,동탄(2)택지개발지구 A56블록 e편한세상동탄파크아너스 3901동
화성시,동탄9동,신12통,2반,동탄(2)택지개발지구 A56블록 e편한세상동탄파크아너스 3902동
화성시,동탄9동,신12통,3반,동탄(2)택지개발지구 A56블록 e편한세상동탄파크아너스 3903동
화성시,동탄9동,신12통,4반,동탄(2)택지개발지구 A56블록 e편한세상동탄파크아너스 3904동
화성시,동탄9동,신12통,5반,동탄(2)택지개발지구 A56블록 e편한세상동탄파크아너스 3905동
화성시,동탄9동,신12통,6반,동탄(2)택지개발지구 A56블록 e편한세상동탄파크아너스 3906동
화성시,동탄9동,신12통,7반,동탄(2)택지개발지구 A56블록 e편한세상동탄파크아너스 3907동
화성시,동탄9동,신12통,8반,동탄(2)택지개발지구 A56블록 e편한세상동탄파크아너스 3908동
화성시,동탄9동,신12통,9반,동탄(2)택지개발지구 A56블록 e편한세상동탄파크아너스 3909동
화성시,동탄9동,신12통,10반,동탄(2)택지개발지구 A56블록 e편한세상동탄파크아너스 3910동
화성시,동탄9동,신12통,11반,동탄(2)택지개발지구 A56블록 e편한세상동탄파크아너스 3911동
화성시,동탄9동,신12통,12반,동탄(2)택지개발지구 A56블록 e편한세상동탄파크아너스 3912동
화성시,동탄9동,신12통,13반,동탄(2)택지개발지구 A56블록 e편한세상동탄파크아너스 3913동
화성시,읍면동,통리,반,관 할 구 역
화성시,동탄9동,신13통,1반,동탄(2)택지개발지구 A51-1블록 동탄파크릭스 3811동
화성시,동탄9동,신13통,2반,동탄(2)택지개발지구 A51-1블록 동탄파크릭스 3812동
화성시,동탄9동,신13통,3반,동탄(2)택지개발지구 A51-1블록 동탄파크릭스 3813동
화성시,동탄9동,신13통,4반,동탄(2)택지개발지구 A51-1블록 동탄파크릭스 3814동
화성시,동탄9동,신13통,5반,동탄(2)택지개발지구 A51-1블록 동탄파크릭스 3815동
화성시,동탄9동,신13통,6반,동탄(2)택지개발지구 A51-1블록 동탄파크릭스 3816동
화성시,동탄9동,신13통,7반,동탄(2)택지개발지구 A51-1블록 동탄파크릭스 3817동
화성시,동탄9동,신13통,8반,동탄(2)택지개발지구 A51-1블록 동탄파크릭스 3818동
화성시,동탄9동,신14통,1반,동탄(2)택지개발지구 A51-2블록 동탄파크릭스 3821동
화성시,동탄9동,신14통,2반,동탄(2)택지개발지구 A51-2블록 동탄파크릭스 3822동
화성시,동탄9동,신14통,3반,동탄(2)택지개발지구 A51-2블록 동탄파크릭스 3823동
화성시,동탄9동,신14통,4반,동탄(2)택지개발지구 A51-2블록 동탄파크릭스 3824동
화성시,동탄9동,신14통,5반,동탄(2)택지개발지구 A51-2블록 동탄파크릭스 3825동
화성시,동탄9동,신14통,6반,동탄(2)택지개발지구 A51-2블록 동탄파크릭스 3826동
화성시,동탄9동,신14통,7반,동탄(2)택지개발지구 A51-2블록 동탄파크릭스 3827동
화성시,동탄9동,신14통,8반,동탄(2)택지개발지구 A51-2블록 동탄파크릭스 3828동
화성시,동탄9동,신14통,9반,동탄(2)택지개발지구 A51-2블록 동탄파크릭스 3829동
화성시,동탄9동,신15통,1반,동탄(2)택지개발지구 A52블록 동탄파크릭스 3831동
화성시,동탄9동,신15통,2반,동탄(2)택지개발지구 A52블록 동탄파크릭스 3832동
화성시,동탄9동,신15통,3반,동탄(2)택지개발지구 A52블록 동탄파크릭스 3833동
화성시,동탄9동,신15통,4반,동탄(2)택지개발지구 A52블록 동탄파크릭스 3834동
화성시,동탄9동,신15통,5반,동탄(2)택지개발지구 A52블록 동탄파크릭스 3835동
화성시,동탄9동,신15통,6반,동탄(2)택지개발지구 A52블록 동탄파크릭스 3836동
화성시,동탄9동,신15통,7반,동탄(2)택지개발지구 A52블록 동탄파크릭스 3837동
화성시,동탄9동,신15통,8반,동탄(2)택지개발지구 A52블록 동탄파크릭스 3838동
화성시,동탄9동,신15통,9반,동탄(2)택지개발지구 A52블록 동탄파크릭스 3839동
화성시,동탄9동,신15통,10반,동탄(2)택지개발지구 A52블록 동탄파크릭스 3840동
화성시,동탄9동,신15통,11반,동탄(2)택지개발지구 A52블록 동탄파크릭스 3841동
화성시,동탄9동,신15통,12반,동탄(2)택지개발지구 A52블록 동탄파크릭스 3842동
화성시,동탄9동,신15통,13반,동탄(2)택지개발지구 A52블록 동탄파크릭스 3843동
화성시,읍면동,통리,반,관 할 구 역
화성시,동탄9동,신16통,1반,동탄(2)택지개발지구 A55블록 동탄파크릭스 3851동
화성시,동탄9동,신16통,2반,동탄(2)택지개발지구 A55블록 동탄파크릭스 3852동
화성시,동탄9동,신16통,3반,동탄(2)택지개발지구 A55블록 동탄파크릭스 3853동
화성시,동탄9동,신16통,4반,동탄(2)택지개발지구 A55블록 동탄파크릭스 3854동
화성시,동탄9동,신16통,5반,동탄(2)택지개발지구 A55블록 동탄파크릭스 3855동
화성시,동탄9동,신16통,6반,동탄(2)택지개발지구 A55블록 동탄파크릭스 3856동
화성시,동탄9동,신16통,7반,동탄(2)택지개발지구 A55블록 동탄파크릭스 3857동
화성시,동탄9동,신16통,8반,동탄(2)택지개발지구 A55블록 동탄파크릭스 3858동
화성시,동탄9동,신16통,9반,동탄(2)택지개발지구 A55블록 동탄파크릭스 3859동
화성시,동탄9동,신16통,10반,동탄(2)택지개발지구 A55블록 동탄파크릭스 3860동
화성시,동탄9동,신16통,11반,동탄(2)택지개발지구 A55블록 동탄파크릭스 3861동
화성시,동탄9동,신16통,12반,동탄(2)택지개발지구 A55블록 동탄파크릭스 3862동
화성시,동탄9동,신16통,13반,동탄(2)택지개발지구 A55블록 동탄파크릭스 3863동
화성시,동탄9동,신16통,14반,동탄(2)택지개발지구 A55블록 동탄파크릭스 3864동
화성시,동탄9동,신17통,1반,동탄(2)택지개발지구 A106블록 아테라파밀리에 3701동
화성시,동탄9동,신17통,2반,동탄(2)택지개발지구 A106블록 아테라파밀리에 3702동
화성시,동탄9동,신17통,3반,동탄(2)택지개발지구 A106블록 아테라파밀리에 3703동
화성시,동탄9동,신17통,4반,동탄(2)택지개발지구 A106블록 아테라파밀리에 3704동
화성시,동탄9동,신17통,5반,동탄(2)택지개발지구 A106블록 아테라파밀리에 3705동
화성시,동탄9동,신17통,6반,동탄(2)택지개발지구 A106블록 아테라파밀리에 3706동
화성시,동탄9동,신17통,7반,동탄(2)택지개발지구 A106블록 아테라파밀리에 3707동
화성시,동탄9동,신17통,8반,동탄(2)택지개발지구 A106블록 아테라파밀리에 3708동
화성시,동탄9동,신17통,9반,동탄(2)택지개발지구 A106블록 아테라파밀리에 3709동
화성시,동탄9동,신18통,1반,동탄(2)택지개발지구 A107블록 숨마데시앙 3711동
화성시,동탄9동,신18통,2반,동탄(2)택지개발지구 A107블록 숨마데시앙 3712동
화성시,동탄9동,신18통,3반,동탄(2)택지개발지구 A107블록 숨마데시앙 3713동
화성시,동탄9동,신18통,4반,동탄(2)택지개발지구 A107블록 숨마데시앙 3714동
화성시,동탄9동,신18통,5반,동탄(2)택지개발지구 A107블록 숨마데시앙 3715동
화성시,동탄9동,신18통,6반,동탄(2)택지개발지구 A107블록 숨마데시앙 3716동
화성시,동탄9동,신18통,7반,동탄(2)택지개발지구 A107블록 숨마데시앙 3717동
화성시,동탄9동,신18통,8반,동탄(2)택지개발지구 A107블록 숨마데시앙 3718동
화성시,동탄9동,신18통,9반,동탄(2)택지개발지구 A107블록 숨마데시앙 3719동
화성시,동탄9동,신18통,10반,동탄(2)택지개발지구 A107블록 숨마데시앙 3720동
화성시,읍면동,통리,반,관 할 구 역
화성시,동탄9동,신19통,1반,동탄(2)택지개발지구 A59블록 금강펜테리움 6차 센트럴파크 4011동
화성시,동탄9동,신19통,2반,동탄(2)택지개발지구 A59블록 금강펜테리움 6차 센트럴파크 4012동
화성시,동탄9동,신19통,3반,동탄(2)택지개발지구 A59블록 금강펜테리움 6차 센트럴파크 4013동
화성시,동탄9동,신19통,4반,동탄(2)택지개발지구 A59블록 금강펜테리움 6차 센트럴파크 4014동
화성시,동탄9동,신19통,5반,동탄(2)택지개발지구 A59블록 금강펜테리움 6차 센트럴파크 4015동
화성시,동탄9동,신19통,6반,동탄(2)택지개발지구 A59블록 금강펜테리움 6차 센트럴파크 4016동
화성시,동탄9동,신19통,7반,동탄(2)택지개발지구 A59블록 금강펜테리움 6차 센트럴파크 4017동
화성시,동탄9동,신20통,1반,동탄(2)택지개발지구 A59블록 금강펜테리움 6차 센트럴파크 4018동
화성시,동탄9동,신20통,2반,동탄(2)택지개발지구 A59블록 금강펜테리움 6차 센트럴파크 4019동
화성시,동탄9동,신20통,3반,동탄(2)택지개발지구 A59블록 금강펜테리움 6차 센트럴파크 4020동
화성시,동탄9동,신20통,4반,동탄(2)택지개발지구 A59블록 금강펜테리움 6차 센트럴파크 4021동
화성시,동탄9동,신20통,5반,동탄(2)택지개발지구 A59블록 금강펜테리움 6차 센트럴파크 4022동
화성시,동탄9동,신20통,6반,동탄(2)택지개발지구 A59블록 금강펜테리움 6차 센트럴파크 4023동
화성시,동탄9동,신20통,7반,동탄(2)택지개발지구 A59블록 금강펜테리움 6차 센트럴파크 4024동
오산시,중앙동,1통,1반,"오산동 63-10, 63-11, 64-1, 64-3~12, 64-17, 64-39, 69-7, 70-1, 73-1"
오산시,중앙동,1통,2반,"오산동 66, 66-1∼66-6, 66-8∼66-9, 66-11, 67, 68,
69-2, 69-4, 332-1∼2, 333, 334, 334-8,
334-17, 334-19, 334-30, 334-31, 822-130"
오산시,중앙동,1통,3반,"오산동 68-2, 328-1, 329-1∼3, 329-5∼6, 330, 331, 333-2, 334-22, 335-1"
오산시,중앙동,1통,4반,"오산동 69-5, 69-9, 70-2, 70-4, 70-6, 318-1∼2, 319-1∼4, 319-7∼9, 320-1∼3, 320-6"
오산시,중앙동,1통,5반,"오산동 64-13, 64-15∼16, 70-3, 70-5, 70-11, 70-14, 71-1∼4, 72, 72-1∼2, 289, 290-1, 318-5, 814-21∼22"
오산시,중앙동,1통,6반,"오산동 73-8, 74-5, 74-10∼11, 74-14, 74-17, 119-2, 121-3, 123-5"
오산시,중앙동,2통,1반,"오산동  291-17∼18, 316-1. 5. 21. 24, 317-1∼5, 317-9∼10, 320-4. 5. 9. 11, 321, 322-1∼3, 323-1. 6. 7, 324-3, 328-6, 822-69"
오산시,중앙동,2통,2반,"오산동 316-6∼10, 316-14∼20, 316-25∼27,316-35∼37, 316-42∼43, 324-2, 324-51∼52"
오산시,중앙동,2통,3반,"오산동 291-2, 291-4. 291-6, 291-11∼14, 291-25, 292-1∼2, 293-1∼2, 293-13, 294-3, 294-10, 833-1∼2"
오산시,중앙동,2통,4반,"오산동 122-8, 122-19, 123-27, 285-1, 285-8∼11, 287-8∼ 11, 814-42∼44, 833-1∼14"
오산시,중앙동,2통,5반,"오산동 287-1, 287-6∼7, 287-13, 288, 289-2, 290-5, 289-2, 291-3"
오산시,중앙동,2통,6반,"오산동 119-17, 121-2, 121-5, 122-1∼8, 122-17 123-32, 123-34, 814-40, 834"
오산시,중앙동,3통,1반,"오산동 314-2∼3, 314-6, 314-9, 314-11, 315-1∼7, 316-33, 316-47, 837-20∼28"
오산시,중앙동,3통,2반,"오산동 293-3, 293-7, 293-9, 293-11, 294-1∼2, 294-3∼6, 295-11∼12, 837-1∼11, 837-29, 837-3 3∼34"
오산시,중앙동,3통,3반,"오산동 836-1∼2, 836-3인화연립, 836-18∼19"
오산시,중앙동,3통,4반,오산동 836-16 은하연립 라동∼자동
오산시,중앙동,3통,5반,"오산동 836-4 동아연립, 836-5∼9"
오산시,중앙동,3통,6반,"오산동 836-10∼13, 836-14∼15은하연립가동∼다동"
오산시,중앙동,3통,7반,오산동 835-1∼21
오산시,중앙동,4통,1반,"오산동 421-1, 422-1∼2, 424-2, 425-2∼4, 436-5∼7, 437-3∼6, 438-1∼3, 439-1∼4, 439-7, 443-1, 840-2∼9"
오산시,중앙동,4통,2반,"오산동 433-3. 5. 6. 10, 433-14, 436-3∼4, 439-5∼ 6,440-1∼7, 839-1, 839-7"
오산시,중앙동,4통,3반,"오산동 312-1∼5, 312-7, 313-10, 313-23∼24, 313-30, 433-4, 433-10, 433-12, 434-3, 434-10, 822-27,822-29, 839-2∼8"
오산시,중앙동,4통,4반,"오산동 313-1, 313-3∼7, 313-11∼12, 313-14, 313-29, 313-32, 314-4∼5, 314-16, 434-6∼7, 838-1 ∼10"
오산시,중앙동,4통,5반,"오산동 316-12, 324-20, 324-27∼28, 324-31∼33, 324-35∼37, 324-49, 324-56, 324-60∼61, 428-2, 429-1∼10, 432-1, 433-1∼2"
오산시,중앙동,4통,6반,"오산동 323-4, 323-9, 324-4, 324-11∼12, 324-16, 324-18∼19, 324-22, 324-26, 324-29, 324-34, 324-45, 324-47∼48, 324-59, 324-86, 430, 431"
오산시,중앙동,5통,1반,"오산동 48-3∼4, 48-9∼10, 334-1, 334-16, 334-26, 339-4, 340, 340-1, 345, 347, 348, 816, 822-35"
오산시,중앙동,5통,2반,"오산동 349, 350, 350-1, 350-4, 351-1∼3, 352, 353-1∼ 5, 353-7∼9, 388-1∼3, 388-6∼7"
오산시,중앙동,5통,3반,"오산동 326-1, 326-3, 326-6∼7, 327-1, 327-10, 353-8, 354-1∼4, 354-20, 377-1, 377-3, 379-1, 380, 381, 382-1, 382-2∼4 323-3, 323-6, 323-8, 323-10, 324-6∼10,"
오산시,중앙동,5통,4반,"오산동 324-13∼16, 324-84, 325-1∼3, 325-5, 325-7, 326-2, 326-4, 327-4"
오산시,중앙동,5통,5반,"오산동 354-7∼11 354-21∼22, 354-29, 354-30, 364∼ 367, 369-2∼3, 370-1∼2, 371-1∼2, 372∼374, 375-1∼2, 376-1∼4 ,377-1, 822-64, 822-83∼84"
오산시,중앙동,6통,6반,"오산동 388-5, 388-8∼11, 389-1∼2, 390-7, 391, 392-1, 392-3∼4, 394-1, 396-1, 397-1, 397-6 6 통"
오산시,중앙동,6통,1반,"오산동 393-1∼4, 393-6, 393-8, 397-3, 398-2, 399"
오산시,중앙동,6통,2반,"오산동 400, 400-1, 403-1, 403-3∼6, 404-2, 404-4, 405-1, 405-3∼4, 406-3∼4, 407-1∼3, 407-13, 409-2, 412-1"
오산시,중앙동,6통,3반,오산동 410 동부맨션
오산시,중앙동,6통,4반,"오산동 414, 414-1∼3, 415-1∼6"
오산시,중앙동,6통,5반,"오산동 603-17, 603-34∼35, 603-38, 603-40∼56, 603-58, 603-62, 603-72∼77, 603-81"
오산시,중앙동,6통,6반,"오산동 444-6, 447-1∼3, 447-21,447-24, 841-1∼3"
오산시,중앙동,6통,7반,"오산동 416-1∼7, 416-11, 417-1∼3, 417-5∼6, 417-11∼13, 417-17, 418-1∼4, 419-1, 419-3"
오산시,중앙동,7통,1반,오산동 447-6 금성아파트 1동 101호∼606호
오산시,중앙동,7통,2반,오산동 447-6 금성아파트 2동 101호∼607호 
오산시,중앙동,7통,3반,"오산동 447-6 금성아파트 3동 101호∼607호 446-3, 446-5, 446-8, 447-7, 449-1, 449-4∼"
오산시,중앙동,7통,4반,"오산동 5, 451-11, 451-13∼14, 842-1∼14, 842-16∼ 21"
오산시,중앙동,7통,5반,"오산동 417-4, 417-7∼10, 417-14, 447-18, 448-5, 448-7, 450-1, 450-4, 450-6∼9, 451-6, 842-15"
오산시,중앙동,8통,1반,"오산동 448-9, 450-5, 450-10, 450-16, 451-12,"
오산시,중앙동,8통,2반,"오산동 466-2∼3, 466-5, 466-21, 468-1, 468-18, 469-1, 469-3, 469-6∼7, 857-1, 857-4∼7, 857-9∼15"
오산시,중앙동,8통,3반,"오산동 466-11, 468-4∼5, 468-19, 474-1∼3, 474-6, 474-7, 474-8 고산아트빌라, 476-1∼6, 476-11, 476-13, 857-16∼18, 857-20"
오산시,중앙동,8통,4반,"오산동 468-15, 468-20, 468-22, 474-5, 475-2∼4, 476-7∼9, 476-15, 476-16∼17, 477-1∼21"
오산시,중앙동,8통,5반,"오산동 547-5, 547-13, 548-6∼8, 548-16∼18, 548-20∼24, 548-26∼28, 858-1∼6, 858-9, 858-13∼15"
오산시,중앙동,8통,6반,"오산동 545-1, 545-3∼14, 546-1, 545-42"
오산시,중앙동,8통,7반,"오산동 541-3, 541-4, 541-26, 543-1∼4, 543-6∼15, 544, 544-1, 547-15, 547-17, 603-68∼70, 874-1∼6"
오산시,중앙동,9통,1반,오산동 843-1∼28
오산시,중앙동,9통,2반,오산동 844-1∼18 
오산시,중앙동,9통,3반,오산동 845-1∼12
오산시,중앙동,9통,4반,오산동 854-1∼10
오산시,중앙동,9통,5반,오산동 859-1∼35
오산시,중앙동,9통,6반,오산동 856-8∼21
오산시,중앙동,10통,1반,오산동 855-1∼19
오산시,중앙동,10통,2반,오산동 860-1∼26 
오산시,중앙동,10통,3반,오산동 861-1∼21
오산시,중앙동,10통,4반,오산동 872-1∼16
오산시,중앙동,10통,5반,오산동 859-1∼35
오산시,중앙동,10통,6반,오산동 873-1∼17
오산시,중앙동,11통,1반,"오산동 863-17∼24, 863-27∼36"
오산시,중앙동,11통,2반,오산동 863-1∼15 
오산시,중앙동,11통,3반,"오산동 864-1∼5, 864-19∼28"
오산시,중앙동,11통,4반,"오산동 864-6∼18, 864-29, 864-39"
오산시,중앙동,11통,5반,"오산동 869-1∼3, 869-5∼8, 869-10∼24"
오산시,중앙동,11통,6반,"오산동 862, 862-1, 868, 869-25∼28, 869-30∼42, 870, 870-1, 871, 871-1"
오산시,중앙동,12통,1반,오산동 849-2 경일아파트 A동 849-4
오산시,중앙동,12통,2반,"오산동 849-1, 849-2 경일아파트 B동 849-5,  849-9, 849-10, 849-12, 849-14∼15"
오산시,중앙동,12통,3반,"오산동 846-17 대양연립 나동, 846-18 대영연립 가동 846-19, 846-27∼29"
오산시,중앙동,12통,4반,"오산동 846-1∼3, 846-5∼8, 846-20 용빌라, 846-21∼25, 846-30"
오산시,중앙동,12통,5반,"오산동 847-1∼11, 847-20, 847-22∼25"
오산시,중앙동,12통,6반,"오산동 847-12∼15, 874-17∼19, 847-26∼30 853-15∼20, 853-17, 853-22∼23, 853-25,"
오산시,중앙동,12통,7반,"오산동 853-27, 853-32, 853-35"
오산시,중앙동,12통,8반,"오산동 853-1∼10, 853-12∼14, 853-37"
오산시,중앙동,13통,1반,"오산동 123, 123-1, 123-16, 124-2, 262, 262-2, 한남연립 A-D동, 850-16, 850-21, 851-1∼6"
오산시,중앙동,13통,2반,"오산동 850-4 신흥맨션, 850-5∼9, 850-14∼15"
오산시,중앙동,13통,3반,"오산동 848-3∼9, 848-11∼14, 848-16∼19, 848-22∼23 삼익주택 C동"
오산시,중앙동,13통,4반,"오산동 848-1 경일맨션, 848-2 삼익주택A∼B동, 848-2, 848-20∼21 경일연립, 848-24"
오산시,중앙동,13통,5반,"오산동 852-2∼3, 852-10 삼성연립, 852-11, 852-21"
오산시,중앙동,13통,6반,"오산동 852-1, 852-4∼7, 852-8 대성연립, 852-9, 852-15 다세대주택, 852-18"
오산시,중앙동,13통,7반,"오산동 865-5∼ 11, 866-1∼8"
오산시,중앙동,14통,1반,"오산동 110-1∼3, 114-1, 114-3∼20, 114-26, 14 통 116-2∼8, 116-10, 120-1 "
오산시,중앙동,14통,2반,"오산동 117-1∼20, 119-1, 119-4, 119-6∼9"
오산시,중앙동,14통,3반,"오산동 74-18∼31, 74-40∼42, 74-45, 74-48∼50, 74-55∼56, 74-58, 74-76 , 77-16"
오산시,중앙동,14통,4반,"오산동 62-1, 73-3∼4, 73-19, 74-1,6 희망연립 나동, 73-3, 74-7, 74-39, 74-47 희망연립 가동, 74-68∼69, 74-71, 74-74∼75"
오산시,중앙동,14통,5반,"오산동 109-1∼2, 123-1, 123-16, 124-2, 124-6, 259, 259-2, 260-1, 261-2, 261-3, 262, 262-2, 262-5∼7, 268, 268-3, 269-1, 269-3, 269-4, 273-1, 273-20, 273-21, 810-4, 810-7, 811-15, 851-1∼6, 866-1, 866-3, 866-4∼8, 867-1∼6, 889, 910-1∼12, 919-2"
오산시,중앙동,15통,1반,"오산동 55-1 희망아파트 가동, 55-2, 6-3, 6-9, 6-12∼13, 6-15, 6-18, 25, 30-7, 33-4, 33-9∼10, 34-1, 34-4∼5, 34-9∼10, 34-12, 34-21, 34-23, 34-25, 34-27, 35-4, 39-2, 40, 42-1, 42-3∼9, 42-11, 43-4∼6, 43-8∼10, 43-15∼29, 44-1, 44-3∼9, 45-1∼8, 46, 46-1∼4, 47, 47-1∼4, 47-6, 49, 49-1, 51, 52, 53-1∼2, 81-9, 811-27, 811-37, 811-40, 814-16, 814-29∼31, 814-57, 822, 822-106 7, 7-1, 7-5∼9, 7-11, 7-14∼19, 7-29∼32, 은계동 7-34∼35, 7-44∼45, 7-62, 88-3, 88-7, 88-8, 88-10, 100-1, 100-6, 100-8∼10, 100-12, 101, 112-3, 112-4 부산동 816, 818, 819, 820, 823, 825, 827, 828, 829, 835"
오산시,중앙동,15통,2반,오산동 55-1 희망아파트 나동
오산시,중앙동,15통,3반,오산동 55-4 희망아파트 다동
오산시,중앙동,15통,4반,오산동 55-4 희망아파트 라동
오산시,중앙동,15통,5반,"오산동 74-2, 74-32∼34, 74-79, 78-2, 79-1∼5, 79-8, 82-32, 811-19, 811-29, 811-30, 811-32, 811-34"
오산시,중앙동,15통,6반,"오산동 74-35, 74-63, 75-2∼4, 75-8∼9, 76-2∼3, 76-5∼6, 77-1, 77-4∼5, 77-8, 77-11∼12, 77-15, 811-8, 811-22"
오산시,중앙동,15통,7반,"오산동 77-2∼3, 77-6∼7, 77-9∼10, 77-13∼14, 114-21∼25, 114-36"
오산시,중앙동,15통,8반,"오산동 82-2, 82-5∼9, 82-12, 82-15∼16, 82-18∼21, 82-23∼24, 83, 83-4, 83-6, 84, 84-2, 811-36"
오산시,중앙동,15통,9반,"오산동 34-7, 80-1, 80-3∼4, 81-1, 81-7, 81-8"
오산시,중앙동,16통,1반,"오산동 178-2, 185, 185-1, 186-1, 187-3∼4, 산4-1, 산4-3, 산5-1, 산6-2, 산7-3 부산동 481-1∼6, 481-8∼10, 487-2, 487-6, 564-568, 569-1∼5, 570-1∼4, 571-1∼2, 573, 574, 575-1∼2, 576, 579, 580, 581-1∼2, 582, 582-1, 583-1∼2, 583-4, 584, 585-1∼2, 586∼590, 590-1, 591∼596, 596-1, 596-3∼4, 596-6, 597-1, 598-1∼2, 599∼607, 607-1∼2, 608, 609-1∼2, 610∼611, 612-1∼2, 613, 613-1∼5, 614, 614-1∼3, 615-1∼2, 616-1∼2, 617∼622, 622-1, 623-1, 623-3, 624-1, 624-3, 625-1, 626-2, 626-4, 627-1, 628-1, 628-4, 629-2∼4, 630-1, 631-1, 631-3, 632-1∼2, 632-5, 632-7, 644, 644-2∼3, 산27-3, 산28-1, 산28-4, 산35-2∼3, 산35-5∼7, 산36-1"
오산시,중앙동,16통,2반,"부산동 481-7, 482∼484, 485-1∼2, 486, 487-1, 487-3∼5, 488, 489, 490-1∼2, 491-4, 496, 563, 572, 613-6∼7, 645, 646-1∼2, 647∼649, 650∼657, 658-1∼2, 659∼664, 743∼741, 741-1, 742∼750, 750-1, 751, 752-1∼2, 753∼763, 산24, 산25-1∼3"
오산시,중앙동,16통,3반,"부산동 122-1∼4, 177, 178-5, 182-10, 182-18, 182-28, 196-1, 197-1∼2, 198, 199-5∼6, 200-1, 201-4, 203, 204-5, 205∼208, 248∼251, 253∼254, 257∼258-14, 262-1∼7, 263-1∼7, 264-1∼7, 337∼412, 418-2, 418-4, 418-8, 419∼425, 427∼436, 437-2∼3, 437-5, 437-7, 438∼439, 440-3, 442-6, 443-1, 444-1, 444-6∼7, 445∼451, 453, 454-2, 459-2∼4, 459-6∼7, 459-12, 459-17∼18, 460∼463, 465∼480, 491-1∼3, 491-5∼6, 492∼495, 497∼514, 517"
오산시,중앙동,16통,4반,"부산동 1, 2, 4, 12, 13, 19∼21, 24∼67, 74, 76∼90, 95∼116, 120, 121, 125∼138, 143, 148∼150, 153, 155, 159∼164, 166, 168, 170, 175, 176, 182-1, 182-7, 182-24, 182-31∼32, 183∼189, 192∼194, 196-3, 197-5, 200-3, 208, 210∼245, 255∼258, 262, 263, 264-1, 437-1, 437-10, 440-4, 441, 442-1∼2, 442-9∼10, 442-13, 442-16, 454-1, 454-5, 455∼459, 515∼516, 518∼554, 665∼671, 696∼730, 773-5, 산1∼산8, 산11∼산23"
오산시,중앙동,16통,5반,"부산동 577, 577-1∼3 대성빌라"
오산시,중앙동,16통,6반,"오산동 156∼158, 160, 160-2, 162-1∼11, 163-2, 164∼167, 168-2, 169-3, 169-8∼9, 171-1, 171-3∼15, 172-1, 172-4, 173, 174-1, 174-4, 175-1∼2, 176, 176-1∼9, 178-3, 178-6∼7, 179-2, 180, 180-5, 180-8∼11, 182, 182-1∼3, 183-1, 183-4∼6, 184, 185-3, 185-5∼7,187-1, 188-2, 189, 189-1, 190, 191, 191-1, 192-4, 192-6, 193-2, 193-4, 194-2, 194-4, 195-1, 195-2, 196-1, 196-7, 197-6, 198-3∼4, 199, 200-1, 200-5, 201-5∼8, 202-3∼4, 203-1, 204-4, 204-7∼8, 205-2, 205-6∼7, 206-3, 207∼212, 213-1∼2, 214∼215, 216-1∼2, 217∼222, 223-1, 224∼226, 227∼230, 231-2, 232∼235, 산2-1, 산6-5, 산7-6 부산동 394-1, 412-1, 412-3, 412-6∼7, 413-1∼2, 414-1, 414-3∼11, 415, 415-1, 416-1∼3, 416-5, 417, 417-1, 418-3, 418-6"
오산시,중앙동,17통,1반,"부산동 778-1번지 운암주공1단지아파트 101동 101∼1801호, 102∼1804호, 778-7∼8"
오산시,중앙동,17통,2반,"부산동 778-1번지 운암주공1단지아파트 101동 103∼1803호, 104∼1804호"
오산시,중앙동,17통,3반,"부산동 778-1번지 운암주공1단지아파트 102동 101∼2001호, 102∼2002호"
오산시,중앙동,17통,4반,"부산동 778-1번지 운암주공1단지아파트 102동 103∼2003호, 104∼2004호"
오산시,중앙동,17통,5반,"부산동 778-1번지 운암주공1단지아파트 103동 101∼2001호, 102∼2002호"
오산시,중앙동,17통,6반,"부산동 778-1번지 운암주공1단지아파트 103동 103∼2003호, 104∼2004호"
오산시,중앙동,17통,7반,"부산동 778-1번지 운암주공1단지아파트 104동 101∼2001호, 102∼2002호"
오산시,중앙동,17통,8반,"부산동 778-1번지 운암주공1단지아파트 104동 103∼2003호, 104∼2004호"
오산시,중앙동,18통,1반,"부산동 778-1번지 운암주공1단지아파트 105동 101∼2001호, 102∼2002호"
오산시,중앙동,18통,2반,"부산동 778-1번지 운암주공1단지아파트 105동 103∼2003호, 104∼2004호"
오산시,중앙동,18통,3반,"부산동 778-1번지 운암주공1단지아파트 106동 101∼2001호, 102∼2002호"
오산시,중앙동,18통,4반,"부산동 778-1번지 운암주공1단지아파트 106동 103∼2003호, 104∼2004호"
오산시,중앙동,18통,5반,"부산동 778-1번지 운암주공1단지아파트 107동 101∼2001호, 102∼2002호"
오산시,중앙동,18통,6반,"부산동 778-1번지 운암주공1단지아파트 107동 103∼2003호, 104∼2004호"
오산시,중앙동,19통,1반,"부산동 778-1번지 운암주공1단지아파트 108동 101∼1801호, 102∼1802호"
오산시,중앙동,19통,2반,"부산동 778-1번지 운암주공1단지아파트 108동 103∼1803호, 104∼1804호"
오산시,중앙동,19통,3반,"부산동 778-1번지 운암주공1단지아파트 108동 105∼1805호, 106∼1806호"
오산시,중앙동,19통,4반,"부산동 778-1번지 운암주공1단지아파트 109동 101∼1801호, 102∼1802호"
오산시,중앙동,19통,5반,"부산동 778-1번지 운암주공1단지아파트 109동 103∼1803호, 104∼1804호"
오산시,중앙동,19통,6반,"부산동 778-1번지 운암주공1단지아파트 109동 105∼1805호, 106∼1806호"
오산시,중앙동,20통,1반,"부산동 778-1번지 운암주공1단지아파트 111동 101∼1801호, 102∼1802호"
오산시,중앙동,20통,2반,"부산동 778-1번지 운암주공1단지아파트 111동 103∼1803호, 104∼1804호"
오산시,중앙동,20통,3반,"부산동 778-1번지 운암주공1단지아파트 111동 105∼1805호, 106∼1806호"
오산시,중앙동,20통,4반,"부산동 778-1번지 운암주공1단지아파트 112동 101∼1501호, 102∼1502호, 103∼1503호"
오산시,중앙동,20통,5반,"부산동 778-1번지 운암주공1단지아파트 112동 104∼1504호, 105∼1505호, 106∼1506호"
오산시,중앙동,20통,6반,"부산동 778-1번지 운암주공1단지아파트 113동 101∼1501호, 102∼1502호, 103∼1503호"
오산시,중앙동,20통,7반,"부산동 778-1번지 운암주공1단지아파트 113동 104∼1504호, 105∼1505호, 106∼1506호"
오산시,중앙동,21통,1반,부산동 778-1번지 운암주공1단지아파트 114동
오산시,중앙동,21통,2반,"부산동 778-1번지 운암주공1단지아파트 115동 101∼1501호, 102∼1502호, 103∼1503호"
오산시,중앙동,21통,3반,"부산동 778-1번지 운암주공1단지아파트 115동 104∼1504호, 105∼1505호, 106∼1506호"
오산시,중앙동,21통,4반,"부산동 778-1번지 운암주공1단지아파트 118동 101∼2001호, 102∼2002호"
오산시,중앙동,21통,5반,"부산동 778-1번지 운암주공1단지아파트 118동 103∼2003호, 104∼2004호"
오산시,중앙동,21통,6반,"부산동 778-1번지 운암주공1단지아파트 119동 101∼2001호, 102∼2002호"
오산시,중앙동,21통,7반,"부산동 778-1번지 운암주공1단지아파트 119동 103∼2003호, 104∼2004호"
오산시,중앙동,22통,1반,"부산동 778-1번지 운암주공1단지아파트 110동 101∼2001호, 102∼2002호"
오산시,중앙동,22통,2반,"부산동 778-1번지 운암주공1단지아파트 110동 103∼2003호, 104∼2004호"
오산시,중앙동,22통,3반,"부산동 778-1번지 운암주공1단지아파트 116동 101∼2001호, 102∼2002호"
오산시,중앙동,22통,4반,"부산동 778-1번지 운암주공1단지아파트 116동 103∼2003호, 104∼2004호"
오산시,중앙동,22통,5반,"부산동 778-1번지 운암주공1단지아파트 117동 101∼2001호, 102∼2002호"
오산시,중앙동,22통,6반,"부산동 778-1번지 운암주공1단지아파트 117동 103∼2003호, 104∼2004호"
오산시,중앙동,23통,1반,"부산동 778-1번지 운암주공1단지아파트 120동 101∼2001호, 102∼2002호, 103∼2003호"
오산시,중앙동,23통,2반,"부산동 778-1번지 운암주공1단지아파트 120동 104∼2004호, 105∼2005호, 106∼2006호"
오산시,중앙동,23통,3반,부산동 778-1번지 운암주공1단지아파트 121동
오산시,중앙동,24통,1반,"부산동 779-1 운암주공3단지아파트 312동 101∼1801호, 102∼1802호"
오산시,중앙동,24통,2반,"부산동 779-1 운암주공3단지아파트 312동 103∼1803호, 104∼1804호"
오산시,중앙동,24통,3반,"부산동 779-1 운암주공3단지아파트 312동 105∼1805호, 106∼1806호"
오산시,중앙동,24통,4반,"부산동 779-1 운암주공3단지아파트 313동 101∼2001호, 102∼2002호, 779-5"
오산시,중앙동,24통,5반,"부산동 779-1 운암주공3단지아파트 313동 103∼2003호, 104∼2004호"
오산시,중앙동,24통,6반,부산동 779-1 운암주공3단지아파트 314동
오산시,중앙동,25통,1반,"부산동 779-1 운암주공3단지아파트 318동 101∼1701호, 102∼1702호, 103∼1703호"
오산시,중앙동,25통,2반,"부산동 779-1 운암주공3단지아파트 318동 104∼1704호, 105∼1705호, 106∼1706호"
오산시,중앙동,25통,3반,부산동 779-1 운암주공3단지아파트 317동
오산시,중앙동,25통,4반,"부산동 779-1 운암주공3단지아파트 319동 101∼1801호, 102∼1802호, 779-6"
오산시,중앙동,25통,5반,"부산동 779-1 운암주공3단지아파트 319동 103∼1803호, 104∼1804호"
오산시,중앙동,26통,1반,"부산동 779-1 운암주공3단지아파트 315동 101∼2001호, 102∼2002호, 779-4"
오산시,중앙동,26통,2반,"부산동 779-1 운암주공3단지아파트 315동 103∼2003호, 104∼2004호"
오산시,중앙동,26통,3반,부산동 779-1 운암주공3단지아파트 316동
오산시,중앙동,26통,4반,"부산동 779-1 운암주공3단지아파트 320동 101∼2001호, 102∼2002호"
오산시,중앙동,26통,5반,"부산동 779-1 운암주공3단지아파트 320동 103∼2003호, 104∼2004호"
오산시,중앙동,27통,1반,"부산동 779-1 운암주공3단지아파트 310동 101∼2001호, 102∼2002호"
오산시,중앙동,27통,2반,"부산동 779-1 운암주공3단지아파트 310동 103∼2003호, 104∼2004호"
오산시,중앙동,27통,3반,"부산동 779-1 운암주공3단지아파트 308동 101∼2001호, 102∼2002호"
오산시,중앙동,27통,4반,"부산동 779-1 운암주공3단지아파트 308동 103∼2003호, 104∼2004호"
오산시,중앙동,27통,5반,"부산동 779-1 운암주공3단지아파트 301동 101∼2001호, 102∼2002호, 103∼2003호"
오산시,중앙동,27통,6반,"부산동 779-1 운암주공3단지아파트 301동 104∼2004호, 105∼2005호, 106∼2006호"
오산시,중앙동,28통,1반,"부산동 779-1 운암주공3단지아파트 311동 101∼1801호, 102∼1802호"
오산시,중앙동,28통,2반,"부산동 779-1 운암주공3단지아파트 311동 103∼1803호, 104∼1804호"
오산시,중앙동,28통,3반,"부산동 779-1 운암주공3단지아파트 311동 105∼1805호, 106∼1806호"
오산시,중앙동,28통,4반,"부산동 779-1 운암주공3단지아파트 309동 101∼1801호, 102∼1802호"
오산시,중앙동,28통,5반,"부산동 779-1 운암주공3단지아파트 309동 103∼1803호, 104∼1804호"
오산시,중앙동,28통,6반,"부산동 779-1 운암주공3단지아파트 309동 105∼1805호, 106∼1806호"
오산시,중앙동,29통,1반,"부산동 779-1 운암주공3단지아파트 307동 101∼1801호, 102∼1802호"
오산시,중앙동,29통,2반,"부산동 779-1 운암주공3단지아파트 307동 103∼1803호, 104∼1804호"
오산시,중앙동,29통,3반,부산동 779-1 운암주공3단지아파트 306동
오산시,중앙동,29통,4반,"부산동 779-1 운암주공3단지아파트 305동 101∼1801호, 102∼1802호"
오산시,중앙동,29통,5반,"부산동 779-1 운암주공3단지아파트 305동 103∼1803호, 104∼1804호"
오산시,중앙동,30통,1반,"부산동 779-1 운암주공3단지아파트 304동 101∼2001호, 102∼2002호, 103∼2003호"
오산시,중앙동,30통,2반,"부산동 779-1 운암주공3단지아파트 303동 101∼2001호, 202∼2002호, 103∼2003호"
오산시,중앙동,30통,3반,"부산동 779-1 운암주공3단지아파트 303동 104∼2004호, 205∼2005호, 106∼2006호"
오산시,중앙동,30통,4반,"부산동 779-1 운암주공3단지아파트 302동 101∼2001호, 102∼2002호"
오산시,중앙동,30통,5반,"부산동 779-1 운암주공3단지아파트 302동 103∼2003호, 104∼2004호"
오산시,중앙동,31통,1반,"오산동 923-2 대동아파트 101동 101∼1701호, 102∼1702호"
오산시,중앙동,31통,2반,"오산동 923-2 대동아파트 101동 103∼1703호, 104∼1704호"
오산시,중앙동,31통,3반,"오산동 923-2 대동아파트 101동 105∼1705호, 106∼1706호"
오산시,중앙동,31통,4반,"오산동 923-2 대동아파트 103동 101∼1801호, 102∼1802호"
오산시,중앙동,31통,5반,"오산동 923-2 대동아파트 103동 103∼1803호, 104∼1804호"
오산시,중앙동,31통,6반,"오산동 923-2 대동아파트 104동 101∼1801호, 102∼1802호"
오산시,중앙동,31통,7반,"오산동 923-2 대동아파트 104동 103∼1803호, 104∼1804호"
오산시,중앙동,32통,1반,"오산동 923-2 대동아파트 107동 101∼1801호, 102∼1802호"
오산시,중앙동,32통,2반,"오산동 923-2 대동아파트 107동 103∼1803호, 104∼1804호"
오산시,중앙동,32통,3반,"오산동 923-2 대동아파트 106동 101∼2101호, 102∼2102호"
오산시,중앙동,32통,4반,"오산동 923-2 대동아파트 105동 101∼2101호, 102∼2102호"
오산시,중앙동,32통,5반,"오산동 923-2 대동아파트 102동 101∼2101호, 102∼2102호"
오산시,중앙동,33통,1반,"오산동 923-2 대동아파트 108동 101∼1801호, 102∼1802호, 923-3"
오산시,중앙동,33통,2반,"오산동 923-2 대동아파트 108동 103∼1803호, 104∼1804호"
오산시,중앙동,33통,3반,"오산동 923-2 대동아파트 109동 101∼1801호, 102∼1802호, 915"
오산시,중앙동,33통,4반,"오산동 923-2 대동아파트 109동 103∼1803호, 104∼1804호"
오산시,중앙동,33통,5반,"오산동 923-2 대동아파트 110동 101∼1801호, 102∼1802호"
오산시,중앙동,33통,6반,"오산동 923-2 대동아파트 110동 103∼1803호, 104∼1804호"
오산시,중앙동,34통,1반,"오산동 922-2 현대아파트 106동 101∼2201호, 102~2202호"
오산시,중앙동,34통,2반,"오산동 922-2 현대아파트 106동 203∼2003호, 104∼2004호"
오산시,중앙동,34통,3반,"오산동 922-2 현대아파트 105동 101∼2201호, 102∼2202호, 922-1, 922-6"
오산시,중앙동,34통,4반,"오산동 922-2 현대아파트 105동 103∼2203호, 204∼2204호"
오산시,중앙동,34통,5반,"오산동 922-2 현대아파트 105동 105∼2005호, 106∼2006호"
오산시,중앙동,35통,1반,"오산동 922-2 현대아파트 101동 101∼1801호, 102∼1802호"
오산시,중앙동,35통,2반,"오산동 922-2 현대아파트 101동 103∼2203호, 104∼2204호"
오산시,중앙동,35통,3반,"오산동 922-2 현대아파트 102동 101∼1801호, 102∼1802호"
오산시,중앙동,35통,4반,"오산동 922-2 현대아파트 102동 103∼2403호, 104∼2404호"
오산시,중앙동,36통,1반,"오산동 922-2 현대아파트 103동 101∼1801호, 102∼1802호"
오산시,중앙동,36통,2반,"오산동 922-2 현대아파트 103동 103∼2403호, 104∼2404호"
오산시,중앙동,36통,3반,"오산동 922-2 현대아파트 104동 101∼2201호, 102∼2202호"
오산시,중앙동,36통,4반,"오산동 922-2 현대아파트 104동 103∼1803호, 104∼1804호"
오산시,중앙동,37통,1반,"오산동 920-2 운암주공 2단지 201동 101∼1801호, 102∼2002호, 920-3∼5"
오산시,중앙동,37통,2반,"오산동 920-2 운암주공 2단지 201동 103∼2003호, 104∼2004호"
오산시,중앙동,37통,3반,"오산동 920-2 운암주공 2단지 201동 105∼2005호, 106∼2006호 920-1, 3, 4번지"
오산시,중앙동,37통,4반,"오산동 920-2 운암주공 2단지 202동 101∼2001호, 102∼2002호"
오산시,중앙동,37통,5반,"오산동 920-2 운암주공 2단지 202동 103∼2003호, 104∼2004호"
오산시,중앙동,37통,6반,"오산동 920-2 운암주공 2단지 202동 105∼2005호, 106∼2006호"
오산시,중앙동,37통,7반,"오산동 920-2 운암주공 2단지 203동 101∼2301호, 102∼2302호"
오산시,중앙동,37통,8반,"오산동 920-2 운암주공 2단지 203동 103∼2303호, 104∼2304호"
오산시,중앙동,38통,1반,"오산동 920-2 운암주공 2단지 204동 101∼2301호, 102∼2302호"
오산시,중앙동,38통,2반,"오산동 920-2 운암주공 2단지 204동 103∼2303호, 104∼2304호"
오산시,중앙동,38통,3반,"오산동 920-2 운암주공 2단지 205동 101∼1801호, 102∼1802호"
오산시,중앙동,38통,4반,"오산동 920-2 운암주공 2단지 205동 103∼1803호, 104∼1804호"
오산시,중앙동,38통,5반,"오산동 920-2 운암주공 2단지 211동 101∼2401호, 102∼2402호"
오산시,중앙동,38통,6반,"오산동 920-2 운암주공 2단지 211동 103∼2403호, 104∼2404호"
오산시,중앙동,39통,1반,"오산동 920-2 운암주공 2단지 206동 101∼1801호, 102∼1802호"
오산시,중앙동,39통,2반,"오산동 920-2 운암주공 2단지 206동 103∼1803호, 104∼1804호"
오산시,중앙동,39통,3반,"오산동 920-2 운암주공 2단지 206동 105∼1805호, 106∼1806호"
오산시,중앙동,39통,4반,"오산동 920-2 운암주공 2단지 210동 101∼2101호, 102∼2102호"
오산시,중앙동,39통,5반,"오산동 920-2 운암주공 2단지 210동 103∼2103호, 104∼2104호"
오산시,중앙동,40통,1반,"오산동 920-2 운암주공 2단지 207동 101∼1801호, 102∼1802호"
오산시,중앙동,40통,2반,"오산동 920-2 운암주공 2단지 207동 103∼1803호, 104∼1804호"
오산시,중앙동,40통,3반,"오산동 920-2 운암주공 2단지 208동 101∼2101호, 102∼2102호"
오산시,중앙동,40통,4반,"오산동 920-2 운암주공 2단지 208동 103∼2103호, 104∼2104호"
오산시,중앙동,40통,5반,"오산동 920-2 운암주공 2단지 209동 101∼2401호, 102∼2402호"
오산시,중앙동,40통,6반,"오산동 920-2 운암주공 2단지 209동 103∼2403호, 104∼2404호"
오산시,중앙동,41통,1반,"오산동 922-4 운암주공 4단지 401동 101∼2001호, 102∼2002호, 922-5"
오산시,중앙동,41통,2반,"오산동 922-4 운암주공 4단지 401동 103∼2003호, 104∼2004호"
오산시,중앙동,41통,3반,"오산동 922-4 운암주공 4단지 402동 101∼2001호, 102∼2002호"
오산시,중앙동,41통,4반,"오산동 922-4 운암주공 4단지 402동 103∼2003호, 104∼2004호"
오산시,중앙동,41통,5반,"오산동 922-4 운암주공 4단지 403동 101∼2301호, 102∼2302호"
오산시,중앙동,41통,6반,"오산동 922-4 운암주공 4단지 403동 103∼2303호, 104∼2304호"
오산시,중앙동,41통,7반,"오산동 922-4 운암주공 4단지 404동 101∼1801호, 102∼1802호"
오산시,중앙동,41통,8반,"오산동 922-4 운암주공 4단지 404동 103∼1803호, 104∼1804호"
오산시,중앙동,42통,1반,"오산동 922-4 운암주공 4단지 405동 101∼1801호, 102∼1802호"
오산시,중앙동,42통,2반,"오산동 922-4 운암주공 4단지 405동 103∼1803호, 104∼1804호"
오산시,중앙동,42통,3반,"오산동 922-4 운암주공 4단지 406동 101∼1701호, 102∼1702호"
오산시,중앙동,42통,4반,"오산동 922-4 운암주공 4단지 406동 103∼1703호, 104∼1704호"
오산시,중앙동,42통,5반,"오산동 922-4 운암주공 4단지 407동 101∼1701호, 102∼1702호"
오산시,중앙동,42통,6반,"오산동 922-4 운암주공 4단지 407동 103∼1703호, 104∼1704호"
오산시,중앙동,42통,7반,"오산동 924-1∼5, 925-1∼13"
오산시,중앙동,43통,1반,오산동 911-5∼8
오산시,중앙동,43통,2반,오산동 911-9∼12
오산시,중앙동,43통,3반,오산동 911-13∼16
오산시,중앙동,43통,4반,오산동 913-1∼4
오산시,중앙동,43통,5반,오산동 913-5∼7
오산시,중앙동,43통,6반,"오산동 913-8∼9, 913-16"
오산시,중앙동,43통,7반,"오산동 913-13∼15, 914"
오산시,중앙동,43통,8반,오산동 913-10∼12
오산시,중앙동,44통,1반,오산동 911-19∼22
오산시,중앙동,44통,2반,오산동 911-23∼26
오산시,중앙동,44통,3반,오산동 912-1∼3
오산시,중앙동,44통,4반,"오산동 912-4∼5, 912-10"
오산시,중앙동,44통,5반,오산동 912-6∼9
오산시,중앙동,44통,6반,오산동 915-1∼4
오산시,중앙동,44통,7반,오산동 915-5∼8
오산시,중앙동,44통,8반,오산동 911-28∼34
오산시,중앙동,45통,1반,오산동 916-1∼5
오산시,중앙동,45통,2반,오산동 916-6∼10
오산시,중앙동,45통,3반,"오산동 911-1, 917-1∼3"
오산시,중앙동,45통,4반,오산동 918-1∼5
오산시,중앙동,45통,5반,오산동 918-6∼10
오산시,중앙동,45통,6반,"오산동 919-1∼4, 919-17"
오산시,중앙동,45통,7반,오산동 919-8∼12
오산시,중앙동,45통,8반,오산동 919-13∼16
오산시,중앙동,45통,9반,오산동 919-19∼22
오산시,중앙동,46통,1반,"오산동 865-1 대동다숲주상복합아파트 301호∼413호, 865-1 대동다숲주상복합아파트 1∼2층 상가"
오산시,중앙동,46통,2반,오산동 865-1 대동다숲주상복합아파트 501호∼713호
오산시,중앙동,46통,3반,오산동 865-1 대동다숲주상복합아파트 801호∼1013호
오산시,중앙동,46통,4반,오산동 865-1 대동다숲주상복합아파트 1101호∼1313호
오산시,중앙동,46통,5반,오산동 865-1 대동다숲주상복합아파트 1401호∼1513호
오산시,중앙동,47통,1반,부산동 800 오산시티자이1단지 
오산시,중앙동,47통,2반,"부산동 800 오산시티자이1단지 101동 103∼2103호, 104∼2104호"
오산시,중앙동,47통,3반,"부산동 800 오산시티자이1단지 102동 101∼2001호, 102∼2002호"
오산시,중앙동,47통,4반,"부산동 800 오산시티자이1단지 102동 103∼2003호, 104∼2004호"
오산시,중앙동,47통,5반,"부산동 800 오산시티자이1단지 103동 101∼1201호, 102∼1202호, 103∼120호"
오산시,중앙동,47통,6반,"부산동 800 오산시티자이1단지 103동 1301∼2501호, 1302∼2502호, 1303∼2503호"
오산시,중앙동,47통,7반,"부산동 800 오산시티자이1단지 103동 104∼2504호, 105∼2505호"
오산시,중앙동,47통,8반,"부산동 800 오산시티자이1단지 103동 106∼2506호, 107∼2507호"
오산시,중앙동,48통,1반,부산동 800 오산시티자이1단지 
오산시,중앙동,48통,2반,"부산동 800 오산시티자이1단지 104동 103∼1703호, 104∼1704호"
오산시,중앙동,48통,3반,"부산동 800 오산시티자이1단지 105동 101∼2501호, 102∼2502호"
오산시,중앙동,48통,4반,"부산동 800 오산시티자이1단지 105동 103∼2503호, 104∼2504호"
오산시,중앙동,48통,5반,"부산동 800 오산시티자이1단지 106동 101∼1201호, 102∼1202호, 103∼1203호"
오산시,중앙동,48통,6반,"부산동 800 오산시티자이1단지 106동 1301∼2101호, 1302∼2402호, 1303∼2403호"
오산시,중앙동,48통,7반,"부산동 800 오산시티자이1단지 106동 104∼2504호, 105∼2505호"
오산시,중앙동,48통,8반,"부산동 800 오산시티자이1단지 106동 106∼2506호, 107∼2507호"
오산시,중앙동,48통,9반,"부산동 800 오산시티자이1단지 107동 101∼2201호, 102∼2202호"
오산시,중앙동,48통,10반,"부산동 800 오산시티자이1단지 107동 103∼2203호, 104∼2204호"
오산시,중앙동,49통,1반,부산동 800 오산시티자이1단지 
오산시,중앙동,49통,2반,"부산동 800 오산시티자이1단지 108동 103∼1803호, 104∼1804호"
오산시,중앙동,49통,3반,"부산동 800 오산시티자이1단지 109동 101∼2301호, 102∼2302호"
오산시,중앙동,49통,4반,"부산동 800 오산시티자이1단지 110동 101∼1201호, 102∼1202호, 103∼1203호"
오산시,중앙동,49통,5반,"부산동 800 오산시티자이1단지 110동 1301∼2501호, 1302∼2502호, 1303∼2503호"
오산시,중앙동,49통,6반,"부산동 800 오산시티자이1단지 110동 104∼2504호, 305∼2505호"
오산시,중앙동,49통,7반,"부산동 800 오산시티자이1단지 111동 101∼2301호, 102∼2302호"
오산시,중앙동,49통,8반,"부산동 800 오산시티자이1단지 111동 103∼2503호, 104∼2504호"
오산시,중앙동,50통,1반,부산동 801 오산시티자이2단지 
오산시,중앙동,50통,2반,"부산동 801 오산시티자이2단지 208동 103∼2303호, 104∼2304호"
오산시,중앙동,50통,3반,"부산동 801 오산시티자이2단지 201동 101∼2301호, 102∼2302호"
오산시,중앙동,50통,4반,"부산동 801 오산시티자이2단지 201동 103∼2303호, 104∼2304호"
오산시,중앙동,50통,5반,"부산동 801 오산시티자이2단지 202동 201∼1201호, 102∼1202호, 103∼1203호"
오산시,중앙동,50통,6반,"부산동 801 오산시티자이2단지 202동 1301∼2101호, 1302∼2302호, 1303∼2303호"
오산시,중앙동,50통,7반,"부산동 801 오산시티자이2단지 202동 104∼2504호, 105∼2505호"
오산시,중앙동,50통,8반,"부산동 801 오산시티자이2단지 202동 106∼2506호, 107∼2507호"
오산시,중앙동,51통,1반,부산동 801 오산시티자이2단지
오산시,중앙동,51통,2반,"부산동 801 오산시티자이2단지 203동 1301∼2201호, 1302∼2502호, 1303∼2503호"
오산시,중앙동,51통,3반,"부산동 801 오산시티자이2단지 203동 104∼2504호, 105∼2505호"
오산시,중앙동,51통,4반,"부산동 801 오산시티자이2단지 203동 106∼2506호, 107∼2507호"
오산시,중앙동,51통,5반,"부산동 801 오산시티자이2단지 204동 101∼1801호, 102∼1802호"
오산시,중앙동,51통,6반,"부산동 801 오산시티자이2단지 204동 103∼1803호, 104∼1804호"
오산시,중앙동,51통,7반,"부산동 801 오산시티자이2단지 205동 101∼2101호, 102∼2102호"
오산시,중앙동,51통,8반,"부산동 801 오산시티자이2단지 205동 103∼2103호, 104∼2104호"
오산시,중앙동,52통,1반,부산동 801 오산시티자이2단지 
오산시,중앙동,52통,2반,"부산동 801 오산시티자이2단지 206동 103∼2203호, 104∼2204호"
오산시,중앙동,52통,3반,"부산동 801 오산시티자이2단지 207동 101∼1201호, 102∼1202호, 103∼1203호"
오산시,중앙동,52통,4반,"부산동 801 오산시티자이2단지 207동 1301∼2501호, 1302∼2502호, 1303∼2503호"
오산시,중앙동,52통,5반,"부산동 801 오산시티자이2단지 207동 104∼2504호, 105∼2505호"
오산시,중앙동,52통,6반,"부산동 801 오산시티자이2단지 207동 106∼2506호, 107∼2507호"
오산시,중앙동,53통,1반,"부산동 830 오산센트럴푸르지오 아파트 101동 201~2501호, 202~2502호"
오산시,중앙동,53통,2반,"부산동 830 오산센트럴푸르지오 아파트 101동 203∼2503호, 204∼2304호"
오산시,중앙동,53통,3반,"부산동 830 오산센트럴푸르지오 아파트 102동 101∼2501호, 102∼2502호"
오산시,중앙동,53통,4반,"부산동 830 오산센트럴푸르지오 아파트 102동 303∼2503호, 104∼2204호"
오산시,중앙동,53통,5반,"부산동 830 오산센트럴푸르지오 아파트 103동 101∼2401호, 102∼2402호"
오산시,중앙동,53통,6반,"부산동 830 오산센트럴푸르지오 아파트 103동 303∼2403호, 104∼2404호"
오산시,중앙동,54통,1반,"부산동 830 오산센트럴푸르지오 아파트 104동 101~2501호, 102~2502호"
오산시,중앙동,54통,2반,"부산동 830 오산센트럴푸르지오 아파트 104동 103∼2503호, 104∼2504호"
오산시,중앙동,54통,3반,"부산동 830 오산센트럴푸르지오 아파트 105동 101∼2501호, 102∼2502호"
오산시,중앙동,54통,4반,"부산동 830 오산센트럴푸르지오 아파트 105동 103∼2503호, 104∼2504호"
오산시,중앙동,54통,5반,"부산동 830 오산센트럴푸르지오 아파트 106동 201∼2501호, 202∼2502호"
오산시,중앙동,54통,6반,"부산동 830 오산센트럴푸르지오 아파트 107동 101∼2501호, 102∼2502호"
오산시,중앙동,54통,7반,"부산동 830 오산센트럴푸르지오 아파트 107동 103∼2503호, 104∼2504호"
오산시,중앙동,55통,1반,"부산동 830 오산센트럴푸르지오 아파트 108동 201~2501호, 202~2502호"
오산시,중앙동,55통,2반,"부산동 830 오산센트럴푸르지오 아파트 108동 203∼2503호, 204∼2504호"
오산시,중앙동,55통,3반,"부산동 830 오산센트럴푸르지오 아파트 109동 101∼2501호, 102∼2502호"
오산시,중앙동,55통,4반,"부산동 830 오산센트럴푸르지오 아파트 109동 103∼2503호, 104∼2304호"
오산시,중앙동,55통,5반,"부산동 830 오산센트럴푸르지오 아파트 110동 201∼2501호, 202∼2502호"
오산시,중앙동,55통,6반,"부산동 830 오산센트럴푸르지오 아파트 110동 203∼2503호, 204∼2404호"
오산시,중앙동,56통,1반,"부산동 815 시티자이2차 301동 101호∼2901호, 102호∼2902호"
오산시,중앙동,56통,2반,"부산동 815 시티자이2차 301동 103호∼2903호, 204호∼2904호"
오산시,중앙동,56통,3반,"부산동 815 시티자이2차 301동 105호∼2505호, 106호∼2506호"
오산시,중앙동,56통,4반,"부산동 815 시티자이2차 310동 101호∼2901호, 102호∼2902호"
오산시,중앙동,56통,5반,"부산동 815 시티자이2차 310동 103호∼2903호, 204호∼2904호"
오산시,중앙동,56통,6반,부산동 815 시티자이2차 310동 205호∼2505호
오산시,중앙동,57통,1반,"부산동 815 시티자이2차 302동 201호∼2901호, 102호∼2902호"
오산시,중앙동,57통,2반,"부산동 815 시티자이2차 302동 103호∼2503호, 104호∼2504호"
오산시,중앙동,57통,3반,"부산동 815 시티자이2차 303동 101호∼2901호, 302호∼2902호"
오산시,중앙동,57통,4반,"부산동 815 시티자이2차 303동 303호∼2903호, 104호∼2904호"
오산시,중앙동,57통,5반,부산동 815 시티자이2차 303동 105호∼2905호
오산시,중앙동,57통,6반,"부산동 815 시티자이2차 307동 101호∼2901호, 102호∼2902호"
오산시,중앙동,57통,7반,"부산동 815 시티자이2차 307동 103호∼2903호, 104호∼2904호"
오산시,중앙동,57통,8반,부산동 815 시티자이2차 307동 105호∼2905호
오산시,중앙동,58통,1반,"부산동 815 시티자이2차 304동 301호∼2901호, 102호∼2902호"
오산시,중앙동,58통,2반,"부산동 815 시티자이2차 304동 103호∼2903호, 104호∼2904호"
오산시,중앙동,58통,3반,"부산동 815 시티자이2차 305동 101호∼2801호, 102호∼2802호"
오산시,중앙동,58통,4반,"부산동 815 시티자이2차 305동 103호∼2803호, 104호∼2904호"
오산시,중앙동,58통,5반,"부산동 815 시티자이2차 305동 105호∼2905호, 306동 101호∼201호, 102호∼202호, 308동 101호∼201호, 102호~202호"
오산시,중앙동,58통,6반,"부산동 815 시티자이2차 309동 101호∼2901호, 102호∼2902호"
오산시,중앙동,58통,7반,"부산동 815 시티자이2차 309동 203호∼2403호, 104호∼2404호"
오산시,중앙동,58통,8반,부산동 815 시티자이2차 309동 105호∼2405호
오산시,대원1동,1통,1반,"오산동 603-7∼8, 603-10∼12, 603-14∼16, 603-18, 603-27, 603-57, 603-93, 603-95, 603-116"
오산시,대원1동,1통,2반,"오산동 40-6∼8, 540-12, 540-22∼23, 540-28, 540-32, 541-8, 541-12, 566-20, 567-1, 603-6, 603-91"
오산시,대원1동,1통,3반,"오산동 541-9, 566-18, 875-1∼3, 875-7∼11, 875-13∼16"
오산시,대원1동,1통,4반,"오산동 566-4, 566-6∼8, 568-7, 568-9, 568-12, 568-17∼18, 568-23, 569-3, 569-11, 569-16, 595-2, 595-5∼7, 596-2∼6, 597, 879-2, 879-4∼7, 879-9, 879-12, 879-14∼16, 879-20"
오산시,대원1동,2통,1반,"오산동 876-1∼8, 876-10∼11, 876-15∼17, 876-19, 876-21∼22"
오산시,대원1동,2통,2반,"오산동 877-1∼6, 877-8∼9, 877-11∼14, 877-16, 877-24∼26, 877-28∼29, 877-34, 877-36∼37"
오산시,대원1동,2통,3반,"오산동 877-18∼22, 877-30∼31, 877-33, 877-38"
오산시,대원1동,2통,4반,"오산동 878-1∼7, 878-12, 878-35, 878-37, 878-44"
오산시,대원1동,2통,5반,"오산동 878-8∼10, 878-43"
오산시,대원1동,2통,6반,"오산동 878-13∼15, 878-18, 878-20∼21, 878-24∼30, 878-32, 878-38∼40, 878-42"
오산시,대원1동,2통,7반,"오산동 880-1∼2, 880-5∼6, 880-8∼9, 880-11∼16, 880-18∼23, 880-25"
오산시,대원1동,3통,1반,"원동 50-1∼10, 750-12∼15, 750-18"
오산시,대원1동,3통,2반,"원동 751-1, 751-3∼8, 751-10∼15, 751-17, 751-27∼28, 751-33∼35, 751-39∼40"
오산시,대원1동,3통,3반,"원동 751-18∼20, 751-29∼31, 751-36∼38, 751-41∼43, 751-45∼47, 751-49∼53, 751-55∼57"
오산시,대원1동,3통,4반,"원동 760-1∼9, 760-11, 760-13∼15, 760-17∼18"
오산시,대원1동,3통,5반,"원동 761-1∼3, 761-6∼8, 761-10∼22, 761-24∼25, 761-28∼30, 761-33∼34"
오산시,대원1동,4통,1반,"원동 753-3∼7, 753-9∼13"
오산시,대원1동,4통,2반,"원동 752-1∼8, 752-23∼26, 752-28∼29"
오산시,대원1동,4통,3반,원동 752-10∼21
오산시,대원1동,4통,4반,"원동 759-1∼4, 759-6∼9, 759-19∼20"
오산시,대원1동,4통,5반,"원동 759-10∼13, 759-15∼18, 759-21"
오산시,대원1동,4통,6반,"원동 758-1∼6, 758-8∼11, 758-13∼16, 758-18"
오산시,대원1동,5통,1반,"원동 754-1∼5, 754-7∼8, 754-10∼12, 754-14, 754-16∼17, 754-20∼24, 754-42"
오산시,대원1동,5통,2반,"원동 754-18, 754-26∼28, 754-30∼31, 754-33∼34, 754-36∼41"
오산시,대원1동,5통,3반,"원동 757-1∼3, 757-5∼6, 757-8, 757-10∼18, 757-20∼21, 757-23, 757-25∼28, 757-30∼32, 757-36, 757-38"
오산시,대원1동,5통,4반,"원동 214-7, 222, 231-16, 231-18, 755-1∼4, 755-7, 755-9, 756-1∼3, 812-1∼9, 813-1∼3, 813-5∼6, 813-8∼9, 813-11, 813-13"
오산시,대원1동,5통,5반,"원동 184, 184-1, 185, 811-1∼6, 811-8, 811-10∼12"
오산시,대원1동,6통,1반,"원동 756-4 신양아파트 101호∼1701호, 102∼1702호, 215 상가"
오산시,대원1동,6통,2반,"원동 756-4 신양아파트 103호∼1703호, 104∼1704호, 105호∼1705호"
오산시,대원1동,6통,3반,"원동 756-4 신양아파트 106호∼1706호, 107∼1707호"
오산시,대원1동,6통,4반,"원동 756-4 신양아파트 108호∼1708호, 109∼1709호, 110호∼1170호"
오산시,대원1동,7통,1반,"원동 814-2 청구아파트 101동 101호∼2101호, 102호∼2102호"
오산시,대원1동,7통,2반,"원동 814-2 청구아파트 102동 101호∼1701호, 102호∼1702호"
오산시,대원1동,7통,3반,"원동 814-2 청구아파트 102동 103호∼1703호, 104호∼1704호"
오산시,대원1동,7통,4반,"원동 814-2 청구아파트 103동 101호∼1701호, 102호∼1702호"
오산시,대원1동,7통,5반,"원동 814-2 청구아파트 103동 103호∼1703호, 104호∼1704호"
오산시,대원1동,7통,6반,"원동 814-2 청구아파트 103동 105호∼2005호, 106호∼2006호"
오산시,대원1동,7통,7반,"원동 814-2 청구아파트 104동 101호∼1801호, 102호∼1802호"
오산시,대원1동,7통,8반,"원동 814-2 청구아파트 104동 103호∼1803호, 104호∼1804호"
오산시,대원1동,7통,9반,"원동 814-2 청구아파트 105동 101호∼2101호, 102호∼2102호"
오산시,대원1동,7통,10반,"원동 814-2 청구아파트 105동 103호∼2103호, 104호∼2104호"
오산시,대원1동,8통,1반,"오산동 603-33, 679-1, 680-5, 680-8∼9, 881-3∼7, 881-9∼11, 881-13, 881-16, 881-20, 881-24, 881-27∼28, 882-1∼6, 882-8∼9"
오산시,대원1동,8통,2반,오산동 881-8 렉스빌
오산시,대원1동,8통,3반,"오산동 883-1∼6, 883-8, 883-10∼15, 883-17"
오산시,대원1동,8통,4반,"오산동 884-1∼3, 884-5, 884-7∼10, 884-12, 884-16∼17, 884-19, 884-21"
오산시,대원1동,8통,5반,"오산동 884-11, 884-22, 884-25"
오산시,대원1동,8통,6반,"오산동 884-23∼24, 884-26"
오산시,대원1동,8통,7반,"오산동 885-1∼2, 885-4∼11, 885-13∼16, 885-22∼23, 885-27∼29"
오산시,대원1동,8통,8반,"오산동 715-1, 717-3∼4, 717-7∼8, 726-5, 730-4, 731-2, 736, 736-8∼9, 782-1, 789-2 ∼3, 789-8, 789-10, 790, 791, 791-2, 792, 793-6, 793-15, 793-25, 793-34, 794-2, 802-2, 805-2, 805-5, 886-2, 886-4∼5, 886-8∼9, 886-11∼12, 886-16, 945, 950"
오산시,대원1동,9통,1반,"원동 770-13, 770-31 미광아파트"
오산시,대원1동,9통,2반,"원동 770-1∼7, 770-9∼12, 770-28∼29, 770-34"
오산시,대원1동,9통,3반,"원동 770-14∼15, 770-17∼21, 770-24, 770-26∼27, 770-33"
오산시,대원1동,9통,4반,"원동 776-1∼5, 776-7∼12, 776-15, 776-18∼23, 776-26∼31"
오산시,대원1동,9통,5반,"원동 763-1∼3, 763-5∼9, 763-12∼14, 763-20∼22, 63-24∼25,"
오산시,대원1동,9통,6반,"원동 762-1∼5, 762-7, 762-9∼19, 762-21∼23, 762-26∼28, 762-31∼32, 762-34∼38, 762-40∼41, 762-43"
오산시,대원1동,10통,1반,"원동 773-1∼3, 773-6∼8, 773-10, 773-12∼14, 773-16∼17, 773-19, 773-22"
오산시,대원1동,10통,2반,"원동 774-1∼5, 774-19∼23, 774-25∼26, 774-31∼33, 774-35∼40"
오산시,대원1동,10통,3반,"원동 774-6∼12, 774-15, 774-17∼18, 774-28∼29"
오산시,대원1동,10통,4반,"원동 775-1, 775-3∼8, 775-10∼11, 775-13∼15, 775-17∼20, 775-25∼30, 775-32∼35, 775-38∼40, 775-43∼47, 775-49, 775-56"
오산시,대원1동,10통,5반,"원동 777-1∼5, 777-7, 777-9∼10, 777-12∼22, 777-24, 777-26∼34"
오산시,대원1동,11통,1반,"원동 765-1∼7, 765-9∼10, 765-16∼17, 765-19∼21, 765-23∼27"
오산시,대원1동,11통,2반,"원동 215-3, 274-1, 274-5∼9, 275-1, 276, 766-1∼8"
오산시,대원1동,11통,3반,"원동 769-1∼6, 769-9∼12, 769-14∼18"
오산시,대원1동,11통,4반,"원동 764-1∼8, 764-10∼11, 764-14, 764-17∼18"
오산시,대원1동,12통,1반,"원동 771-2∼7, 771-9, 771-11"
오산시,대원1동,12통,2반,"원동 772-1∼11, 772-13"
오산시,대원1동,12통,3반,원동 768-1 우경싸이트빌
오산시,대원1동,12통,4반,"원동 768-4∼9, 768-11∼18"
오산시,대원1동,12통,5반,"원동 279-3, 279-7, 280-2, 281-23, 282-2∼3, 282-8, 767-1∼5"
오산시,대원1동,13통,1반,"원동 771-1 영무파라드 101동 501∼2901호, 502∼2902호, 503∼2903호, 504∼2904호, 1∼4층 상가"
오산시,대원1동,13통,2반,"원동 771-1 영무파라드 102동 501∼2901호, 502∼2902호, 503∼2903호, 504∼2904호"
오산시,대원1동,13통,3반,"원동 771-1 영무파라드 103동 501∼2901호, 502∼2902호, 403∼2903호, 404∼2904호"
오산시,대원1동,13통,4반,"원동 771-1 영무파라드 104동 401∼2901호, 402∼2902호, 503∼2903호, 504∼2904호"
오산시,대원1동,14통,1반,"원동 779-1∼2, 779-7∼8, 779-18∼19"
오산시,대원1동,14통,2반,"원동 779-3∼6, 779-9∼11, 779-13∼16, 779-22"
오산시,대원1동,14통,3반,"원동 780-1, 780-3, 780-6, 780-8"
오산시,대원1동,14통,4반,"원동 781-1∼2, 781-4, 781-7, 781-11, 781-14∼16"
오산시,대원1동,14통,5반,"원동 781-3, 781-5∼6, 781-8∼10"
오산시,대원1동,14통,6반,"원동 782-1∼5, 782-12∼17, 782-19∼21"
오산시,대원1동,14통,7반,"원동 782-6∼11, 782-22∼23"
오산시,대원1동,14통,8반,"원동 783-1, 783-13∼14, 783-16∼18, 783-31, 783-33"
오산시,대원1동,14통,9반,"원동 783-2∼4, 783-11, 783-19, 783-29∼30"
오산시,대원1동,14통,10반,"원동 783-5, 783-8∼10, 783-15, 783-20∼24, 783-26∼27"
오산시,대원1동,15통,1반,"원동 784-1∼8, 784-10, 784-12∼14, 784-29∼31"
오산시,대원1동,15통,2반,"원동 784-16∼23, 784-25∼26"
오산시,대원1동,15통,3반,"원동 785-1(신안아파트 가,나동)"
오산시,대원1동,15통,4반,원동 785-1(신안연립 A∼B4동)
오산시,대원1동,15통,5반,원동 786-1(경일연립 가∼라동)
오산시,대원1동,15통,6반,"원동 785-2∼4, 785-6∼11"
오산시,대원1동,15통,7반,"원동 786-2∼3, 786-5, 786-7, 786-9∼10, 786-12, 786-28"
오산시,대원1동,15통,8반,"원동 786-14∼15, 786-17∼18, 786-20∼22, 786-31"
오산시,대원1동,16통,1반,"원동 788-1, 788-3∼5, 788-18"
오산시,대원1동,16통,2반,"원동 788-9∼12, 788-17"
오산시,대원1동,16통,3반,"원동 788-6, 788-8, 788-13, 788-15∼16"
오산시,대원1동,16통,4반,"원동 787-1∼3, 787-13∼14"
오산시,대원1동,16통,5반,"원동 787-4∼6, 787-10, 787-15, 787-17∼18, 787-20∼21"
오산시,대원1동,16통,6반,"원동 282-4, 296-2, 296-14∼15, 299-1, 789-1∼3, 789-6∼12, 789-15, 790-1, 790-4∼5, 790-8, 791-1"
오산시,대원1동,17통,1반,"원동 815-1 운암주공아파트 501동 101호∼1801호, 102호∼1802호"
오산시,대원1동,17통,2반,"원동 815-1 운암주공아파트 501동 103호∼1803호, 104호∼1804호"
오산시,대원1동,17통,3반,"원동 815-1 운암주공아파트 502동 101호∼2001호, 102호∼2002호"
오산시,대원1동,17통,4반,"원동 815-1 운암주공아파트 502동 103호∼2003호, 104호∼2004호"
오산시,대원1동,17통,5반,"원동 815-1 운암주공아파트 503동 101호∼1801호, 102호∼1802호"
오산시,대원1동,17통,6반,"원동 815-1 운암주공아파트 503동 103호∼1803호, 104호∼1804호"
오산시,대원1동,17통,7반,"원동 815-1 운암주공아파트 503동 105호∼1805호, 106호∼1806호"
오산시,대원1동,17통,8반,"원동 815-1 운암주공아파트 504동 101호∼1801호, 102호∼1802호"
오산시,대원1동,17통,9반,"원동 815-1 운암주공아파트 504동 203호∼1803호, 104호∼1804호"
오산시,대원1동,17통,10반,"원동 815-1 운암주공아파트 504동 105호∼1805호, 106호∼1806호"
오산시,대원1동,18통,1반,"원동 815-1 운암주공아파트 505동 101호∼2001호, 102호∼2002호"
오산시,대원1동,18통,2반,"원동 815-1 운암주공아파트 505동 103호∼2003호, 104호∼2004호"
오산시,대원1동,18통,3반,"원동 815-1 운암주공아파트 506동 101호∼2001호, 102호∼2002호"
오산시,대원1동,18통,4반,"원동 815-1 운암주공아파트 506동 103호∼2003호, 104호∼2004호"
오산시,대원1동,18통,5반,"원동 815-1 운암주공아파트 507동 101호∼2001호, 102호∼2002호"
오산시,대원1동,18통,6반,"원동 815-1 운암주공아파트 507동 103호∼2003호, 104호∼2004호"
오산시,대원1동,19통,1반,"원동 815-1 운암주공아파트 509동 101호∼2001호, 102호∼2002호"
오산시,대원1동,19통,2반,"원동 815-1 운암주공아파트 509동 103호∼2003호, 104호∼2004호"
오산시,대원1동,19통,3반,"원동 815-1 운암주공아파트 510동 101호∼1801호, 102호∼1802호"
오산시,대원1동,19통,4반,"원동 815-1 운암주공아파트 510동 203호∼1803호, 104호∼1804호"
오산시,대원1동,19통,5반,"원동 815-1 운암주공아파트 510동 105호∼1805호, 106호∼1806호"
오산시,대원1동,19통,6반,"원동 815-1 운암주공아파트 511동 101호∼1801호, 102호∼1802호"
오산시,대원1동,19통,7반,"원동 815-1 운암주공아파트 511동 103호∼1803호, 104호∼1804호"
오산시,대원1동,20통,1반,"원동 815-1 운암주공아파트 508동 101호∼2001호, 102호∼2002호"
오산시,대원1동,20통,2반,"원동 815-1 운암주공아파트 508동 103호∼2003호, 104호∼2004호"
오산시,대원1동,20통,3반,"원동 815-1 운암주공아파트 508동 105호∼2005호, 106호∼2006호"
오산시,대원1동,20통,4반,"원동 815-1 운암주공아파트 512동 101호∼2001호, 102호∼2002호"
오산시,대원1동,20통,5반,"원동 815-1 운암주공아파트 512동 103호∼2003호, 104호∼2004호"
오산시,대원1동,20통,6반,"원동 815-1 운암주공아파트 512동 105호∼2005호, 106호∼2006호"
오산시,대원1동,20통,7반,"원동 815-1 운암주공아파트 513동 101호∼2001호, 102호∼2002호"
오산시,대원1동,20통,8반,"원동 815-1 운암주공아파트 513동 103호∼2003호, 104호∼2004호"
오산시,대원1동,21통,1반,원동 815-4 운암주공아파트 601동 101호∼706호
오산시,대원1동,21통,2반,원동 815-4 운암주공아파트 601동 801호∼1506호
오산시,대원1동,21통,3반,원동 815-4 운암주공아파트 604동 101호∼906호
오산시,대원1동,21통,4반,원동 815-4 운암주공아파트 604동 1001호∼1806호
오산시,대원1동,21통,5반,원동 815-4 운암주공아파트 605동 101호∼906호
오산시,대원1동,21통,6반,원동 815-4 운암주공아파트 605동 1001호∼1806호
오산시,대원1동,22통,1반,원동 815-4 운암주공아파트 602동 101호∼509호
오산시,대원1동,22통,2반,원동 815-4 운암주공아파트 602동 601호∼1009호
오산시,대원1동,22통,3반,원동 815-4 운암주공아파트 602동 1101호∼1509호
오산시,대원1동,22통,4반,원동 815-4 운암주공아파트 603동 101호∼509호
오산시,대원1동,22통,5반,원동 815-4 운암주공아파트 603동 601호∼1009호
오산시,대원1동,22통,6반,원동 815-4 운암주공아파트 603동 1101호∼1509호
오산시,대원1동,23통,1반,원동 844 더피나클
오산시,대원1동,23통,2반,원동 347-8 퍼스트랜드
오산시,대원1동,23통,3반,"원동 345-10, 345-12, 346-11, 346-13, 347-6, 360-11"
오산시,대원1동,23통,4반,"원동 335-6, 349-7∼8, 350-10, 360-14, 841, 845"
오산시,대원1동,23통,5반,원동 335-10
오산시,대원1동,24통,1반,원동 360-15 유탑유블레스 1∼5층
오산시,대원1동,24통,2반,원동 360-15 유탑유블레스 6∼10층
오산시,대원1동,24통,3반,원동 360-15 유탑유블레스 11∼15층
오산시,대원1동,24통,4반,"원동 333-15∼16, 333-18, 333-23∼24, 333-25, 360-6, 360-8, 360-17, 360-19∼20, 373-1, 404-1, 404-8, 404-10∼11, 404-13∼17, 404-21"
오산시,대원1동,25통,1반,원동 888 오산역 e?편한세상 1단지 101동 101∼2601호
오산시,대원1동,25통,2반,원동 888 오산역 e?편한세상 1단지 101동 102∼2602호
오산시,대원1동,25통,3반,원동 888 오산역 e?편한세상 1단지 101동 103∼2203호
오산시,대원1동,25통,4반,"원동 888 오산역 e?편한세상 1단지 101동 104∼1704호, 105∼1705호"
오산시,대원1동,25통,5반,원동 888 오산역 e?편한세상 1단지 105동 301∼2901호
오산시,대원1동,25통,6반,원동 888 오산역 e?편한세상 1단지 105동 102∼2902호
오산시,대원1동,25통,7반,원동 888 오산역 e?편한세상 1단지 105동 103∼2903호
오산시,대원1동,25통,8반,"원동 888 오산역 e?편한세상 1단지 106동 301∼2001호, 102∼2002호"
오산시,대원1동,25통,9반,원동 888 오산역 e?편한세상 1단지 106동 103∼2003호
오산시,대원1동,26통,1반,원동 888오산역 e?편한세상 1단지 102동 101∼2601호
오산시,대원1동,26통,2반,원동 888 오산역 e?편한세상 1단지 102동 102∼2602호
오산시,대원1동,26통,3반,원동 888 오산역 e?편한세상 1단지 102동 103∼2203호
오산시,대원1동,26통,4반,"원동 888 오산역 e?편한세상 1단지 102동 104∼1704호, 105∼1705호"
오산시,대원1동,26통,5반,원동 888 오산역 e?편한세상 1단지 103동 101∼2501호
오산시,대원1동,26통,6반,원동 888 오산역 e?편한세상 1단지 103동 102∼2502호
오산시,대원1동,26통,7반,원동 888 오산역 e?편한세상 1단지 103동 103∼2103호
오산시,대원1동,26통,8반,"원동 888 오산역 e?편한세상 1단지 103동 104∼1704호, 105∼1705호"
오산시,대원1동,26통,9반,원동 888 오산역 e?편한세상 1단지 104동 301∼2401호
오산시,대원1동,26통,10반,원동 888 오산역 e?편한세상 1단지 104동 102∼2502호
오산시,대원1동,26통,11반,"원동 888 오산역 e?편한세상 1단지 104동 103∼2503호, 888-1 상가"
오산시,대원1동,27통,1반,원동 888 오산역 e?편한세상 1단지 107동 101∼2601호
오산시,대원1동,27통,2반,원동 888 오산역 e?편한세상 1단지 107동 302∼2602호
오산시,대원1동,27통,3반,원동 888 오산역 e?편한세상 1단지 108동 101∼2601호
오산시,대원1동,27통,4반,원동 888 오산역 e?편한세상 1단지 108동 302∼2602호
오산시,대원1동,27통,5반,"원동 888 오산역 e?편한세상 1단지 110동 101∼2001호, 102∼2002호"
오산시,대원1동,27통,6반,"원동 888 오산역 e?편한세상 1단지 112동 101∼1801호, 102∼1802호"
오산시,대원1동,27통,7반,"원동 888 오산역 e?편한세상 1단지 112동 103∼2103호, 104∼2104호"
오산시,대원1동,28통,1반,"원동 888 오산역 e?편한세상 1단지 109동 101∼2001호, 102∼2002호"
오산시,대원1동,28통,2반,원동 888 오산역 e?편한세상 1단지 109동 103∼2403호
오산시,대원1동,28통,3반,원동 888 오산역 e?편한세상 1단지 109동 304∼2404호
오산시,대원1동,28통,4반,"원동 888 오산역 e?편한세상 1단지 111동 201∼2301호, 202∼2302호"
오산시,대원1동,28통,5반,"원동 888 오산역 e?편한세상 1단지 111동 203∼2303호, 204∼2304호"
오산시,대원1동,28통,6반,"원동 888 오산역 e?편한세상 1단지 113동 101∼1901호, 102∼1902호"
오산시,대원1동,28통,7반,"원동 888 오산역 e?편한세상 1단지 113동 103∼2103호, 104∼2104호"
오산시,대원1동,29통,1반,"원동 900 오산역 e?편한세상 2단지 201동 101∼1901호, 102∼1902호"
오산시,대원1동,29통,2반,"원동 900 오산역 e?편한세상 2단지 201동 203∼1903호, 104∼1904호"
오산시,대원1동,29통,3반,"원동 900 오산역 e?편한세상 2단지 202동 101∼2101호, 102∼2102호"
오산시,대원1동,29통,4반,"원동 900 오산역 e?편한세상 2단지 202동 203∼1903호, 104∼1904호"
오산시,대원1동,29통,5반,원동 900 오산역 e?편한세상 2단지 206동 101∼2501호
오산시,대원1동,29통,6반,원동 900 오산역 e?편한세상 2단지 206동 102∼2502호
오산시,대원1동,29통,7반,원동 900 오산역 e?편한세상 2단지 207동 101∼2701호
오산시,대원1동,29통,8반,원동 900 오산역 e?편한세상 2단지 207동 102∼2702호
오산시,대원1동,29통,9반,원동 900 오산역 e?편한세상 2단지 207동 103∼2503호
오산시,대원1동,29통,10반,원동 900 오산역 e?편한세상 2단지 207동 104∼2504호
오산시,대원1동,30통,1반,"원동 900 오산역 e?편한세상 2단지 203동 101∼2001호, 102∼2002호"
오산시,대원1동,30통,2반,"원동 900 오산역 e?편한세상 2단지 203동 203∼1803호, 104∼1804호"
오산시,대원1동,30통,3반,"원동 900 오산역 e?편한세상 2단지 204동 101∼2001호, 102∼2002호"
오산시,대원1동,30통,4반,"원동 900 오산역 e?편한세상 2단지 204동 203∼1703호, 104∼1704호"
오산시,대원1동,30통,5반,원동 900 오산역 e?편한세상 2단지 205동 301∼2701호
오산시,대원1동,30통,6반,원동 900 오산역 e?편한세상 2단지 205동 102∼2702호
오산시,대원1동,30통,7반,원동 900 오산역 e?편한세상 2단지 205동 103∼2703호
오산시,대원1동,30통,8반,"원동 900 오산역 e?편한세상 2단지 205동 104∼2704호, 900-1 상가"
오산시,대원1동,31통,1반,원동 900 오산역 e?편한세상 2단지 208동 301∼2901호
오산시,대원1동,31통,2반,원동 900 오산역 e?편한세상 2단지 208동 102∼2902호
오산시,대원1동,31통,3반,원동 900 오산역 e?편한세상 2단지 208동 103∼2903호
오산시,대원1동,31통,4반,"원동 900 오산역 e?편한세상 2단지 217동 101∼1901호, 202∼1902호"
오산시,대원1동,31통,5반,원동 900 오산역 e?편한세상 2단지 217동 103∼2703호
오산시,대원1동,31통,6반,원동 900 오산역 e?편한세상 2단지 217동 104∼2704호
오산시,대원1동,31통,7반,"원동 900 오산역 e?편한세상 2단지 218동 201∼2101호, 202∼2102호"
오산시,대원1동,31통,8반,"원동 900 오산역 e?편한세상 2단지 218동 203∼2203호, 204∼2204호"
오산시,대원1동,32통,1반,원동 900 오산역 e?편한세상 2단지 209동 101∼2801호
오산시,대원1동,32통,2반,원동 900 오산역 e?편한세상 2단지 209동 102∼2202호
오산시,대원1동,32통,3반,원동 900 오산역 e?편한세상 2단지 209동 303∼2503호
오산시,대원1동,32통,4반,원동 900 오산역 e?편한세상 2단지 210동 101∼2201호
오산시,대원1동,32통,5반,원동 900 오산역 e?편한세상 2단지 210동 102∼2302호
오산시,대원1동,32통,6반,원동 900 오산역 e?편한세상 2단지 210동 303∼2703호
오산시,대원1동,32통,7반,"원동 900 오산역 e?편한세상 2단지 211동 201∼2101호, 202∼2102호"
오산시,대원1동,32통,8반,원동 900 오산역 e?편한세상 2단지 212동 101∼2901호
오산시,대원1동,32통,9반,원동 900 오산역 e?편한세상 2단지 212동 302∼2902호
오산시,대원1동,32통,10반,원동 900 오산역 e?편한세상 2단지 212동 103∼2903호
오산시,대원1동,33통,1반,원동 900 오산역 e?편한세상 2단지 213동 101∼2601호
오산시,대원1동,33통,2반,원동 900 오산역 e?편한세상 2단지 213동 102∼2602호
오산시,대원1동,33통,3반,"원동 900 오산역 e?편한세상 2단지 214동 101∼1401호, 102∼1402호"
오산시,대원1동,33통,4반,"원동 900 오산역 e?편한세상 2단지 215동 101∼1701호, 102∼1702호"
오산시,대원1동,33통,5반,원동 900 오산역 e?편한세상 2단지 215동 103∼2603호
오산시,대원1동,33통,6반,원동 900 오산역 e?편한세상 2단지 215동 104∼2604호
오산시,대원1동,33통,7반,원동 900 오산역 e?편한세상 2단지 216동 101∼2701호
오산시,대원1동,33통,8반,원동 900 오산역 e?편한세상 2단지 216동 102∼2702호
오산시,대원1동,33통,9반,원동 900 오산역 e?편한세상 2단지 216동 103∼2603호
오산시,대원1동,33통,10반,원동 900 오산역 e?편한세상 2단지 216동 104∼2604호
오산시,대원1동,34통,1반,원동 374-4 비전탑
오산시,대원1동,34통,2반,"원동 360-4, 372-1, 372-5, 373-4, 374-1, 374-5, 376-2∼3, 376-8∼10, 377-2, 377-6∼10, 377-12, 377-16∼19, 377-21, 377-23∼27, 378-1, 378-4, 387, 391-1, 392-1"
오산시,대원1동,34통,3반,원동 378-2 대남아파트
오산시,대원1동,34통,4반,"원동 379-11 우주마루 102동, 379-12 우주마루 101동"
오산시,대원1동,34통,5반,"원동 379-1 어반휴플러스,, 379-10 우주마루 103동"
오산시,대원1동,34통,6반,원동 377-5 명품하우스
오산시,대원1동,35통,1반,"원동 원동 555-1, 555-14, 555-16, 556-1, 556-3∼6, 557-1, 557-3, 557-10∼16, 558-5"
오산시,대원1동,35통,2반,"원동 555-3, 555-5, 556-2,556-9"
오산시,대원1동,35통,3반,"원동 553-1∼2, 554, 554-2∼4"
오산시,대원1동,35통,4반,"원동 379-2, 380-1, 548-1, 548-4, 548-7∼9, 549-2, 549-4, 549-7∼8, 550-3, 552-2, 552-57"
오산시,대원1동,35통,5반,"원동 546-1, 546-6, 547-1, 573-9∼10, 576-7∼8, 576-17, 576-23, 576-30, 577-1, 581-6, 584-1, 586, 590, 590-2, 653-26, 637-1"
오산시,대원1동,35통,6반,"원동 300-19, 300-27, 558-4, 558-6∼8, 558-11, 558-13, 560-2∼3, 560-6∼8, 560-15 ∼17, 560-19, 560-22∼27, 560-29∼32, 560-34∼35, 560-37∼39, 560-41∼43, 560-47, 560-57∼59, 560-64∼69, 560-72, 560-74, 560-78∼79, 560-80∼84, 560-91∼95, 561-7, 561-11"
오산시,대원1동,35통,7반,"원동 552-19∼23, 552-25∼34, 552-36∼40, 552-42∼48, 552-58"
오산시,대원1동,35통,8반,"원동 119-32, 119-34, 119-75, 119-80, 119-85∼87, 119-129, 119-137, 293-3∼4, 299-10, 299-32, 299-41, 300-8"
오산시,대원1동,35통,9반,"원동 119-30, 565-1, 565-3∼4, 565-10∼12, 565-14∼16, 565-21, 566, 566-4, 566-9∼12, 567"
오산시,대원1동,35통,10반,"원동 560-1, 560-70, 560-86, 561-1, 561-16∼19, 562-1, 562-4, 562-6, 562-11, 562-19∼20, 563, 563-4∼5"
오산시,대원1동,35통,11반,"원동 559-1, 559-9∼12"
오산시,대원1동,36통,1반,원동 299-8 주공아파트 201동
오산시,대원1동,36통,2반,원동 299-8 주공아파트 202동
오산시,대원1동,36통,3반,원동 299-8 주공아파트 203동
오산시,대원1동,36통,4반,원동 299-8 주공아파트 204동
오산시,대원1동,36통,5반,원동 299-8 주공아파트 205동
오산시,대원1동,36통,6반,원동 299-8 주공아파트 206동
오산시,대원1동,36통,7반,원동 299-8 주공아파트 207동
오산시,대원1동,36통,8반,원동 299-8 주공아파트 208동
오산시,대원1동,37통,1반,"원동 825 아느칸빌아파트 101동 201∼1401호, 202∼1402호"
오산시,대원1동,37통,2반,"원동 825 아느칸빌아파트 102동 101∼1601호, 102∼1602호"
오산시,대원1동,37통,3반,"원동 825 아느칸빌아파트 102동 103∼1903호, 204∼1904호"
오산시,대원1동,37통,4반,"원동 825 아느칸빌아파트 103동 101∼1801호, 102∼1802호"
오산시,대원1동,37통,5반,"원동 825 아느칸빌아파트 104동 101∼2001호, 102∼2002호"
오산시,대원1동,37통,6반,"원동 825 아느칸빌아파트 104동 103∼2003호, 104∼2004호"
오산시,대원1동,38통,1반,"원동 552-4 한주아파트 101동 101호∼1501호, 102∼1502호"
오산시,대원1동,38통,2반,"원동 552-4 한주아파트 101동 103호∼1503호, 104∼1504호"
오산시,대원1동,38통,3반,"원동 552-4 한주아파트 102동 101호∼1501호, 102∼1502호"
오산시,대원1동,38통,4반,"원동 552-4 한주아파트 102동 103호∼1503호, 104∼1504호"
오산시,대원1동,38통,5반,"원동 552-4 한주아파트 103동 101호∼1501호, 102∼1502호"
오산시,대원1동,38통,6반,"원동 552-4 한주아파트 103동 103호∼1503호, 104∼1504호"
오산시,대원1동,38통,7반,"원동 552-4 한주아파트 103동 105호∼1505호, 106∼1506호"
오산시,대원1동,38통,8반,"원동 552-4 한주아파트 105동 101호∼1501호, 102∼1502호"
오산시,대원1동,38통,9반,"원동 552-4 한주아파트 105동 103호∼1503호, 104∼1504호"
오산시,대원1동,38통,10반,"원동 552-4 한주아파트 105동 105호∼1505호, 106∼1506호"
오산시,대원1동,39통,1반,원동 563 태영아파트 101동
오산시,대원1동,39통,2반,원동 563 태영아파트 102동
오산시,대원1동,39통,3반,원동 563 태영아파트 103동 101호∼1703호
오산시,대원1동,39통,4반,원동 563 태영아파트 103동 105호∼1706호(1207)
오산시,대원1동,40통,1반,원동 563 태영아파트 104동 101호∼2003호
오산시,대원1동,40통,2반,원동 563 태영아파트 104동 105호∼2007호
오산시,대원1동,40통,3반,원동 563 태영아파트 105동 101호∼2003호
오산시,대원1동,40통,4반,원동 563 태영아파트 105동 105호∼2007호
오산시,대원1동,41통,1반,"원동 379-8, 380-15, 380-23, 380-27, 380-30∼31, 380-34, 380-36, 380-38∼41,, 380-43∼44, 380-48"
오산시,대원1동,41통,2반,"원동 382-2, 382-4, 382-10, 383-2, 384, 384-1∼2, 385, 386-1, 419-6, 420-1, 421, 421-3, 422-1, 423-1, 425-1, 439-6, 444-3, 444-6, 445-4, 446-3, 447-5, 507-1∼3, 507-5, 508, 508-1∼2, 508-4, 508-6 508-12, 509, 510-2, 510-4, 511, 512, 513-6, 514, 514-1, 514-3, 515-2, 515-5"
오산시,대원1동,41통,3반,"원동 477, 478-1, 494, 494-2, 498, 513, 513-2∼3, 513-16, 522, 524, 528-1, 528-5, 528-7, 529, 529-1, 806, 806-3∼5, 507-1, 807-4∼5"
오산시,대원1동,41통,4반,"원동 380-6, 381, 515-1, 515-3, 515-11, 520, 520-2, 520-7, 531-1, 531-6∼7, 541-3, 541-6∼7, 541-11, 541-20, 542-2, 543-1∼2, 544-1, 544-4∼5, 544-7∼11, 544-13, 544-16∼19, 544-21, 544-29, 544-35, 581-5"
오산시,대원1동,41통,5반,"원동 382-1, 382-8 희망주택"
오산시,대원1동,41통,6반,"원동 577-3, 578-4, 579, 580-5 다짐프라자"
오산시,대원1동,42통,1반,원동 497-1 미소지움아파트 101동
오산시,대원1동,42통,2반,원동 497-1 미소지움아파트 102동
오산시,대원1동,42통,3반,원동 497-1 미소지움아파트 103동
오산시,대원1동,43통,1반,"갈곶동 122-2, 129-1∼2, 129-6, 130-2, 130-6∼7, 130-8∼9, 130-10∼14, 131, 131-1, 126-17"
오산시,대원1동,43통,2반,"갈곶동 130, 130-1 골드타워"
오산시,대원1동,43통,3반,"갈곶동 133, 133-1, 133-2, 133-6, 133-9, 149, 149-1∼2"
오산시,대원1동,43통,4반,"갈곶동 169-2, 170, 171, 180, 180-1, 181-1, 181-4∼5, 181-14, 182, 183, 183-3, 183-5, 184, 184-1, 184-3, 184-5, 185, 186, 190-3, 192, 192-3, 197, 205, 205-13, 206, 206-4, 207, 77, 77-5∼7"
오산시,대원1동,43통,5반,"갈곶동 181, 181-6∼11"
오산시,대원1동,43통,6반,"갈곶동 104-1, 104-8, 106, 108-1, 112-7, 112-13, 112-16, 112-18, 112-20∼21, 112-24, 112-25∼26, 112-27∼28, 114, 126-4, 126-6∼10, 126-11∼12, 126-18, 127-1∼3, 128-1∼3, 132, 124-4"
오산시,대원1동,43통,7반,갈곶동 203 재경연립
오산시,대원1동,44통,1반,"갈곶동 175 화남아파트 101동 101호∼1701호, 102호∼1702호, 103호∼1703호"
오산시,대원1동,44통,2반,"갈곶동 175 화남아파트 101동 104호∼1704호, 105호∼1705호, 306호∼1306호"
오산시,대원1동,44통,3반,"갈곶동 175 화남아파트 102동 101호∼1701호, 102호∼1702호, 103호∼1703호, 104호∼1704호"
오산시,대원1동,44통,4반,"갈곶동 175 화남아파트 102동 105호∼1705호, 106호∼1706호, 107호∼1707호, 108호∼1708호"
오산시,대원1동,44통,5반,갈곶동 175 화남아파트 103동
오산시,대원1동,44통,6반,갈곶동 175 화남아파트 104동
오산시,대원1동,45통,1반,"갈곶동 713 KCC스위첸아파트 101동 101∼1601호, 102∼1702호"
오산시,대원1동,45통,2반,"갈곶동 713 KCC스위첸아파트 101동 103∼1803호, 104∼1804호"
오산시,대원1동,45통,3반,"갈곶동 713 KCC스위첸아파트 102동 101∼1001호, 202∼2002호"
오산시,대원1동,45통,4반,"갈곶동 713 KCC스위첸아파트 102동 103∼2003호, 104∼1404호"
오산시,대원1동,45통,5반,"갈곶동 713 KCC스위첸아파트 104동 201∼2101호, 104∼1604호"
오산시,대원1동,45통,6반,"갈곶동 713 KCC스위첸아파트 104동 102∼2002호, 103∼1803호"
오산시,대원1동,45통,7반,"갈곶동 713 KCC스위첸아파트 103동 101∼1601호, 102∼1502호"
오산시,대원1동,45통,8반,"갈곶동 713 KCC스위첸아파트 105동 201∼1601호, 102∼2002호, 상가"
오산시,대원1동,45통,9반,"갈곶동 713 KCC스위첸아파트 105동 103∼2003호, 104∼2004호"
오산시,대원1동,45통,10반,"갈곶동 713 KCC스위첸아파트 106동 101∼1501호, 102∼1502호"
오산시,대원1동,45통,11반,"갈곶동 713 KCC스위첸아파트 107동 201∼2101호, 104∼1304호"
오산시,대원1동,45통,12반,"갈곶동 713 KCC스위첸아파트 107동 102∼2002호, 103∼1303호"
오산시,대원1동,46통,1반,"갈곶동 704 한솔 솔파크 아파트 101동 101∼1801호, 102∼1802호"
오산시,대원1동,46통,2반,"갈곶동 704 한솔 솔파크 아파트 101동 103∼1803호, 104∼1804호"
오산시,대원1동,46통,3반,"갈곶동 704 한솔 솔파크 아파트 102동 101∼1701호, 202∼1702호"
오산시,대원1동,46통,4반,"갈곶동 704 한솔 솔파크 아파트 102동 103∼1803호, 104∼1804호"
오산시,대원1동,46통,5반,"갈곶동 704 한솔 솔파크 아파트 103동 101∼1801호, 102∼1802호"
오산시,대원1동,46통,6반,"갈곶동 704 한솔 솔파크 아파트 104동 101∼1701호, 202∼1702호"
오산시,대원1동,46통,7반,"갈곶동 704 한솔 솔파크 아파트 104동 103∼1803호, 104∼1804호, 상가"
오산시,대원1동,47통,1반,"갈곶동 704 한솔 솔파크 아파트 105동 101∼1601호, 202∼1602호"
오산시,대원1동,47통,2반,"갈곶동 704 한솔 솔파크 아파트 105동 103∼1803호, 204∼1804호"
오산시,대원1동,47통,3반,"갈곶동 704 한솔 솔파크 아파트 106동 201∼1801호, 102∼1802호"
오산시,대원1동,47통,4반,"갈곶동 704 한솔 솔파크 아파트 107동 201∼1701호, 302∼1702호"
오산시,대원1동,47통,5반,"갈곶동 704 한솔 솔파크 아파트 107동 303∼1803호, 304∼1804호"
오산시,대원1동,47통,6반,"갈곶동 704 한솔 솔파크 아파트 108동 201∼1701호, 102∼1702호"
오산시,대원1동,47통,7반,"갈곶동 704 한솔 솔파크 아파트 108동 103∼1703호, 204∼1704호"
오산시,대원1동,47통,8반,"갈곶동 704 한솔 솔파크 아파트 109동 101∼1801호, 202∼1802호"
오산시,대원1동,48통,1반,갈곶동 110-5 우방아파트 101동
오산시,대원1동,48통,2반,갈곶동 110-5 우방아파트 102동
오산시,대원1동,48통,3반,"갈곶동 110-5 우방아파트 103동 101호∼1901호, 102호∼1902호, 103호∼2003호"
오산시,대원1동,48통,4반,"갈곶동 110-5 우방아파트 103동 105호∼2005호, 106호∼2006호, 107호∼2007호"
오산시,대원1동,48통,5반,갈곶동 110-5 우방아파트 104동
오산시,대원1동,48통,6반,갈곶동 110-5 우방아파트 105동
오산시,대원1동,49통,1반,원동 805-1 청구아파트 101동
오산시,대원1동,49통,2반,원동 805-1 청구아파트 102동
오산시,대원1동,49통,3반,원동 805-1 청구아파트 103동
오산시,대원1동,49통,4반,원동 805-1 청구아파트 104동
오산시,대원1동,49통,5반,원동 805-1 청구아파트 105동
오산시,대원1동,50통,1반,원동 805-2 두산아파트 101동
오산시,대원1동,50통,2반,원동 805-2 두산아파트 102동
오산시,대원1동,50통,3반,원동 805-2 두산아파트 103동
오산시,대원1동,50통,4반,원동 805-2 두산아파트 104동
오산시,대원1동,51통,1반,원동 805-2 동아아파트 105동
오산시,대원1동,51통,2반,원동 805-2 동아아파트 106동
오산시,대원1동,51통,3반,원동 805-2 동아아파트 107동
오산시,대원1동,51통,4반,원동 805-2 동아아파트 108동
오산시,대원1동,52통,1반,원동 807 동부아파트 101동
오산시,대원1동,52통,2반,원동 807 동부아파트 102동
오산시,대원1동,52통,3반,원동 807 동부아파트 103동
오산시,대원1동,52통,4반,원동 807 동부아파트 104동
오산시,대원1동,53통,1반,원동 807 동부아파트 105동
오산시,대원1동,53통,2반,원동 807 동부아파트 106동
오산시,대원1동,53통,3반,원동 807 동부아파트 107동
오산시,대원1동,53통,4반,원동 807 동부아파트 108동
오산시,대원1동,54통,1반,원동 807 삼환아파트 109동
오산시,대원1동,54통,2반,원동 807 삼환아파트 110동
오산시,대원1동,54통,3반,원동 807 삼환아파트 111동
오산시,대원1동,54통,4반,원동 807 삼환아파트 112동
오산시,대원1동,55통,1반,원동 807 삼환아파트 113동
오산시,대원1동,55통,2반,원동 807 삼환아파트 114동
오산시,대원1동,55통,3반,원동 807 삼환아파트 115동
오산시,대원1동,55통,4반,원동 807 삼환아파트 116동
오산시,대원1동,56통,1반,"갈곶동 126-21, 126-23, 126-25, 150-2, 150-5∼6, 151, 151-1, 152-9, 153, 153-2∼3, 153-5, 154, 154-1, 155-1, 155-4∼5, 155-7∼8, 155-10, 156, 157-2, 158"
오산시,대원1동,56통,2반,"갈곶동 62, 162-1∼4, 162-6∼7"
오산시,대원1동,56통,3반,"갈곶동 59, 159-1∼4, 159-8∼15, 159-18∼19, 159-21∼23, 159-29, 159-37"
오산시,대원1동,56통,4반,"갈곶동 160, 160-1∼3, 161, 270, 270-1, 270-4∼5, 270-7∼9, 270-25, 272-1, 273-1, 273-5∼6, 273-19, 276"
오산시,대원1동,56통,5반,"갈곶동 273, 273-16, 270-10, 270-29 좋은빌"
오산시,대원1동,57통,1반,"원동 901 힐스테이트아파트 101동 201∼1901호, 202∼1902호"
오산시,대원1동,57통,2반,"원동 901 힐스테이트아파트 101동 203∼1903호, 204∼1904호"
오산시,대원1동,57통,3반,"원동 901 힐스테이트아파트 102동 101∼1901호, 102∼1902호"
오산시,대원1동,57통,4반,"원동 901 힐스테이트아파트 102동 103∼1903호, 104∼1904호"
오산시,대원1동,57통,5반,"원동 901 힐스테이트아파트 103동 201∼1801호, 202∼1802호"
오산시,대원1동,57통,6반,"원동 901 힐스테이트아파트 103동 203∼1803호, 204∼1804호,상가"
오산시,대원1동,58통,1반,"원동 901 힐스테이트아파트 104동 201∼1901호, 102∼1902호"
오산시,대원1동,58통,2반,"원동 901 힐스테이트아파트 104동 103∼1903호, 204∼1904호"
오산시,대원1동,58통,3반,"원동 901 힐스테이트아파트 105동 201∼1901호, 202∼1902호"
오산시,대원1동,58통,4반,"원동 901 힐스테이트아파트 105동 203∼1903호, 204∼1904호"
오산시,대원1동,58통,5반,"원동 901 힐스테이트아파트 106동 201∼1901호, 202∼1802호"
오산시,대원1동,58통,6반,"원동 901 힐스테이트아파트 106동 203∼1903호, 204∼1904호"
오산시,대원1동,59통,1반,갈곶동 251 우림아파트 101동 101호∼515호
오산시,대원1동,59통,2반,갈곶동 251 우림아파트 101동 601호∼1015호
오산시,대원1동,59통,3반,갈곶동 251 우림아파트 101동 1101호∼1515호
오산시,대원1동,59통,4반,갈곶동 251 우림아파트 101동 1601호∼2015호
오산시,대원1동,60통,1반,갈곶동 251 우림아파트 102동 101호∼1007호
오산시,대원1동,60통,2반,갈곶동 251 우림아파트 102동 1101호∼2007호
오산시,대원1동,60통,3반,갈곶동 251 우림아파트 103동 101호∼709호
오산시,대원1동,60통,4반,갈곶동 251 우림아파트 103동 801호∼1409호
오산시,대원1동,60통,5반,갈곶동 251 우림아파트 103동 1501호∼2009호
오산시,대원1동,61통,1반,갈곶동 251 우림아파트 104동 101호∼1008호
오산시,대원1동,61통,2반,갈곶동 251 우림아파트 104동 1101호∼2008호
오산시,대원1동,61통,3반,갈곶동 251 우림아파트 105동 101호∼1007호
오산시,대원1동,61통,4반,갈곶동 251 우림아파트 105동 1101호∼2007호
오산시,대원1동,62통,1반,"갈곶동 715 오산피오레아파트 101동 101∼1501호, 102∼1502호"
오산시,대원1동,62통,2반,"갈곶동 715 오산피오레아파트 101동 103∼1403호, 105∼1405호"
오산시,대원1동,62통,3반,"갈곶동 715 오산피오레아파트 102동 101∼1501호, 102∼1502호"
오산시,대원1동,62통,4반,"갈곶동 715 오산피오레아파트 102동 103∼1203호, 105∼1205호"
오산시,대원1동,62통,5반,"갈곶동 715 오산피오레아파트 103동 101∼1501호, 102∼1502호"
오산시,대원1동,62통,6반,"갈곶동 715 오산피오레아파트 103동 103∼1403호, 105∼1405호"
오산시,대원1동,62통,7반,"갈곶동 715 오산피오레아파트 104동 201∼1401호, 202∼1402호"
오산시,대원1동,62통,8반,"갈곶동 715 오산피오레아파트 104동 103∼1503호, 105∼1505호, 상가"
오산시,대원1동,63통,1반,"갈곶동 163-1∼2, 164, 164-1∼2, 164-4, 165-3, 167-2, 167-4, 168-1, 168-8, 211-5∼6, 211-14, 212, 212-2∼4"
오산시,대원1동,63통,2반,"갈곶동 214, 215, 215-1∼3, 216-1∼2, 216-4∼6, 217, 217-2, 217-4∼5, 217-7, 217-9∼12"
오산시,대원1동,63통,3반,"갈곶동 223-3, 226-1, 229, 234, 235, 235-1∼2, 235-4, 238, 239-3, 240, 244-4, 245, 245-1, 254, 254-3, 256, 258, 259, 285, 292-1, 292-3, 292-10, 295, 296-1, 298, 298-3, 301, 302, 302-5, 302-23, 304, 308, 314, 324, 330, 330-2, 331, 332, 333, 334, 336, 338, 344 고현동 2, 3"
오산시,대원1동,63통,4반,"갈곶동 236, 236-1, 236-8 우송힐스타운"
오산시,대원1동,63통,5반,갈곶동 291-9∼13
오산시,대원1동,63통,6반,"갈곶동 291-15, 291-18, 292-31∼35"
오산시,대원1동,63통,7반,"갈곶동 317-2∼5, 317-7∼8, 317-10∼11, 317-15∼16, 317-23, 317-25, 317-28"
오산시,대원1동,63통,8반,"갈곶동 268-5∼6, 269, 269-3 제일연립 등"
오산시,대원1동,64통,1반,"갈곶동 168, 168-1∼168-9, 211 원영아파트 101동"
오산시,대원1동,64통,2반,갈곶동 211-8 장미연립
오산시,대원1동,64통,3반,갈곶동 218 태양연립
오산시,대원1동,64통,4반,갈곶동 211 원영아파트 102동
오산시,대원1동,64통,5반,갈곶동 211 원영아파트 103동
오산시,대원1동,65통,1반,"갈곶동 220 동부아파트 101동 101∼1701호, 102∼1702호, 220-14 상가"
오산시,대원1동,65통,2반,"갈곶동 220 동부아파트 101동 103∼1703호, 104∼1704호"
오산시,대원1동,65통,3반,"갈곶동 220 동부아파트 101동 105∼1705호, 106∼1706호"
오산시,대원1동,65통,4반,"갈곶동 220 동부아파트 102동 101∼1901호, 102∼1902호"
오산시,대원1동,65통,5반,"갈곶동 220 동부아파트 102동 103∼1903호, 104∼1904호"
오산시,대원1동,65통,6반,"갈곶동 220 동부아파트 102동 105∼1905호, 106∼1906호"
오산시,대원1동,65통,7반,"갈곶동 220 동부아파트 103동 101∼1701호, 102∼1702호"
오산시,대원1동,65통,8반,"갈곶동 220 동부아파트 103동 103∼1703호, 104∼1704호"
오산시,대원1동,65통,9반,"갈곶동 220 동부아파트 103동 105∼1705호, 106∼1606호"
오산시,대원1동,65통,10반,"갈곶동 220 동부아파트 104동 101∼1901호, 102∼1902호"
오산시,대원1동,65통,11반,"갈곶동 220 동부아파트 104동 103∼1903호, 104∼1904호"
오산시,대원1동,65통,12반,"갈곶동 220 동부아파트 104동 105∼1905호, 106∼1906호"
오산시,대원1동,66통,1반,"갈곶동 220 동부아파트 105동 101∼2001호, 102∼2002호"
오산시,대원1동,66통,2반,"갈곶동 220 동부아파트 105동 103∼2003호, 104∼2004호"
오산시,대원1동,66통,3반,"갈곶동 220 동부아파트 106동 101∼1501호, 102∼1502호"
오산시,대원1동,66통,4반,"갈곶동 220 동부아파트 106동 103∼1503호, 104∼1504호"
오산시,대원1동,66통,5반,"갈곶동 220 동부아파트 107동 101∼1501호, 102∼1502호"
오산시,대원1동,66통,6반,"갈곶동 220 동부아파트 107동 103∼1503호, 104∼1504호"
오산시,대원1동,66통,7반,"갈곶동 220 동부아파트 108동 101∼1501호, 102∼1502호"
오산시,대원1동,66통,8반,"갈곶동 220 동부아파트 108동 103∼1503호, 104∼1504호"
오산시,대원1동,66통,9반,"갈곶동 220 동부아파트 108동 105∼1505호, 106∼1506호"
오산시,대원1동,66통,10반,"갈곶동 220 동부아파트 108동 107∼1507호, 108∼1508호"
오산시,대원1동,67통,1반,갈곶동 235-3 힐스테이트오산더퍼스트 101동
오산시,대원1동,67통,2반,"갈곶동 235-3 힐스테이트오산더퍼스트 102동 101∼2801호, 202∼2802호"
오산시,대원1동,67통,3반,"갈곶동 235-3 힐스테이트오산더퍼스트 102동 203∼2703호, 104∼2704호, 105∼2705호"
오산시,대원1동,67통,4반,"갈곶동 235-3 힐스테이트오산더퍼스트 103동 201∼2701호, 202∼2702호"
오산시,대원1동,67통,5반,"갈곶동 235-3 힐스테이트오산더퍼스트 103동 203∼2703호, 204∼2704호"
오산시,대원1동,68통,1반,"갈곶동 235-3 힐스테이트오산더퍼스트 104동 201∼2701호, 102∼2702호"
오산시,대원1동,68통,2반,"갈곶동 235-3 힐스테이트오산더퍼스트 104동 103∼2403호, 104∼2404호"
오산시,대원1동,68통,3반,"갈곶동 235-3 힐스테이트오산더퍼스트 105동 201∼2901호, 102∼2902호"
오산시,대원1동,68통,4반,"갈곶동 235-3 힐스테이트오산더퍼스트 105동 103∼2903호, 204∼2904호"
오산시,대원1동,68통,5반,"갈곶동 235-3 힐스테이트오산더퍼스트 106동 101∼2301호, 202∼2302호"
오산시,대원1동,68통,6반,"갈곶동 235-3 힐스테이트오산더퍼스트 106동 203∼2303호, 104∼2304호, 105∼2305호"
오산시,대원1동,69통,1반,"갈곶동 235-3 힐스테이트오산더퍼스트 107동 201∼2901호, 102∼2902호"
오산시,대원1동,69통,2반,"갈곶동 235-3 힐스테이트오산더퍼스트 107동 103∼2903호, 104∼2904호"
오산시,대원1동,69통,3반,"갈곶동 235-3 힐스테이트오산더퍼스트 108동 101∼1801호, 102∼2002호"
오산시,대원1동,69통,4반,"갈곶동 235-3 힐스테이트오산더퍼스트 108동 103∼2303호, 204∼2304호"
오산시,대원1동,69통,5반,"갈곶동 235-3 힐스테이트오산더퍼스트 109동 101∼2801호, 102∼2802호"
오산시,대원1동,69통,6반,"갈곶동 235-3 힐스테이트오산더퍼스트 109동 103∼2803호, 104∼2804호"
오산시,대원2동,1통,1반,"원 동 1-6, 3-1, 14, 14-1∼2, 14-5, 15, 19, 22-1∼2, 23-1∼2, 23-5, 24, 28, 30-4"
오산시,대원2동,1통,2반,"원 동 31-1∼2, 33-1∼2, 38, 45-2∼3, 46-2, 46-4, 50, 50-1, 51-1∼2, 52-2, 62-1∼4, 62-6, 62-8, 63, 63-1∼4"
오산시,대원2동,1통,3반,"원 동 47-1∼2, 48, 49, 65, 66, 67-3∼4, 69∼73, 79-3, 88-5∼6, 88-10, 90-7∼8, 90-10, 91-1∼2, 91-4∼5, 92-1∼2, 92-4, 120-5, 121-1, 121-5, 121-9, 121-12, 121-14∼15, 124-1, 124-3, 124-5, 137-3, 138-3"
오산시,대원2동,1통,4반,"원 동 10-6, 13-1, 13-12, 55-1, 55-3, 56, 57, 58-1, 58-4∼7, 58-9, 58-11, 58-13, 59, 59-1∼2, 60-1, 60-3∼5, 60-7, 60-14, 60-16, 60-18, 60-20, 60-22, 60-25, 60-30∼31, 60-33, 60-42"
오산시,대원2동,1통,5반,"부산동 638-1, 639-1, 640-2, 641-2, 641-4∼6, 641-10, 641-12, 642-2, 643, 643-2∼5, 643-7, 643-9, 44-3, 산30-4, 산32-1"
오산시,대원2동,2통,1반,"원동 30 대원아파트 101동 101∼1501호, 102∼1502호"
오산시,대원2동,2통,2반,"원동 30 대원아파트 101동 103∼1503호, 104∼1504호"
오산시,대원2동,2통,3반,"원동 30 대원아파트 102동 101∼1501호, 102∼1502호"
오산시,대원2동,2통,4반,"원동 30 대원아파트 102동 103∼1503호, 104∼1504호"
오산시,대원2동,2통,5반,"원동 30 대원아파트 102동 105∼1405호, 106∼1306호"
오산시,대원2동,2통,6반,"원동 30 대원아파트 103동 101∼1501호, 102∼1502호"
오산시,대원2동,2통,7반,"원동 30 대원아파트 103동 103∼1503호, 104∼1504호"
오산시,대원2동,2통,8반,"원동 30 대원아파트 103동 105∼1505호, 106∼1506호"
오산시,대원2동,3통,1반,"원동 30 대원아파트 104동 101∼1501호, 102∼1502호"
오산시,대원2동,3통,2반,"원동 30 대원아파트 104동 103∼1503호, 104∼1504호"
오산시,대원2동,3통,3반,"원동 30 대원아파트 104동 105∼1505호, 106∼1506호"
오산시,대원2동,3통,4반,"원동 30 대원아파트 105동 101∼1501호, 102∼1502호"
오산시,대원2동,3통,5반,"원동 30 대원아파트 105동 103∼1503호, 104∼1504호"
오산시,대원2동,3통,6반,"원동 30 대원아파트 105동 105∼1505호, 106∼1506호"
오산시,대원2동,3통,7반,"원동 30 대원아파트 105동 107∼1507호, 108∼1508호"
오산시,대원2동,3통,8반,"원동 30 대원아파트 106동 101∼1501호, 102∼1502호"
오산시,대원2동,3통,9반,"원동 30 대원아파트 106동 103∼1503호, 104∼1504호"
오산시,대원2동,3통,10반,"원동 30 대원아파트 106동 105∼1505호, 106∼1506호"
오산시,대원2동,3통,11반,"원동 30 대원아파트 106동 107∼1507호, 108∼1508호"
오산시,대원2동,4통,1반,"원동 30 대원아파트 107동 101∼1501호, 102∼1502호"
오산시,대원2동,4통,2반,"원동 30 대원아파트 107동 103∼1503호, 104∼1504호"
오산시,대원2동,4통,3반,"원동 30 대원아파트 107동 105∼1505호, 106∼1506호"
오산시,대원2동,4통,4반,"원동 30 대원아파트 107동 107∼1507호, 108∼1508호"
오산시,대원2동,4통,5반,"원동 30 대원아파트 108동 101∼1501호, 102∼1502호"
오산시,대원2동,4통,6반,"원동 30 대원아파트 108동 103∼1503호, 104∼1504호"
오산시,대원2동,4통,7반,"원동 30 대원아파트 108동 105∼1505호, 106∼1506호"
오산시,대원2동,4통,8반,"원동 30 대원아파트 109동 101∼1501호, 102∼1502호"
오산시,대원2동,4통,9반,"원동 30 대원아파트 109동 103∼1503호, 104∼1504호"
오산시,대원2동,4통,10반,"원동 30 대원아파트 109동 105∼1505호, 106∼1506호"
오산시,대원2동,4통,11반,"원동 30 대원아파트 109동 107∼1507호, 108∼1508호"
오산시,대원2동,5통,1반,원동 907 한양수자인 아파트 101동
오산시,대원2동,5통,2반,"원동 907 한양수자인 아파트 102동, 상가"
오산시,대원2동,6통,1반,원동 907 한양수자인 아파트 103동
오산시,대원2동,6통,2반,원동 907 한양수자인 아파트 104동
오산시,대원2동,7통,1반,"원동 650, 653-9, 655-6, 655-13∼14, 655-16∼19, 655-30∼33, 655-37, 655-39∼43"
오산시,대원2동,7통,2반,"원동 624-4, 625-1, 626-2"
오산시,대원2동,7통,3반,"원동 644, 644-7, 645-1, 646-1∼4, 647-2∼4, 647-6∼9, 649-1∼3"
오산시,대원2동,7통,4반,"원동 605, 607-1∼2, 639-13, 639-15, 639-33, 641-3∼4, 641-6, 641-8"
오산시,대원2동,7통,5반,"원동 98-6, 114-10, 118-3, 119-6, 119-10∼11, 119-20, 535, 535-2∼3, 535-9∼10, 536-3∼4, 538-4, 539-2, 539-5, 540-6, 541, 541-3, 541-6∼7, 567-2, 568-3, 569, 569-3, 570-1, 570-3, 571, 614-1∼2, 615-1, 617, 617-2, 620, 621, 621-6, 621-17, 621-19, 622-7, 623-2, 623-12, 623-23"
오산시,대원2동,8통,1반,"원동 826-1 대우푸르지오아파트 101동 101호∼1501호, 102호∼1502호,, 826-2 상가"
오산시,대원2동,8통,2반,"원동 826-1 대우푸르지오아파트 101동 103호∼1503호, 104호∼1504호"
오산시,대원2동,8통,3반,"원동 826-1 대우푸르지오아파트 101동 105호∼1505호, 106호∼1506호"
오산시,대원2동,8통,4반,"원동 826-1 대우푸르지오아파트 102동 201호∼1501호, 102호∼1502호"
오산시,대원2동,8통,5반,"원동 826-1 대우푸르지오아파트 102동 103호∼1503호, 104호∼1504호"
오산시,대원2동,8통,6반,"원동 826-1 대우푸르지오아파트 103동 101호∼1501호, 102호∼1502호"
오산시,대원2동,8통,7반,"원동 826-1 대우푸르지오아파트 103동 103호∼1503호, 104호∼1504호"
오산시,대원2동,8통,8반,"원동 826-1 대우푸르지오아파트 103동 105호∼1505호, 106호∼1506호"
오산시,대원2동,8통,9반,"원동 826-1 대우푸르지오아파트 104동 101호∼1501호, 102호∼1502호"
오산시,대원2동,8통,10반,"원동 826-1 대우푸르지오아파트 104동 103호∼1503호, 104호∼1504호"
오산시,대원2동,9통,1반,"원동 826-1 대우푸르지오아파트 105동 101호∼1501호, 102호∼1502호"
오산시,대원2동,9통,2반,"원동 826-1 대우푸르지오아파트 105동 103호∼1503호, 104호∼1504호"
오산시,대원2동,9통,3반,"원동 826-1 대우푸르지오아파트 106동 101호∼1501호, 102호∼1502호"
오산시,대원2동,9통,4반,"원동 826-1 대우푸르지오아파트 106동 103호∼1503호, 104호∼1504호"
오산시,대원2동,9통,5반,"원동 826-1 대우푸르지오아파트 107동 101호∼1501호, 102호∼1502호"
오산시,대원2동,9통,6반,"원동 826-1 대우푸르지오아파트 107동 103호∼1503호, 104호∼1504호"
오산시,대원2동,9통,7반,"원동 826-1 대우푸르지오아파트 108동 101호∼1501호, 102호∼1502호"
오산시,대원2동,9통,8반,"원동 826-1 대우푸르지오아파트 108동 103호∼1503호, 104호∼1504호"
오산시,대원2동,10통,1반,"원동 826-1 대우푸르지오아파트 109동 101호∼1501호, 102호∼1502호"
오산시,대원2동,10통,2반,"원동 826-1 대우푸르지오아파트 109동 103호∼1503호, 104호∼1504호"
오산시,대원2동,10통,3반,"원동 826-1 대우푸르지오아파트 109동 105호∼1505호, 106호∼1506호"
오산시,대원2동,10통,4반,"원동 826-1 대우푸르지오아파트 110동 101호∼1501호, 102호∼1502호"
오산시,대원2동,10통,5반,"원동 826-1 대우푸르지오아파트 110동 103호∼1503호, 104호∼1504호"
오산시,대원2동,10통,6반,"원동 826-1 대우푸르지오아파트 110동 105호∼1505호, 106호∼1506호"
오산시,대원2동,10통,7반,"원동 826-1 대우푸르지오아파트 111동 101호∼1501호, 102호∼1502호"
오산시,대원2동,10통,8반,"원동 826-1 대우푸르지오아파트 111동 103호∼1503호, 104호∼1504호"
오산시,대원2동,10통,9반,"원동 826-1 대우푸르지오아파트 112동 101호∼1501호, 102호∼1502호"
오산시,대원2동,10통,10반,"원동 826-1 대우푸르지오아파트 112동 103호∼1503호, 104호∼1504호"
오산시,대원2동,11통,1반,"원동 697-12, 701, 701-2, 703-19∼20, 703-24, 703-26, 733-2"
오산시,대원2동,11통,2반,"원동 698-1, 704-1, 704-14∼15, 704-18, 704-22, 704-45, 704-6, 707-14, 714, 715-8, 716 "
오산시,대원2동,11통,3반,"원동 658-16, 674, 676, 676-2, 678-4, 679-10∼18, 679-30∼33, 680, 681-1, 681-11∼14, 681-3∼4, 691-6∼9, 682-5, 682-8∼9"
오산시,대원2동,11통,4반,"원동 659-1, 669-2∼3, 669-14∼15, 670-3, 705-8, 710-4, 718, 718-3∼4, 718-9, 718-11, 718-14, 718-17, 721-1, 722, 724-1, 725, 725-1∼2, 산42-1"
오산시,대원2동,12통,1반,"고현동 23∼28, 30, 31, 37-1∼5, 93∼98"
오산시,대원2동,12통,2반,"고현동 29, 29-1∼7 성한빌라, 남광빌라, 둔전빌라"
오산시,대원2동,12통,3반,"고현동 30-1, 31-1∼10, 32, 32-1∼2, 33∼35, 35-1, 36, 36-1"
오산시,대원2동,12통,4반,"고현동 55, 55-1∼2, 58, 58-1∼20, 59, 59-1∼31"
오산시,대원2동,12통,5반,"고현동 61-2. 62-1, 64, 64-1∼13, 66, 66-1∼5, 67, 67-1, 68, 68-1, 68-4, 69, 69-1, 69-3∼5, 70, 70-4, 71, 73-1, 73-9, 73-17, 92"
오산시,대원2동,13통,1반,고현동 37 오산빌리지 가동
오산시,대원2동,13통,2반,고현동 37 오산빌리지 나동
오산시,대원2동,13통,3반,고현동 37 오산빌리지 다동
오산시,대원2동,13통,4반,고현동 37 오산빌리지 라동
오산시,대원2동,13통,5반,고현동 37 오산빌리지 마ㆍ바동
오산시,대원2동,14통,1반,"고현동 116, 123, 123-1, 123-3, 123-7∼10, 124, 127∼130, 130-1∼2, 130-4, 131, 131-2, 132 152, 152-1, 154∼156, 158, 158-1, 159, 159-1"
오산시,대원2동,14통,2반,"고현동 160-1, 164-2, 166∼168, 168-1∼2, 169, 169-1, 170, 172, 173-2, 174, 174-2∼4, 174- 7, 178, 181-3∼6, 182, 182-2, 182-4∼7, 184, 188, 188-4, 188-7, 189, 190, 190-8, 191, 191-5, 산12-2"
오산시,대원2동,15통,1반,"청호동 4, 4-6, 37-2, 39, 39-1, 40-1∼2, 42-3, 48, 49, 49-3, 50, 80, 91, "
오산시,대원2동,15통,2반,"고현동 1, 1-1∼2, 7-4, 7-8∼9, 12, 12-3, 12-5∼19, 17, 20-3∼11, 21, 22-1, 22-5∼6, 22-10, 40, 41, 43, 43-3, 46, 49-1∼2, 50-2∼6, 50-8, 51-1∼2, 52, 86 갈곶동 332-2, 342, 343-2, 347∼349, 349-1∼2, 350, 350-1, 356-1, 358-1∼2, 364-2, 368-1, 370, 372, 373"
오산시,대원2동,15통,3반,"고현동 17, 17-1, 17-4, 17-9∼11"
오산시,대원2동,15통,4반,고현동 17-12∼15
오산시,대원2동,15통,5반,"고현동 50-10, 50-12∼14, 52-5 고현빌"
오산시,대원2동,16통,1반,"고현동 270 I'PARK아파트 상가, 101동 301∼1201호, 102∼1202호, 110동 101∼1301호, 302∼1502호, 103∼1303호, 104∼1504호, 305∼1505호, 106∼1506호"
오산시,대원2동,16통,2반,"고현동 270 I'PARK아파트 102동 101∼1301호, 102∼1302호, 103∼1403호, 104∼1404호, 103동 101∼1101호, 102∼1102호, 103∼1103호, 104∼1104호"
오산시,대원2동,16통,3반,"고현동 270 I'PARK아파트 111동 101∼1501호, 302∼1502호, 103∼1503호, 104∼1504호, 305∼1505호, 106∼1506호, 112동 101∼1301호, 102∼1302호, 103∼1103호, 104∼1104호"
오산시,대원2동,17통,1반,"고현동 270 I'PARK아파트 104동 101∼1301호, 102∼1302호 103∼1303호, 104∼1304호, 105동 101∼1301호, 102∼1302호, 103∼1203호, 104∼1204호, 105∼1305호"
오산시,대원2동,17통,2반,"고현동 270 I'PARK아파트 106동 101∼1501호, 102∼1502호, 103∼1303호, 104∼1304호, 305∼1505호, 107동 101∼1501호, 302∼1502호"
오산시,대원2동,17통,3반,"고현동 270 I'PARK아파트 108동 101∼1501호, 302∼1502호, 303∼1203호, 104∼1204호, 109동 101∼1201호, 302∼1202호, 303∼1203호, 104∼1204호"
오산시,대원2동,18통,1반,"청호동 321 자이아파트 101동 201∼1501호, 102∼1502호"
오산시,대원2동,18통,2반,"청호동 321 자이아파트 101동 103∼1503호, 104∼1204호"
오산시,대원2동,18통,3반,"청호동 321 자이아파트 102동 101∼2001호, 102∼2002호"
오산시,대원2동,18통,4반,"청호동 321 자이아파트 102동 103∼2003호, 104∼2004호"
오산시,대원2동,18통,5반,"청호동 321 자이아파트 102동 105∼2005호, 206∼2006호"
오산시,대원2동,18통,6반,"청호동 321 자이아파트 105동 201∼2001호, 102∼2002호"
오산시,대원2동,18통,7반,"청호동 321 자이아파트 105동 103∼2003호, 104∼2004호"
오산시,대원2동,18통,8반,"청호동 321 자이아파트 105동 105∼2005호, 106∼2006호"
오산시,대원2동,18통,9반,"청호동 321 자이아파트 106동 101∼1501호, 102∼1502호"
오산시,대원2동,18통,10반,"청호동 321 자이아파트 106동 103∼1503호, 104∼1204호, 322 상가"
오산시,대원2동,19통,1반,"청호동 321 자이아파트 103동 101∼1501호, 102∼1502호"
오산시,대원2동,19통,2반,"청호동 321 자이아파트 103동 103∼1503호, 104∼1504호"
오산시,대원2동,19통,3반,"청호동 321 자이아파트 103동 105∼1505호, 206∼1506호"
오산시,대원2동,19통,4반,"청호동 321 자이아파트 104동 101∼1501호, 102∼1502호"
오산시,대원2동,19통,5반,"청호동 321 자이아파트 104동 103∼1503호, 104∼1504호"
오산시,대원2동,19통,6반,"청호동 321 자이아파트 104동 105∼1505호, 206∼1506호"
오산시,대원2동,19통,7반,"청호동 321 자이아파트 110동 101∼1501호, 102∼1502호"
오산시,대원2동,19통,8반,"청호동 321 자이아파트 110동 103∼1503호, 204∼1504호"
오산시,대원2동,19통,9반,"청호동 321 자이아파트 111동 101∼1201호, 102∼1502호"
오산시,대원2동,19통,10반,"청호동 321 자이아파트 111동 103∼1503호, 104∼1504호"
오산시,대원2동,19통,11반,"청호동 321 자이아파트 112동 101∼1501호, 102∼1502호"
오산시,대원2동,19통,12반,"청호동 321 자이아파트 112동 103∼1503호, 204∼1504호"
오산시,대원2동,20통,1반,"청호동 321 자이아파트 107동 101∼1501호, 102∼1502호"
오산시,대원2동,20통,2반,"청호동 321 자이아파트 107동 103∼1503호, 104∼1204호"
오산시,대원2동,20통,3반,"청호동 321 자이아파트 108동 101∼1501호, 102∼1502호"
오산시,대원2동,20통,4반,"청호동 321 자이아파트 108동 103∼1503호, 104∼1504호"
오산시,대원2동,20통,5반,"청호동 321 자이아파트 109동 201∼2001호, 102∼2002호"
오산시,대원2동,20통,6반,"청호동 321 자이아파트 109동 103∼2003호, 104∼2004호"
오산시,대원2동,20통,7반,"청호동 321 자이아파트 109동 105∼2005호, 106∼2006호"
오산시,대원2동,20통,8반,"청호동 321 자이아파트 113동 101∼1501호, 1021502호"
오산시,대원2동,20통,9반,"청호동 321 자이아파트 113동 103∼1503호, 104∼1504호"
오산시,대원2동,20통,10반,"청호동 321 자이아파트 114동 101∼1501호, 102∼1502호"
오산시,대원2동,20통,11반,"청호동 321 자이아파트 114동 103∼1503호, 104∼1504호"
오산시,대원2동,21통,1반,"청호동 333 엘리시아아파트 101동 101∼1501호, 102∼1502호"
오산시,대원2동,21통,2반,"청호동 333 엘리시아아파트 101동 103∼1503호, 204∼1504호"
오산시,대원2동,21통,3반,"청호동 333 엘리시아아파트 102동 101∼1501호, 102∼1502호"
오산시,대원2동,21통,4반,"청호동 333 엘리시아아파트 102동 103∼1503호, 204∼1504호"
오산시,대원2동,21통,5반,"청호동 333 엘리시아아파트 103동 201∼1501호, 102∼1502호, 상가"
오산시,대원2동,21통,6반,"청호동 333 엘리시아아파트 103동 103∼1503호, 204∼1504호"
오산시,대원2동,21통,7반,"청호동 333 엘리시아아파트 104동 101∼1501호, 102∼1502호"
오산시,대원2동,21통,8반,"청호동 333 엘리시아아파트 104동 203∼1503호, 204∼1504호"
오산시,대원2동,21통,9반,"청호동 333 엘리시아아파트 105동 101∼1501호, 102∼1202호, 203∼1503호"
오산시,대원2동,22통,1반,청호동 37-3 LG아파트 201동
오산시,대원2동,22통,2반,청호동 37-3 LG아파트 202동
오산시,대원2동,22통,3반,청호동 37-3 LG아파트 203동
오산시,대원2동,22통,4반,청호동 37-3 LG아파트 204동
오산시,대원2동,22통,5반,청호동 37-3 LG아파트 205동
오산시,대원2동,23통,1반,"청호동 341 오산청호엘에이치2단지 201동 1∼5층, 상가"
오산시,대원2동,23통,2반,청호동 341 오산청호엘에이치2단지 201동 6∼10층
오산시,대원2동,23통,3반,청호동 341 오산청호엘에이치2단지 201동 11∼15층
오산시,대원2동,24통,1반,청호동 341 오산청호엘에이치2단지 202동 1∼5층
오산시,대원2동,24통,2반,청호동 341 오산청호엘에이치2단지 202동 6∼10층
오산시,대원2동,24통,3반,청호동 341 오산청호엘에이치2단지 202동 11∼15층
오산시,대원2동,24통,4반,"청호동 114, 116, 123, 123-1, 134-1, 139, 139-1, 144-78, 144-83, 144-136, 144-138, 144-1 42∼143, 165, 165-4∼6, 165-21, 342"
오산시,대원2동,25통,1반,"청호동 340 휴먼시아아파트 101동 101∼1501호, 102∼1502호, 103∼1503호"
오산시,대원2동,25통,2반,"청호동 340 휴먼시아아파트 101동 104∼1504호, 105∼1305호, 106∼1306호, 상가"
오산시,대원2동,25통,3반,"청호동 340 휴먼시아아파트 102동 101∼1501호, 102∼1502호, 103∼1503호"
오산시,대원2동,25통,4반,"청호동 340 휴먼시아아파트 102동 104∼1504호, 105∼1305호, 106∼1306호"
오산시,대원2동,25통,5반,"청호동 340 휴먼시아아파트 103동 101∼1501호, 102∼1502호"
오산시,대원2동,25통,6반,"청호동 340 휴먼시아아파트 103동 103∼1503호, 104∼1304호, 105∼1305호"
오산시,대원2동,25통,7반,"청호동 340 휴먼시아아파트 104동 101∼1501호, 202∼1502호, 203∼1503호"
오산시,대원2동,25통,8반,"청호동 340 휴먼시아아파트 104동 104∼1504호, 205∼1505호, 106∼1506호"
오산시,대원2동,25통,9반,"청호동 340 휴먼시아아파트 105동 201∼1501호, 202∼1502호, 203∼1503호"
오산시,대원2동,25통,10반,"청호동 340 휴먼시아아파트 105동 204∼1504호, 205∼1505호, 206∼1506호"
오산시,대원2동,26통,1반,"청호동 340 휴먼시아아파트 106동 101∼1501호, 102∼1502호, 103∼1503호"
오산시,대원2동,26통,2반,"청호동 340 휴먼시아아파트 106동 104∼1504호, 105∼1305호, 106∼1306호"
오산시,대원2동,26통,3반,"청호동 340 휴먼시아아파트 107동 101∼1501호, 102∼1502호, 103∼1503호"
오산시,대원2동,26통,4반,"청호동 340 휴먼시아아파트 107동 104∼1504호, 105∼1305호, 106∼1306호"
오산시,대원2동,26통,5반,"청호동 340 휴먼시아아파트 108동 101∼1501호, 102∼1502호, 103∼1503호"
오산시,대원2동,26통,6반,"청호동 340 휴먼시아아파트 108동 104∼1504호, 205∼1505호, 106∼1506호"
오산시,대원2동,26통,7반,"청호동 340 휴먼시아아파트 109동 101∼1501호, 102∼1502호, 103∼1503호, 상가"
오산시,대원2동,26통,8반,"청호동 340 휴먼시아아파트 109동 104∼1504호, 105∼1505호, 106∼1506호"
오산시,대원2동,26통,9반,"청호동 340 휴먼시아아파트 110동 101∼1301호, 102∼1302호, 103∼1503호"
오산시,대원2동,26통,10반,"청호동 340 휴먼시아아파트 110동 104∼1504호, 105∼1505호, 106∼1506호"
오산시,대원2동,27통,1반,"청호동 340 휴먼시아아파트 111동 101∼1301호, 102∼1302호, 103∼1503호"
오산시,대원2동,27통,2반,"청호동 340 휴먼시아아파트 111동 104∼1504호, 105∼1505호, 106∼1506호"
오산시,대원2동,27통,3반,"청호동 340 휴먼시아아파트 112동 101∼1501호, 102∼1502호, 103∼1503호"
오산시,대원2동,27통,4반,"청호동 340 휴먼시아아파트 112동 104∼1504호, 105∼1505호"
오산시,대원2동,27통,5반,"청호동 340 휴먼시아아파트 113동 101∼1501호, 202∼1502호, 103∼1503호"
오산시,대원2동,27통,6반,"청호동 340 휴먼시아아파트 113동 104∼1504호, 105∼1505호, 106∼1506호"
오산시,대원2동,27통,7반,"청호동 340 휴먼시아아파트 114동 101∼1301호, 102∼1302호, 103∼1503호"
오산시,대원2동,27통,8반,"청호동 340 휴먼시아아파트 114동 104∼1504호, 105∼1505호, 206∼1506호"
오산시,대원2동,27통,9반,"청호동 340 휴먼시아아파트 115동 101∼1501호, 102∼1502호, 203∼1503호"
오산시,대원2동,27통,10반,"청호동 340 휴먼시아아파트 115동 104∼1504호, 105∼1505호, 106∼1506호"
오산시,대원2동,28통,1반,"원동 712-1 롯데캐슬스카이파크 아파트 301동 101∼2301호, 102∼2302호"
오산시,대원2동,28통,2반,"원동 712-1 롯데캐슬스카이파크 아파트 301동 203∼2303호, 104∼2304호"
오산시,대원2동,28통,3반,"원동 712-1 롯데캐슬스카이파크 아파트 301동 105∼2305호, 106∼2206호, 상가"
오산시,대원2동,28통,4반,"원동 712-1 롯데캐슬스카이파크 아파트 302동 101∼2201호, 102∼2202호"
오산시,대원2동,28통,5반,"원동 712-1 롯데캐슬스카이파크 아파트 302동 203∼2303호, 104∼2304호"
오산시,대원2동,28통,6반,"원동 712-1 롯데캐슬스카이파크 아파트 302동 105∼2305호, 106∼2206호, 상가"
오산시,대원2동,28통,7반,"원동 712-1 롯데캐슬스카이파크 아파트 309동 101∼2101호, 102∼2302호"
오산시,대원2동,28통,8반,"원동 712-1 롯데캐슬스카이파크 아파트 309동 203∼2303호, 104∼2304호"
오산시,대원2동,28통,9반,"원동 712-1 롯데캐슬스카이파크 아파트 309동 105∼2305호, 106∼2306호"
오산시,대원2동,29통,1반,"원동 712-1 롯데캐슬스카이파크 아파트 303동 101∼2301호, 102∼2202호"
오산시,대원2동,29통,2반,"원동 712-1 롯데캐슬스카이파크 아파트 303동 203∼2303호, 104∼2304호"
오산시,대원2동,29통,3반,"원동 712-1 롯데캐슬스카이파크 아파트 303동 105∼2305호, 106∼1606호, 상가"
오산시,대원2동,29통,4반,"원동 712-1 롯데캐슬스카이파크 아파트 304동 101∼2201호, 102∼2302호"
오산시,대원2동,29통,5반,"원동 712-1 롯데캐슬스카이파크 아파트 304동 103∼2303호, 204∼2304호"
오산시,대원2동,29통,6반,"원동 712-1 롯데캐슬스카이파크 아파트 304동 105∼2305호, 106∼1606호, 상가"
오산시,대원2동,29통,7반,"원동 712-1 롯데캐슬스카이파크 아파트 308동 301∼2301호, 302∼2302호"
오산시,대원2동,29통,8반,"원동 712-1 롯데캐슬스카이파크 아파트 308동 303∼2303호, 104∼2304호"
오산시,대원2동,29통,9반,"원동 712-1 롯데캐슬스카이파크 아파트 308동 105∼2305호, 106∼2106호"
오산시,대원2동,30통,1반,"원동 712-1 롯데캐슬스카이파크 아파트 305동 101∼2301호, 102∼2302호"
오산시,대원2동,30통,2반,"원동 712-1 롯데캐슬스카이파크 아파트 305동 203∼2303호, 104∼1704호"
오산시,대원2동,30통,3반,"원동 712-1 롯데캐슬스카이파크 아파트 305동 105∼2305호, 106∼2206호"
오산시,대원2동,30통,4반,"원동 712-1 롯데캐슬스카이파크 아파트 306동 101∼2101호, 102∼2202호"
오산시,대원2동,30통,5반,"원동 712-1 롯데캐슬스카이파크 아파트 306동 103∼1603호, 204∼2304호"
오산시,대원2동,30통,6반,"원동 712-1 롯데캐슬스카이파크 아파트 306동 105∼2305호, 106∼2306호"
오산시,대원2동,30통,7반,"원동 712-1 롯데캐슬스카이파크 아파트 307동 101∼2301호, 102∼2302호"
오산시,대원2동,30통,8반,"원동 712-1 롯데캐슬스카이파크 아파트 307동 203∼2303호, 104∼2304호"
오산시,대원2동,30통,9반,"원동 712-1 롯데캐슬스카이파크 아파트 307동 105∼2305호, 106∼2206호"
오산시,대원2동,31통,1반,"원동 712-1 롯데캐슬스카이파크 아파트 310동 101∼2201호, 102∼2202호"
오산시,대원2동,31통,2반,"원동 712-1 롯데캐슬스카이파크 아파트 310동 203∼2303호, 104∼2304호"
오산시,대원2동,31통,3반,"원동 712-1 롯데캐슬스카이파크 아파트 310동 105∼2305호, 106∼2306호"
오산시,대원2동,31통,4반,"원동 712-1 롯데캐슬스카이파크 아파트 317동 301∼2201호, 302∼2202호"
오산시,대원2동,31통,5반,"원동 712-1 롯데캐슬스카이파크 아파트 317동 103∼2303호, 104∼2304호"
오산시,대원2동,31통,6반,"원동 712-1 롯데캐슬스카이파크 아파트 318동 101∼2301호, 102∼2202호"
오산시,대원2동,31통,7반,"원동 712-1 롯데캐슬스카이파크 아파트 318동 203∼2303호, 104∼2304호"
오산시,대원2동,31통,8반,원동 712-1 롯데캐슬스카이파크 아파트 318동 105∼2305호 106∼2206호
오산시,대원2동,32통,1반,"원동 712-1 롯데캐슬스카이파크 아파트 311동 301∼2301호, 102∼2302호"
오산시,대원2동,32통,2반,"원동 712-1 롯데캐슬스카이파크 아파트 311동 203∼2303호, 104∼2304호"
오산시,대원2동,32통,3반,"원동 712-1 롯데캐슬스카이파크 아파트 311동 105∼2305호, 306∼2306호"
오산시,대원2동,32통,4반,"원동 712-1 롯데캐슬스카이파크 아파트 312동 101∼2301호, 102∼2302호"
오산시,대원2동,32통,5반,"원동 712-1 롯데캐슬스카이파크 아파트 312동 103∼2303호, 204∼2304호"
오산시,대원2동,32통,6반,"원동 712-1 롯데캐슬스카이파크 아파트 312동 105∼2305호, 106∼2306호"
오산시,대원2동,32통,7반,"원동 712-1 롯데캐슬스카이파크 아파트 313동 101∼2301호, 102∼2302호"
오산시,대원2동,32통,8반,원동 712-1 롯데캐슬스카이파크 아파트 313동 203∼2303호 104∼2304호
오산시,대원2동,32통,9반,"원동 712-1 롯데캐슬스카이파크 아파트 313동 105∼1905호, 106∼1906호"
오산시,대원2동,33통,1반,"원동 712-1 롯데캐슬스카이파크 아파트 314동 301∼2301호, 302∼2302호"
오산시,대원2동,33통,2반,"원동 712-1 롯데캐슬스카이파크 아파트 314동 303∼2303호, 104∼2104호"
오산시,대원2동,33통,3반,"원동 712-1 롯데캐슬스카이파크 아파트 314동 105∼2305호, 106∼2306호"
오산시,대원2동,33통,4반,"원동 712-1 롯데캐슬스카이파크 아파트 315동 101∼2301호, 102∼2302호"
오산시,대원2동,33통,5반,"원동 712-1 롯데캐슬스카이파크 아파트 315동 203∼2303호, 104∼2304호"
오산시,대원2동,33통,6반,"원동 712-1 롯데캐슬스카이파크 아파트 315동 105∼2305호, 106∼2206호"
오산시,대원2동,33통,7반,"원동 712-1 롯데캐슬스카이파크 아파트 316동 301∼2301호, 102∼2302호"
오산시,대원2동,33통,8반,"원동 712-1 롯데캐슬스카이파크 아파트 316동 203∼2303호, 104∼2304호"
오산시,대원2동,33통,9반,"원동 712-1 롯데캐슬스카이파크 아파트 316동 105∼2305호, 306∼2306호"
오산시,대원2동,34통,1반,고현동 16 오산라온프라이빗스위트 101동
오산시,대원2동,34통,2반,고현동 16 오산라온프라이빗스위트 102동
오산시,대원2동,34통,3반,고현동 16 오산라온프라이빗스위트 103동
오산시,대원2동,34통,4반,고현동 16 오산라온프라이빗스위트 104동
오산시,남촌동,1통,1반,"오산동 496-5∼10, 496-18, 497-2, 497-17∼20, 497-27~29, 497-35"
오산시,남촌동,1통,2반,"오산동 497-14∼15, 497-22, 497-34, 498-5, 498-7, 498-9∼12"
오산시,남촌동,1통,3반,"오산동 502-2∼3, 502-5, 502-15∼21, 502-23∼24, 502-26, 502-28∼29, 502-32∼37, 502-59 502-61∼62, 503-42"
오산시,남촌동,1통,4반,"오산동 492-1∼2, 492-6, 492-8∼10, 493-2∼3, 493-5∼13, 494-1, 495-4∼5, 495-8, 495-11∼12, 497-8, 497-12, 497-30∼33, 498-4, 498-6, 498-15"
오산시,남촌동,1통,5반,"오산동 490-1∼2, 490-4, 491-10∼11 502-4, 502-10, 502-13∼14, 502-60"
오산시,남촌동,1통,6반,"오산동 496-3, 496-13"
오산시,남촌동,2통,1반,"오산동 481-2, 481-4, 482-3∼4, 482-6∼12"
오산시,남촌동,2통,2반,"오산동 483-1, 483-7, 484-1∼2, 484-6∼7, 485-7, 485-9, 486-2∼3, 486-5, 486-17∼21, 486-32"
오산시,남촌동,2통,3반,"오산동 485-2, 485-4, 485-6, 485-8, 485-10, 485-11, 486-1, 488, 489-1∼4, 502-57"
오산시,남촌동,2통,4반,"오산동 483-9, 490-3, 490-5∼12, 490-16∼17"
오산시,남촌동,2통,5반,"오산동 482-1∼2, 491-2∼9, 491-12∼13, 491-15∼19"
오산시,남촌동,3통,1반,"오산동 508-14∼15, 508-19∼20, 508-23∼25, 518-1일부, 519일부, 520-1∼2, 521, 522-1, 522-3∼5, 522-8, 523-23"
오산시,남촌동,3통,2반,"오산동 508-6일부, 508-7∼8, 508-11∼12, 508-26 516-1∼5 515-1∼2, 515-9∼12, 517-1, 517-2일부,"
오산시,남촌동,3통,3반,"오산동 517-3∼4, 517-5일부, 518-1일부, 518-2∼3, 519, 613, 613-2∼5, 613-8∼10, 613-14, 614-16, 614-34"
오산시,남촌동,3통,4반,"오산동 478-2∼3, 483-4, 483-8, 484-5, 485-3, 524-1, 528, 529, 532-1∼2, 532-4∼7, 533-1∼9, 609-5, 609-14, 609-18, 609-24∼26, 609-28, 609-31∼32, 609-40, 609-42, 609-48∼49, 609-51, 609-58, 609-84, 609-128, 611-2, 611-8, 612-2, 612-45"
오산시,남촌동,3통,5반,"오산동 522-2, 522-7, 522-15, 523-2, 523-8∼10, 523-14∼15, 523-17∼19, 523-21∼22, 523-24, 523-27∼29, 523-41, 423-52, 523-54∼55, 524-3∼5"
오산시,남촌동,4통,1반,"오산동 505-4∼5, 506-3∼8, 506-10, 507-3∼4, 507-8∼9, 508-4, 508-26, 508-29∼31, 508-34"
오산시,남촌동,4통,2반,"오산동 503-15, 503-18∼19, 503-29, 503-31, 503-37∼38, 503-50∼51, 503-53, 507-2, 507-5∼7, 508-5, 508-21, 508-28"
오산시,남촌동,4통,3반,"오산동 502-41, 503-20∼23, 503-26∼28, 503-39, 503-41, 503-49, 503, 504, 508-1"
오산시,남촌동,4통,4반,"오산동 502-9, 502-39∼40, 503-6, 503-8, 503-14, 504-40, 503-43, 503-45∼49"
오산시,남촌동,4통,5반,"오산동 486-6∼10, 486-12∼14, 486-16, 486-22∼25, 486-28, 502-7∼9, 502-11, 502-42∼56, 503-56, 508-36"
오산시,남촌동,5통,1반,"오산동 614-2, 614-6, 614-17∼21, 614-23∼25"
오산시,남촌동,5통,2반,"오산동 612-1, 612-6, 612-11, 612-13∼14, 612-16∼21, 612-23, 612-25, 612-30∼32, 612-34∼36, 612-38∼39, 617-1∼2, 617-4, 617-6, 617-8, 167-10∼13"
오산시,남촌동,5통,3반,"오산동 617-3, 617-5, 617-7, 617-9, 816-6∼10, 816-20∼21, 816-25∼30, 816-84, 816-86∼87"
오산시,남촌동,5통,4반,"오산동 617-4, 637, 816-123∼126, 816-129"
오산시,남촌동,5통,5반,"오산동 637-23∼24, 656-1∼2, 662-2, 663-1, 666-5∼6, 666-13, 667-2∼3, 668-4, 742, 742-1, 743, 746-1, 750, 754-3, 760, 760-1∼4, 766-3, 772-1∼2, 816-89∼93, 816-101, 816-115∼116, 816-118∼119, 816-124∼125, 816-129, 956∼998 갈곶동 3-1∼2, 7-1, 22, 719∼724"
오산시,남촌동,6통,1반,"오산동 605-1, 605-6, 605-26, 609-6, 609-17, 609-82, 609-89∼93"
오산시,남촌동,6통,2반,"오산동 609-3, 609-11, 609-15, 609-33∼36, 609-43∼44, 609-46, 609-112, 609-120, 610-2∼4, 610-7∼8, 610-14∼18, 610-23, 611-1, 611-10∼13, 612-50"
오산시,남촌동,6통,3반,"오산동 605-28, 606-21, 609-3, 609-9, 609-47, 609-72, 609-76∼77, 609-79, 609-81, 609-86∼87, 609-116, 610-6, 610-9∼11, 60913, 612-5, 612-51, 521, 622-20∼21, 816-4"
오산시,남촌동,6통,4반,"오산동 609-13, 609-73∼75, 609-88, 609-117∼119, 609-123, 610-12, 622-11∼12, 622-22, 637, 816-16∼17, 816-19, 816-37, 816-39, 814-41, 816-18, 816-38"
오산시,남촌동,6통,5반,"오산동 605-20, 605-23∼25, 609-26, 609-61, 609-94, 609-97∼100"
오산시,남촌동,6통,6반,"오산동 609-10, 609-16, 609-37∼38, 609-45, 609-59∼60, 609-83, 609-134∼135, 610-5"
오산시,남촌동,7통,1반,"오산동 534-6, 534-9∼10, 535, 535-2, 535-4∼5, 535-7, 356-4, 536-10∼18, 537-4, 537-7, 537-13, 605-4, 605-8, 605-13, 605-15, 606-2, 606-4, 607-1∼3, 608-1, 608-4∼8, 608-11∼15, 609-109"
오산시,남촌동,7통,2반,"오산동 604-2, 605-17 동문빌라 A동 605-23, 606-3, 606-5"
오산시,남촌동,7통,3반,오산동 605-17 동문빌라 B동
오산시,남촌동,7통,4반,오산동 605-17 동문빌라 C동
오산시,남촌동,7통,5반,"오산동 605-2, 606-5, 620-15, 622-1, 622-4, 622-6, 622-9∼10, 622-14, 622-16∼17, 622-23∼31, 622-35, 622-43∼44, 626-1"
오산시,남촌동,8통,1반,"청학동 29, 30-1∼16"
오산시,남촌동,8통,2반,"청학동 30-18, 32-35, 36-7∼8, 36-10∼13, 36-16∼17, 37-4∼6, 37-8, 37-10∼11, 37-16∼17, 37-20∼23"
오산시,남촌동,8통,3반,"청학동 36-1, 36-3∼4, 36-6, 36-15"
오산시,남촌동,8통,4반,"청학동 1, 2-1∼5, 3-2, 3-5, 4-1∼2, 5-1∼5, 6-1∼2, 7-1∼2, 8-3∼7, 9-1∼2, 11-2, 11-6 12-1∼4, 13-1, 14, 15-1∼3, 16-1, 16-5∼6, 16-8, 16-10, 33-4, 33-7, 33-9, 34-9, 35-2, 35-7, 37-1∼2, 37-9, 37-12, 37-17, 37-24, 37-27, 38-2, 산16-13"
오산시,남촌동,9통,1반,"청학동 40-6, 41, 41-7∼8, 41-15∼16, 43, 43-1, 49, 194-1"
오산시,남촌동,9통,2반,"청학동 40, 41-1∼2, 40-7, 41-2∼6, 41-9∼14, 41-18∼19, 42-2∼9, 196-1∼7 가수동중 290-2, 290-9∼10, 290-13∼14, 291-2, 292-1∼2, 293∼295, 297∼299, 300-1∼3, 300-9, 302-18, 303-9∼10, 397-1∼4"
오산시,남촌동,9통,3반,"청학동 43, 43-1, 44, 44-1∼5"
오산시,남촌동,9통,4반,"청학동 46, 46-1∼2, 46-4∼24"
오산시,남촌동,9통,5반,"청학동 25-1, 49, 50-1∼10, 51-1, 51-8∼17, 193-3∼4, 194-2"
오산시,남촌동,10통,1반,"청학동 72-10, 74-1"
오산시,남촌동,10통,2반,"청학동 77-1, 77-6, 77-10∼11, 77-13∼19"
오산시,남촌동,10통,3반,"청학동 183, 184-1, 185-1, 191-8∼9"
오산시,남촌동,10통,4반,"청학동 85, 188, 230, 188-5, 191-7, 192-1∼9, 195-1, 201-1, 201-5∼10, 산21-5, 산1-4, 168-2"
오산시,남촌동,10통,5반,"청학동 316-1∼360- 2, 391-1∼393-5"
오산시,남촌동,10통,6반,"청학동 275-1∼307, 386∼388-17"
오산시,남촌동,10통,7반,청학동 374-1∼384-6
오산시,남촌동,11통,1반,"가장동 40-1, 41-1, 41-5∼8, 41-13, 41-15, 41-17, 42-1, 43-1, 44, 45, 49, 50-1, 51-1, 51-3∼5, 52, 53, 53-4∼6, 54, 54-1, 54-3∼14, 55, 55-1, 56, 57, 57-1∼2, 58, 62-1∼2, 63, 64, 65, 65-1, 66, 67, 68-2∼7, 69, 84-89, 89-1∼2, 91, 91-1, 92, 95, 95-2, 96∼98, 98-1∼3, 99-102, 102-1∼3, 103, 103-1∼3, 104-2, 105-2, 106, 107-1∼3, 108-114, 114-1, 114-2, 115-3, 117-1, 118-1, 119, 119-1∼3, 120-1∼2, 121-2, 122-2, 123, 123-1, 123-3∼4, 124-3, 125-1, 127, 126-1, 127-1∼2, 128-1, 129-1∼2, 130-1∼2, 131-1∼2, 132-1, 133-135, 136-1∼2, 137-1∼2, 138-2, 139-1, 140-1∼2, 141-1∼2, 142∼146, 147-1, 149∼153, 155, 156, 156-1∼4, 157-1, 157-3, 158-1∼3, 159-1, 160, 160-2일부, 161, 180-1∼3, 181, 182, 182-2∼3, 183-1∼3, 183-1∼3, 183-6, 184-3, 189, 190-1∼3, 191, 193, 194-1, 195, 195-1, 196∼198, 322-1, 산53-1, 산56, 산58, 산61-1, 산61-3∼15, 산62-1∼2, 산63, 산64-2∼4, 산66, 산67, 산68-1, 산69∼70, 산70-1∼2, 산71-2, 산72-2∼3, 산73-2∼3, 산75, 산76-8∼10, 산78-2, 산78-4, 산78-5, 산78-7, 산78-90∼10"
오산시,남촌동,11통,2반,"가장동 1, 2, 2-1, 3, 3-1, 4, 4-1, 5, 6, 6-1, 7-1, 7-2, 8, 9, 9-1, 10, 10-1, 12-1∼2, 13, 14, 15, 16, 16-1∼2, 16-4, 16-7, 16-11, 17-1∼4, 18-1∼2, 19, 20, 21-1∼2, 22, 23, 24, 25, 26-1∼4, 27, 28, 28-1, 28-3∼4, 29-1∼2, 30, 31, 32, 33-1, 33-3, 34-1∼2, 34-6, 35, 36, 37-1, 37-5, 38-1, 38-3, 39-1, 39-3, 40-7, 41-10∼11, 42-4, 43, 46, 46-1∼3, 47-49, 49-1∼2, 50, 51, 59, 59-1, 60-1∼3, 61, 70∼73, 73-1∼4, 74∼76, 77-1∼2, 78, 78-1, 79, 80, 80-1∼2, 81, 82, 83-1∼2, 135, 162, 164-2, 164-4, 164-8, 166-2, 166-4∼7, 167∼169, 170-1∼2, 171, 172, 172-1∼4, 173-6, 176-1, 177-1∼2, 178, 179, 185, 186-1∼2, 187, 188, 192, 199, 199-1∼9, 200, 201-1∼2, 203∼205, 206-1∼2, 208, 산1-3, 산5-4, 산8, 9, 9-1 산9-1, 산13, 산13-2∼4, 산14-1, 산15-1, 산16-9, 산17, 산17-1, 산19, 산20, 산21, 산21-1, 산22-2, 산23, 산24, 산25-1∼2, 산26-1, 산26-4, 산26-6, 산27, 산30-2, 산32, 산34-2, 산36∼7, 산38, 산38-1, 산38-3, 산38-5∼10, 산38-13∼14, 산38-16∼21, 산39-1∼4, 산40, 산40-1∼2, 산41, 산42, 산43-1, 산79-3, 산81-1, 산81-3∼6, 산82-1, 산82-3, 산83, 산83-1∼3, 산84"
오산시,남촌동,11통,3반,"가장동 86∼88, 89-1∼3, 213∼218, 220∼224, 269, 270-1∼3, 271, 272-1∼3, 273-1∼3, 273-5, 273-6∼9, 274-1∼3, 275∼278, 279, 279-1∼2, 280, 281-3, 282, 283-1∼4, 284, 285-1∼2, 286, 287-1∼2, 288-1∼2, 290∼296, 287-1일부 산85, 산85-1,산90-2"
오산시,남촌동,11통,4반,"가장동 152, 153, 154-1∼2, 155-2, 156-2, 159-7, 162-1∼2, 163∼166, 166-1, 167, 168-1∼2, 291, 297-1일부, 297-2, 298-1∼3, 299-1∼2, 300, 302-1∼5, 303-1∼2, 304-1∼2, 305, 306-1∼2, 307-313, 313-135, 359, 산4-3, 산4-6"
오산시,남촌동,11통,5반,"가장동 375-3 오산가장경기행복주택아파트 201호∼601호, 202호∼602호,  203호∼603호, 204호∼604호, 205호∼605호, 206호∼606호, 207호∼607호, 208호∼608호, 209호∼609호, 210호∼610호"
오산시,남촌동,12통,1반,"궐 동 608-1∼5, 609-1∼6 "
오산시,남촌동,12통,2반,궐 동 610-1∼10
오산시,남촌동,12통,3반,궐 동 610-11∼18
오산시,남촌동,12통,4반,궐 동 611-1∼9
오산시,남촌동,13통,1반,"궐 동 231∼233, 256, 258, 259, 266-269, 622-15, 622-7, 621-1∼5, 산16, 산17-2, 산17-3, 산18-1, 산18-2, 산19, 산20-1"
오산시,남촌동,13통,2반,"궐 동 618-1∼7, 621-6∼11"
오산시,남촌동,13통,3반,"궐 동 620-1∼5, 620-7, 620-8"
오산시,남촌동,13통,4반,궐 동 620-9∼12
오산시,남촌동,13통,5반,"궐 동 619-1∼9, 624"
오산시,남촌동,14통,1반,"청학동 59-2, 60-66, 68, 68-1, 69-1∼2, 69-4∼10"
오산시,남촌동,14통,2반,청학동 72-1
오산시,남촌동,14통,3반,청학동 72-4
오산시,남촌동,14통,4반,"청학동 69-1, 69-16∼19"
오산시,남촌동,14통,5반,"청학동 68, 67-1, 70-2, 71-1, 72-2, 72-6, 72-8, 72-11∼12, 73, 73-1∼4, 97, 103-3, 115-1, 산1-5, 산4, 산5-1, 산7-1, 산7-3∼8, 산8"
오산시,남촌동,15통,1반,"궐 동 90, 90-7, 91, 102, 103-1, 103-5, 105"
오산시,남촌동,15통,2반,궐 동 643-1∼4
오산시,남촌동,15통,3반,"궐 동 643-5∼8, 643-19"
오산시,남촌동,15통,4반,"궐 동 643-9, 643-10, 643-21"
오산시,남촌동,15통,5반,궐 동 643-11∼14
오산시,남촌동,15통,6반,궐 동 643-15∼18
오산시,남촌동,16통,1반,궐 동 646-1∼3
오산시,남촌동,16통,2반,"궐 동 646-4, 646-5"
오산시,남촌동,16통,3반,궐 동 646-6∼8
오산시,남촌동,16통,4반,궐 동 647-1∼3
오산시,남촌동,16통,5반,"궐 동 647-4∼6, 659-2"
오산시,남촌동,17통,1반,궐 동 655-1∼5
오산시,남촌동,17통,2반,궐 동 655-6∼10
오산시,남촌동,17통,3반,궐 동 655-11∼14
오산시,남촌동,17통,4반,"궐 동 656, 658-1∼4, 710"
오산시,남촌동,17통,5반,궐 동 657-1∼6
오산시,남촌동,18통,1반,궐 동 668-1∼6
오산시,남촌동,18통,2반,궐 동 668-7∼11
오산시,남촌동,18통,3반,궐 동 669-1∼11
오산시,남촌동,18통,4반,"궐 동 670-1∼8, 671-1∼5"
오산시,남촌동,19통,1반,"궐 동 688-1∼6, 689-1∼8"
오산시,남촌동,19통,2반,"궐 동 690-1∼4, 691-1∼3"
오산시,남촌동,19통,3반,궐 동 690-5∼8
오산시,남촌동,19통,4반,궐 동 690-9∼14
오산시,남촌동,20통,1반,"궐 동 701-1∼9, 702-1∼4"
오산시,남촌동,20통,2반,궐 동 704-1∼3
오산시,남촌동,20통,3반,궐 동 704-4∼6
오산시,남촌동,20통,4반,"궐 동 704-7∼9, 704-19, 704-20"
오산시,남촌동,20통,5반,궐 동 704-10∼14
오산시,남촌동,20통,6반,궐 동 704-15∼18
오산시,남촌동,21통,1반,"궐 동 616-2 제일아파트 101동 101∼2001호, 102∼2002호"
오산시,남촌동,21통,2반,"궐 동 616-2 제일아파트 101동 103∼1803호, 105∼1805호"
오산시,남촌동,21통,3반,"궐 동 616-2 제일아파트 102동 101∼1401호, 102∼1802호"
오산시,남촌동,21통,4반,"궐 동 616-2 제일아파트 102동 103∼2003호, 105∼2005호"
오산시,남촌동,21통,5반,"궐 동 616-2 제일아파트 102동 106∼2006호, 107∼2007호"
오산시,남촌동,21통,6반,"궐 동 616-2 제일아파트 103동 101∼1301호, 102∼1802호"
오산시,남촌동,21통,7반,"궐 동 616-2 제일아파트 103동 103∼2003호, 105∼2005호"
오산시,남촌동,21통,8반,"궐 동 616-2 제일아파트 103동 106∼2006호, 107∼2007호"
오산시,남촌동,21통,9반,"궐 동 616-2 제일아파트 105동 101∼2001호, 102∼2002호"
오산시,남촌동,21통,10반,"궐 동 616-2 제일아파트 105동 103∼1803호, 105∼1305호"
오산시,남촌동,22통,1반,"궐 동 616-1 세교우남퍼스트빌아파트 101동 101∼2001호, 102∼2002호"
오산시,남촌동,22통,2반,"궐 동 616-1 세교우남퍼스트빌아파트 101동 103∼2003호, 104∼2004호"
오산시,남촌동,22통,3반,"궐 동 616-1 세교우남퍼스트빌아파트 101동 105∼1805호, 106∼1606호"
오산시,남촌동,22통,4반,"궐 동 616-1 세교우남퍼스트빌아파트 102동 101∼2001호, 102∼2002호"
오산시,남촌동,22통,5반,"궐 동 616-1 세교우남퍼스트빌아파트 102동 103∼1803호, 104∼1604호"
오산시,남촌동,22통,6반,"궐 동 616-1 세교우남퍼스트빌아파트 103동 101∼2001호, 102∼2002호"
오산시,남촌동,22통,7반,"궐 동 616-1 세교우남퍼스트빌아파트 103동 103∼1803호, 104∼1604호"
오산시,남촌동,22통,8반,"궐 동 616-1 세교우남퍼스트빌아파트 104동 101∼2001호, 202∼2002호"
오산시,남촌동,22통,9반,"궐 동 616-1 세교우남퍼스트빌아파트 104동 203∼1803호, 104∼1604호"
오산시,남촌동,23통,1반,"궐 동 616-1 세교우남퍼스트빌아파트 105동 101∼2501호, 202∼2502호"
오산시,남촌동,23통,2반,"궐 동 616-1 세교우남퍼스트빌아파트 105동 203∼2303호, 104∼2304호"
오산시,남촌동,23통,3반,"궐 동 616-1 세교우남퍼스트빌아파트 105동 205∼2005호, 106∼2006호"
오산시,남촌동,23통,4반,"궐 동 616-1 세교우남퍼스트빌아파트 106동 101∼2501호, 102∼2502호"
오산시,남촌동,23통,5반,"궐 동 616-1 세교우남퍼스트빌아파트 106동 103∼2503호, 104∼2504호"
오산시,남촌동,23통,6반,"궐 동 616-1 세교우남퍼스트빌아파트 107동 101∼2501호, 102∼2502호"
오산시,남촌동,23통,7반,"궐 동 616-1 세교우남퍼스트빌아파트 107동 103∼2303호, 104∼2304호"
오산시,남촌동,24통,1반,"궐 동 616-1 세교우남퍼스트빌아파트 108동 101∼2001호, 102∼2002호"
오산시,남촌동,24통,2반,"궐 동 616-1 세교우남퍼스트빌아파트 108동 103∼2003호, 104∼2004호"
오산시,남촌동,24통,3반,"궐 동 616-1 세교우남퍼스트빌아파트 108동 105∼2005호, 106∼2006호"
오산시,남촌동,24통,4반,"궐 동 616-1 세교우남퍼스트빌아파트 109동 101∼2001호, 102∼2002호"
오산시,남촌동,24통,5반,"궐 동 616-1 세교우남퍼스트빌아파트 109동 103∼2003호, 104∼2004호"
오산시,남촌동,24통,6반,"궐 동 616-1 세교우남퍼스트빌아파트 109동 105∼2005호, 106∼2006호"
오산시,남촌동,24통,7반,"궐 동 616-1 세교우남퍼스트빌아파트 110동 101∼2001호, 102∼2002호"
오산시,남촌동,24통,8반,"궐 동 616-1 세교우남퍼스트빌아파트 110동 103∼2003호, 104∼2004호"
오산시,남촌동,24통,9반,"궐 동 616-1 세교우남퍼스트빌아파트 110동 105∼2005호, 106∼2006호"
오산시,남촌동,25통,1반,"궐 동 214-1∼3, 227∼230, 623-1∼3"
오산시,남촌동,25통,2반,"궐 동 623-4, 623-8"
오산시,남촌동,25통,3반,"궐 동 623-5∼7, 산12-4, 산12-5"
오산시,남촌동,25통,4반,궐 동 625-1∼7
오산시,남촌동,25통,5반,"궐 동 625-8∼13, 626-1∼7"
오산시,남촌동,26통,1반,"궐 동 143, 144, 146, 147-1, 147-2, 155-1, 635-1∼8, 636-1∼11, 637-1∼7, 638-1, 638-2, 639-1∼3, 640-1∼11, 산2-1"
오산시,남촌동,26통,2반,궐 동 633-1∼5
오산시,남촌동,26통,3반,궐 동 633-6∼10
오산시,남촌동,26통,4반,"궐 동 632-1∼7, 633-11∼14, 634-1∼8"
오산시,남촌동,27통,1반,궐 동 644-1∼4
오산시,남촌동,27통,2반,"궐 동 644-5∼7, 644-18"
오산시,남촌동,27통,3반,"궐 동 644-8, 644-9, 644-22"
오산시,남촌동,27통,4반,"궐 동 644-10, 644-11, 644-16"
오산시,남촌동,27통,5반,궐 동 644-12∼14
오산시,남촌동,27통,6반,"궐 동 644-15, 644-20"
오산시,남촌동,27통,7반,"궐 동 645-1∼6, 659-1"
오산시,남촌동,28통,1반,"궐 동 649-1∼3, 649-24"
오산시,남촌동,28통,2반,"궐 동 649-4∼6, 649-23"
오산시,남촌동,28통,3반,"궐 동 649-7∼11, 650-1∼6"
오산시,남촌동,28통,4반,궐 동 649-12∼16
오산시,남촌동,28통,5반,궐 동 649-17∼19
오산시,남촌동,28통,6반,궐 동 649-20∼22
오산시,남촌동,29통,1반,"궐 동 672-1∼4, 673-1∼4"
오산시,남촌동,29통,2반,궐 동 674-1∼6
오산시,남촌동,29통,3반,궐 동 674-7∼10
오산시,남촌동,29통,4반,궐 동 674-11∼14
오산시,남촌동,29통,5반,궐 동 675-1∼7
오산시,남촌동,29통,6반,궐 동 675-8∼21
오산시,남촌동,30통,1반,"궐 동 681-1 센트하임주상복합아파트 1∼3층 상가, 401∼1501호, 402∼1502호, 403∼1503호"
오산시,남촌동,30통,2반,"궐 동 681-1 센트하임주상복합아파트 404∼1504호, 405∼1505호"
오산시,남촌동,30통,3반,"궐 동 681-1 센트하임주상복합아파트 406∼1506호, 407∼1507호"
오산시,남촌동,30통,4반,"궐 동 681-1 센트하임주상복합아파트 408∼1508호, 409∼1509호"
오산시,남촌동,30통,5반,"궐 동 681-1 센트하임주상복합아파트 410∼1510호, 411∼1511호"
오산시,남촌동,30통,6반,"궐 동 681-1 센트하임주상복합아파트 412∼1512호, 413∼1513호, 414∼1514호"
오산시,남촌동,30통,7반,"궐 동 682-1∼6, 682-7∼9"
오산시,남촌동,30통,8반,"궐 동 683-1∼6, 683-7∼14"
오산시,남촌동,30통,9반,궐 동 684-1∼8
오산시,남촌동,31통,1반,궐 동 695-1∼4
오산시,남촌동,31통,2반,"궐 동 696-1∼6, 698-1∼6, 699-1∼5"
오산시,남촌동,31통,3반,궐 동 697-1∼5
오산시,남촌동,31통,4반,궐 동 697-6∼10
오산시,남촌동,31통,5반,궐 동 697-11∼15
오산시,남촌동,31통,6반,궐 동 697-16∼21
오산시,남촌동,32통,1반,궐 동 700-1∼6
오산시,남촌동,32통,2반,궐 동 705-1∼3
오산시,남촌동,32통,3반,궐 동 705-4∼6
오산시,남촌동,32통,4반,궐 동 705-7∼9
오산시,남촌동,32통,5반,궐 동 709-1∼7
오산시,남촌동,33통,1반,궐 동 703-1∼3
오산시,남촌동,33통,2반,궐 동 703-4∼8
오산시,남촌동,33통,3반,"궐 동 708-1, 708-2, 708-13"
오산시,남촌동,33통,4반,"궐 동 708-3, 708-4"
오산시,남촌동,33통,5반,"궐 동 708-5, 708-6, 708-14"
오산시,남촌동,33통,6반,"궐 동 708-7∼9, 708-10∼12"
오산시,남촌동,34통,1반,"궐 동 612-1∼4, 612-8∼10"
오산시,남촌동,34통,2반,"궐 동 612-5∼7, 612-11∼15"
오산시,남촌동,34통,3반,궐 동 613-1∼9
오산시,남촌동,34통,4반,궐 동 614-1∼12
오산시,남촌동,35통,1반,궐 동 648-1∼5
오산시,남촌동,35통,2반,궐 동 648-6∼8
오산시,남촌동,35통,3반,궐 동 648-9∼11
오산시,남촌동,35통,4반,궐 동 648-12∼14
오산시,남촌동,35통,5반,궐 동 648-15∼19
오산시,남촌동,35통,6반,궐 동 648-20∼24
오산시,남촌동,36통,1반,"궐 동 651-1∼4, 652-1∼5"
오산시,남촌동,36통,2반,궐 동 653-1∼8
오산시,남촌동,36통,3반,궐 동 654-1∼5
오산시,남촌동,36통,4반,"궐 동 654-6, 654-11∼14"
오산시,남촌동,36통,5반,"궐 동 654-7∼10, 654-15∼17"
오산시,남촌동,37통,1반,"궐 동 660-663, 664-1∼3, 665-1∼7"
오산시,남촌동,37통,2반,궐 동 666-1∼4
오산시,남촌동,37통,3반,궐 동 665-5∼10
오산시,남촌동,37통,4반,궐 동 667-1∼8
오산시,남촌동,38통,1반,궐 동 685-1∼6
오산시,남촌동,38통,2반,"궐 동 686-1∼5, 686-17∼21"
오산시,남촌동,38통,3반,궐 동 686-6∼16
오산시,남촌동,38통,4반,궐 동 687-1∼5
오산시,남촌동,38통,5반,궐 동 687-6∼11
오산시,남촌동,39통,1반,궐 동 693-1∼6
오산시,남촌동,39통,2반,"궐 동 692, 693-11∼16, 693-23"
오산시,남촌동,39통,3반,"궐 동 693-7∼10, 693-22"
오산시,남촌동,39통,4반,궐 동 694-1∼4
오산시,남촌동,39통,5반,궐 동 694-5∼8
오산시,남촌동,40통,1반,궐 동 705-10∼12
오산시,남촌동,40통,2반,궐 동 705-13∼16
오산시,남촌동,40통,3반,"궐 동 707-1, 707-2"
오산시,남촌동,40통,4반,"궐 동 707-3∼6, 707-13"
오산시,남촌동,40통,5반,"궐 동 707-7∼9, 707-14"
오산시,남촌동,40통,6반,"궐 동 707-10∼12, 707-15, 707-16"
오산시,남촌동,41통,1반,궐 동 627-1∼4
오산시,남촌동,41통,2반,"궐 동 628-1∼5, 산12-2, 산12-12, 산12-13"
오산시,남촌동,41통,3반,"궐 동 628-6, 628-7, 629-1∼3"
오산시,남촌동,41통,4반,궐 동 629-4∼11
오산시,남촌동,41통,5반,"궐 동 630-1∼12, 631-1∼3"
오산시,남촌동,42통,1반,"궐 동 676-1∼4, 676-8, 676-9"
오산시,남촌동,42통,2반,궐 동 676-5∼7
오산시,남촌동,42통,3반,궐 동 677-1∼3
오산시,남촌동,42통,4반,궐 동 677-4∼15
오산시,남촌동,42통,5반,궐 동 677-16∼20
오산시,남촌동,42통,6반,"궐 동 678-1∼3, 679-1∼10, 680-1∼3"
오산시,남촌동,43통,1반,청학동 271 오산청학행복주택아파트 101동 101호∼ 104호∼704호
오산시,남촌동,43통,2반,"청학동 271 오산청학행복주택아파트 101동 105호∼ 905호, 106호∼906호, 107호∼907호"
오산시,남촌동,43통,3반,"청학동 271 오산청학행복주택아파트 101동 108호∼ 908호, 109호∼909호, 110호∼910호 271 오산청학행복주택아파트 102동 101호∼"
오산시,남촌동,43통,4반,"청학동 1201호, 102호∼1202호, 103호∼1203호, 104호∼1204호"
오산시,남촌동,43통,5반,"청학동 271 오산청학행복주택아파트 102동 105호∼ 1205호, 106호∼1206호, 107호∼1207호, 108호∼1208호"
오산시,남촌동,44통,1반,청학동 256 오산세교행복주택아파트 701동 105∼412호 
오산시,남촌동,44통,2반,청학동 256 오산세교행복주택아파트 701동 501∼812호
오산시,남촌동,44통,3반,청학동 256 오산세교행복주택아파트 701동 901∼1306호
오산시,남촌동,44통,4반,청학동 256 오산세교행복주택아파트 702동 305∼711호
오산시,남촌동,44통,5반,청학동 256 오산세교행복주택아파트 702동 801∼1111호
오산시,남촌동,44통,6반,청학동 256 오산세교행복주택아파트 702동 1201∼1506호
오산시,남촌동,44통,7반,청학동 256 오산세교행복주택아파트 706동 101∼509호
오산시,남촌동,44통,8반,청학동 256 오산세교행복주택아파트 706동 601∼1009호
오산시,남촌동,44통,9반,청학동 256 오산세교행복주택아파트 706동 1101∼1409호
오산시,남촌동,44통,10반,청학동 256 오산세교행복주택아파트 706동 1501∼1809호
오산시,남촌동,45통,1반,청학동 256 오산세교행복주택아파트 703동 205∼610호 
오산시,남촌동,45통,2반,청학동 256 오산세교행복주택아파트 703동 701∼1005호
오산시,남촌동,45통,3반,청학동 256 오산세교행복주택아파트 703동 1006∼1310호
오산시,남촌동,45통,4반,청학동 256 오산세교행복주택아파트 703동 1401∼1706호
오산시,남촌동,45통,5반,청학동 256 오산세교행복주택아파트 704동 301∼610호
오산시,남촌동,45통,6반,청학동 256 오산세교행복주택아파트 704동 701∼1005호
오산시,남촌동,45통,7반,청학동 256 오산세교행복주택아파트 704동 1006∼1310호
오산시,남촌동,45통,8반,청학동 256 오산세교행복주택아파트 704동 1401∼1807호
오산시,남촌동,45통,9반,청학동 256 오산세교행복주택아파트 705동 101∼509호
오산시,남촌동,45통,10반,청학동 256 오산세교행복주택아파트 705동 601∼1009호
오산시,남촌동,45통,11반,청학동 256 오산세교행복주택아파트 705동 1101∼1409호
오산시,남촌동,45통,12반,청학동 256 오산세교행복주택아파트 705동 1501∼1809호
오산시,남촌동,46통,1반,"궐 동 776 호반써밋라포레 301동 101∼2501호, 302∼2502호"
오산시,남촌동,46통,2반,"궐 동 776 호반써밋라포레 301동 103∼2503호, 104∼2504호"
오산시,남촌동,46통,3반,"궐 동 776 호반써밋라포레 302동 101∼2501호, 302∼2502호"
오산시,남촌동,46통,4반,"궐 동 776 호반써밋라포레 302동 103∼2503호, 104∼2504호"
오산시,남촌동,46통,5반,"궐 동 776 호반써밋라포레 303동 101∼2501호, 302∼2502호"
오산시,남촌동,46통,6반,"궐 동 776 호반써밋라포레 303동 103∼2503호, 204∼2504호"
오산시,남촌동,46통,7반,"궐 동 776 호반써밋라포레 304동 101∼2501호, 302∼2502호"
오산시,남촌동,46통,8반,"궐 동 776 호반써밋라포레 304동 103∼2503호, 104∼2504호"
오산시,남촌동,46통,9반,"궐 동 776 호반써밋라포레 305동 201∼2501호, 202∼2502호"
오산시,남촌동,46통,10반,"궐 동 776 호반써밋라포레 305동 203∼2503호, 204∼2504호"
오산시,남촌동,47통,1반,"궐 동 776 호반써밋라포레 306동 101∼2501호, 102∼2502호"
오산시,남촌동,47통,2반,"궐 동 776 호반써밋라포레 306동 103∼2503호, 104∼2504호"
오산시,남촌동,47통,3반,"궐 동 776 호반써밋라포레 307동 101∼2501호, 102∼2502호"
오산시,남촌동,47통,4반,"궐 동 776 호반써밋라포레 307동 103∼2503호, 104∼2504호"
오산시,남촌동,47통,5반,"궐 동 776 호반써밋라포레 308동 101∼2501호, 102∼2502호"
오산시,남촌동,47통,6반,"궐 동 776 호반써밋라포레 308동 103∼2503호, 104∼2504호"
오산시,남촌동,47통,7반,"궐 동 776 호반써밋라포레 309동 101∼2001호, 102∼2002호"
오산시,남촌동,47통,8반,"궐 동 776 호반써밋라포레 309동 103∼2003호, 104∼2004호"
오산시,남촌동,48통,1반,궐 동 750-1∼756
오산시,남촌동,48통,2반,"궐 동 362-5, 362-7, 364-2∼3, 365-1∼2, 392∼393, 394-1∼2, 396, 397-1∼3, 398-1∼3, 399-1∼2, 400-3, 401 -3, 402∼409, 409-1∼10, 410, 411∼414, 420, 421- 1∼9, 422, 422-1, 423, 424, 425-1∼13, 426, 427-1∼2, 428∼431, 432-1∼9, 433∼40, 441-1∼2, 444, 445-1∼ 2, 446, 447, 448-1∼4, 449-1∼2, 450-1∼2, 451∼453, 454-1∼4, 455-1, 456-1∼457, 464∼468, 468-1, 469, 470, 471-1∼2, 472, 473-1∼2, 474, 475, 475-1, 476, 4 76-1∼2, 477∼481, 481-1, 482-1∼2, 483, 484, 485, 4 85-1∼2, 486, 487-1∼2, 488, 488-2∼4, 496, 535-1∼ 2, 536, 537-1∼6, 538∼543, 543-1∼2, 544∼546, 547 -1∼3, 548, 549, 549-1, 550-1∼4, 551, 552, 553-1∼3, 554, 555, 556-1∼2, 557, 557-1∼3, 558-1, 559-1∼2, 560-1∼8, 561-568, 산33-5, 산36-1∼2, 산38, 산39-1, 산39-3, 산40-1∼3, 산41-3, 산42-2, 산43∼44, 산45- 1∼5, 산45-7, 산45-9∼10, 산45-12∼14, 산45-16∼1 9, 산46-8, 산47, 산47-1, 산48-1∼10, 산50-2, 산53-1, 산53-3, 산54∼56"
오산시,남촌동,48통,3반,궐 동 758-1∼760-8
오산시,남촌동,48통,4반,"궐 동 511-6, 495-3, 484-2, 484-9, 488-7, 489∼484, 494- 1∼2, 495-1∼2, 50-91∼2, 산28-4, 산28-7, 산30-1, 산31-1"
오산시,남촌동,49통,1반,궐 동 767 호반써밋라센트 201동 201∼1303호
오산시,남촌동,49통,2반,궐 동 767 호반써밋라센트 201동 1401∼2503호
오산시,남촌동,49통,3반,"궐 동 767 호반써밋라센트 202동 101∼2301호, 102∼2302호"
오산시,남촌동,49통,4반,"궐 동 767 호반써밋라센트 202동 103∼2403호, 104∼2404호"
오산시,남촌동,49통,5반,"궐 동 767 호반써밋라센트 203동 101∼2301호, 102∼2302호"
오산시,남촌동,49통,6반,"궐 동 767 호반써밋라센트 203동 103∼2203호, 104∼2204호"
오산시,남촌동,49통,7반,궐 동 767 호반써밋라센트 204동 102∼1303호
오산시,남촌동,49통,8반,궐 동 767 호반써밋라센트 204동 1401∼2503호
오산시,남촌동,49통,9반,"궐 동 767 호반써밋라센트 205동 201∼2501호, 202∼2502호"
오산시,남촌동,49통,10반,"궐 동 767 호반써밋라센트 205동 203∼2503호, 104∼2504호"
오산시,남촌동,50통,1반,"궐 동 767 호반써밋라센트 206동 101∼2101호, 102∼2102호"
오산시,남촌동,50통,2반,"궐 동 767 호반써밋라센트 206동 103∼2003호, 104∼2004호"
오산시,남촌동,50통,3반,궐 동 767 호반써밋라센트 207동
오산시,남촌동,50통,4반,궐 동 767 호반써밋라센트 208동
오산시,남촌동,50통,5반,궐 동 767 호반써밋라센트 209동
오산시,남촌동,50통,6반,궐 동 767 호반써밋라센트 210동
오산시,남촌동,50통,7반,"궐 동 767 호반써밋라센트 211동 101∼2501호, 202∼2502호"
오산시,남촌동,50통,8반,"궐 동 767 호반써밋라센트 211동 103∼2503호, 104∼2504호"
오산시,남촌동,50통,9반,궐 동 767 호반써밋라센트 212동
오산시,남촌동,50통,10반,궐 동 767 호반써밋라센트 213동
오산시,남촌동,50통,11반,궐 동 767 호반써밋라센트 214동
오산시,남촌동,51통,1반,궐 동 824 중흥S클래스 에듀파크 501동 201호∼1203호 
오산시,남촌동,51통,2반,궐 동 824 중흥S클래스 에듀파크 501동 1205호∼2303호
오산시,남촌동,51통,3반,궐 동 824 중흥S클래스 에듀파크 502동 201호∼1202호
오산시,남촌동,51통,4반,궐 동 824 중흥S클래스 에듀파크 502동 1203호∼2306호
오산시,남촌동,51통,5반,궐 동 824 중흥S클래스 에듀파크 503동 201호∼1202호
오산시,남촌동,51통,6반,궐 동 824 중흥S클래스 에듀파크 503동 1203호∼2306호
오산시,남촌동,51통,7반,궐 동 824 중흥S클래스 에듀파크 504동 201호∼1206호
오산시,남촌동,51통,8반,궐 동 824 중흥S클래스 에듀파크 504동 1301호∼2502호
오산시,남촌동,52통,1반,궐 동 824 중흥S클래스 에듀파크 505동 201호∼2502호 
오산시,남촌동,52통,2반,궐 동 824 중흥S클래스 에듀파크 505동 203호∼2305호
오산시,남촌동,52통,3반,궐 동 824 중흥S클래스 에듀파크 506동 201호∼2502호
오산시,남촌동,52통,4반,궐 동 824 중흥S클래스 에듀파크 506동 203호∼2305호
오산시,남촌동,52통,5반,궐 동 824 중흥S클래스 에듀파크 507동 201호∼2502호
오산시,남촌동,52통,6반,궐 동 824 중흥S클래스 에듀파크 507동 203호∼2503호
오산시,남촌동,52통,7반,궐 동 824 중흥S클래스 에듀파크 508동 201호∼2502호
오산시,남촌동,52통,8반,궐 동 824 중흥S클래스 에듀파크 508동 203호∼2505호
오산시,남촌동,53통,1반,궐 동 824 중흥S클래스 에듀파크 509동 101호∼806호 
오산시,남촌동,53통,2반,궐 동 824 중흥S클래스 에듀파크 509동 901호∼1606호
오산시,남촌동,53통,3반,궐 동 824 중흥S클래스 에듀파크 509동 1701호∼2506호
오산시,남촌동,53통,4반,궐 동 824 중흥S클래스 에듀파크 510동 101호∼806호
오산시,남촌동,53통,5반,궐 동 824 중흥S클래스 에듀파크 510동 901호∼1606호
오산시,남촌동,53통,6반,궐 동 824 중흥S클래스 에듀파크 510동 1701호∼2506호
오산시,남촌동,53통,7반,궐 동 824 중흥S클래스 에듀파크 511동 201호∼2502호
오산시,남촌동,53통,8반,궐 동 824 중흥S클래스 에듀파크 511동 203호∼2505호
오산시,남촌동,53통,9반,궐 동 824 중흥S클래스 에듀파크 512동 201호∼2502호
오산시,남촌동,53통,10반,궐 동 824 중흥S클래스 에듀파크 512동 203호∼2505호
오산시,남촌동,54통,1반,"궐 동 439 오산세교파라곤  401동 201∼2501호, 102∼2502호"
오산시,남촌동,54통,2반,"궐 동 439 오산세교파라곤 401동 203∼2303호, 104∼2304호"
오산시,남촌동,54통,3반,"궐 동 439 오산세교파라곤 402동 101∼2501호, 102∼2502호"
오산시,남촌동,54통,4반,"궐 동 439 오산세교파라곤 402동 103∼2203호, 104∼2204호"
오산시,남촌동,54통,5반,"궐 동 439 오산세교파라곤 403동 101∼2401호, 102∼2402호"
오산시,남촌동,54통,6반,"궐 동 439 오산세교파라곤 403동 103∼2203호, 104∼2204호"
오산시,남촌동,54통,7반,"궐 동 439 오산세교파라곤 404동 101∼2101호, 102∼2102호"
오산시,남촌동,54통,8반,"궐 동 439 오산세교파라곤 404동 103∼1803호, 104∼1804호"
오산시,남촌동,54통,9반,"궐 동 439 오산세교파라곤 405동 201∼2501호, 102∼2502호"
오산시,남촌동,54통,10반,"궐 동 439 오산세교파라곤 405동 103∼2503호, 204∼2504호"
오산시,남촌동,54통,11반,"궐 동 439 오산세교파라곤 406동 101∼2501호, 102∼2502호"
오산시,남촌동,54통,12반,"궐 동 439 오산세교파라곤 406동 103∼2503호, 104∼2504호"
오산시,남촌동,55통,1반,"궐 동 439 오산세교파라곤  407동 101∼2501호, 102∼2502호"
오산시,남촌동,55통,2반,"궐 동 439 오산세교파라곤 407동 103∼2503호, 104∼2504호"
오산시,남촌동,55통,3반,"궐 동 439 오산세교파라곤 408동 101∼2101호, 102∼2102호"
오산시,남촌동,55통,4반,"궐 동 439 오산세교파라곤 408동 103∼2103호, 104∼2104호"
오산시,남촌동,55통,5반,"궐 동 439 오산세교파라곤 409동 201∼2101호, 102∼2102호"
오산시,남촌동,55통,6반,"궐 동 439 오산세교파라곤 409동 103∼2103호, 204∼2104호"
오산시,남촌동,55통,7반,"궐 동 439 오산세교파라곤 410동 101∼2501호, 102∼2502호"
오산시,남촌동,55통,8반,"궐 동 439 오산세교파라곤 410동 103∼2503호, 104∼2504호"
오산시,남촌동,55통,9반,"궐 동 439 오산세교파라곤 411동 101∼2201호, 102∼2202호"
오산시,남촌동,55통,10반,"궐 동 439 오산세교파라곤 411동 103∼2203호, 104∼2204호"
오산시,남촌동,55통,11반,"궐 동 439 오산세교파라곤 412동 101∼1501호, 102∼1502호"
오산시,남촌동,55통,12반,"궐 동 439 오산세교파라곤 413동 201∼1501호, 202∼1501호"
오산시,신장1동,1통,1반,"금암동 509 휴먼시아아파트307동101∼1501호, 102∼1502호"
오산시,신장1동,1통,2반,"금암동 509 휴먼시아아파트307동103∼1503호, 104∼1504호"
오산시,신장1동,1통,3반,"금암동 509 휴먼시아아파트307동205∼1505호, 106∼1506호"
오산시,신장1동,1통,4반,"금암동 509 휴먼시아아파트307동107∼1507호, 108∼1508호"
오산시,신장1동,1통,5반,"금암동 509 휴먼시아아파트308동101∼1501호, 102∼1502호"
오산시,신장1동,1통,6반,"금암동 509 휴먼시아아파트308동203∼1503호, 104∼1504호"
오산시,신장1동,1통,7반,"금암동 509 휴먼시아아파트308동105∼1505호, 106∼1506호"
오산시,신장1동,1통,8반,"금암동 509 휴먼시아아파트309동101∼1501호, 102∼1502호"
오산시,신장1동,1통,9반,"금암동 509 휴먼시아아파트309동103∼1503호, 104∼1504호"
오산시,신장1동,1통,10반,"금암동 509 휴먼시아아파트309동105∼1505호, 106∼1506호"
오산시,신장1동,1통,11반,"금암동 509 휴먼시아아파트310동101∼2001호, 102∼2002호"
오산시,신장1동,1통,12반,"금암동 509 휴먼시아아파트310동103∼2003호, 104∼2004호"
오산시,신장1동,1통,13반,"금암동 509 휴먼시아아파트310동105∼2005호, 106∼2006호"
오산시,신장1동,2통,1반,"금암동 509 휴먼시아아파트311동101∼1401호, 102∼1402호, 103∼1403호"
오산시,신장1동,2통,2반,"금암동 509 휴먼시아아파트311동104∼1404호, 105∼1405호"
오산시,신장1동,2통,3반,"금암동 509 휴먼시아아파트312동101∼2001호, 102∼2002호"
오산시,신장1동,2통,4반,"금암동 509 휴먼시아아파트312동103∼2003호, 104∼2004호"
오산시,신장1동,2통,5반,"금암동 509 휴먼시아아파트312동105∼2005호, 106∼2006호"
오산시,신장1동,2통,6반,"금암동 509 휴먼시아아파트313동101∼1401호, 202∼1402호"
오산시,신장1동,2통,7반,"금암동 509 휴먼시아아파트313동203∼1403호, 104∼1404호"
오산시,신장1동,2통,8반,"금암동 509 휴먼시아아파트314동101∼2001호, 102∼2002호"
오산시,신장1동,2통,9반,"금암동 509 휴먼시아아파트314동103∼2003호, 104∼2004호"
오산시,신장1동,2통,10반,"금암동 509 휴먼시아아파트314동105∼2005호, 106∼2006호"
오산시,신장1동,3통,1반,"금암동 509 휴먼시아아파트301동101∼1501호, 102∼1502호"
오산시,신장1동,3통,2반,"금암동 509 휴먼시아아파트301동103∼1503호, 104∼1504호"
오산시,신장1동,3통,3반,"금암동 509 휴먼시아아파트302동101∼1301호, 102∼1302호, 103∼1503호, 상가"
오산시,신장1동,3통,4반,"금암동 509 휴먼시아아파트302동104∼1504호, 105∼1505호"
오산시,신장1동,3통,5반,"금암동 509 휴먼시아아파트303동101∼1401호, 102∼1402호, 103∼1503호"
오산시,신장1동,3통,6반,"금암동 509 휴먼시아아파트303동104∼1504호, 105∼1505호"
오산시,신장1동,3통,7반,"금암동 509 휴먼시아아파트304동101∼1301호, 102∼1302호, 103∼1503호"
오산시,신장1동,3통,8반,"금암동 509 휴먼시아아파트304동104∼1504호, 105∼1505호"
오산시,신장1동,3통,9반,"금암동 509 휴먼시아아파트305동101∼1301호, 102∼1302호, 510, 510-1, 512-1∼7"
오산시,신장1동,3통,10반,"금암동 509 휴먼시아아파트305동103∼1503호, 104∼1504호"
오산시,신장1동,3통,11반,"금암동 509 휴먼시아아파트305동105∼1505호, 106∼1506호"
오산시,신장1동,3통,12반,"금암동 509 휴먼시아아파트306동101∼2001호, 102∼2002호"
오산시,신장1동,3통,13반,"금암동 509 휴먼시아아파트306동103∼2003호, 204∼2004호"
오산시,신장1동,3통,14반,"금암동 509 휴먼시아아파트306동105∼2005호, 106∼2006호"
오산시,신장1동,4통,1반,"금암동 483 휴먼시아아파트801동101∼1601호, 102∼1602호, 상가"
오산시,신장1동,4통,2반,"금암동 483 휴먼시아아파트801동103∼1603호, 104∼1604호"
오산시,신장1동,4통,3반,"금암동 483 휴먼시아아파트801동105∼1605호, 106∼1606호"
오산시,신장1동,4통,4반,"금암동 483 휴먼시아아파트802동101∼1801호, 102∼1802호"
오산시,신장1동,4통,5반,"금암동 483 휴먼시아아파트802동103∼1803호, 104∼1804호"
오산시,신장1동,4통,6반,"금암동 483 휴먼시아아파트802동105∼1805호, 106∼1806호"
오산시,신장1동,4통,7반,"금암동 483 휴먼시아아파트803동101∼2001호, 202∼2002호"
오산시,신장1동,4통,8반,"금암동 483 휴먼시아아파트803동103∼2003호, 104∼2004호"
오산시,신장1동,4통,9반,"금암동 483 휴먼시아아파트803동105∼2005호, 106∼2006호"
오산시,신장1동,4통,10반,"금암동 483 휴먼시아아파트804동101∼2001호, 302∼2002호"
오산시,신장1동,4통,11반,"금암동 483 휴먼시아아파트804동103∼2003호, 104∼2004호"
오산시,신장1동,4통,12반,"금암동 483 휴먼시아아파트804동105∼2005호, 106∼2006호"
오산시,신장1동,5통,1반,"금암동 483 휴먼시아아파트805동101∼1501호, 102∼1502호"
오산시,신장1동,5통,2반,"금암동 483 휴먼시아아파트805동303∼1503호, 104∼1504호, 105∼1505호"
오산시,신장1동,5통,3반,"금암동 483 휴먼시아아파트806동101∼1401호, 102∼1402호"
오산시,신장1동,5통,4반,"금암동 483 휴먼시아아파트806동303∼1403호, 104∼1404호"
오산시,신장1동,5통,5반,"금암동 483 휴먼시아아파트807동301∼1501호, 302∼1502호"
오산시,신장1동,5통,6반,"금암동 483 휴먼시아아파트807동303∼1503호, 304∼1504호"
오산시,신장1동,5통,7반,"금암동 483 휴먼시아아파트808동101∼1401호, 102∼1402호"
오산시,신장1동,5통,8반,"금암동 483 휴먼시아아파트808동203∼1403호, 104∼1404호"
오산시,신장1동,5통,9반,"금암동 483 휴먼시아아파트809동101∼1401호, 102∼1402호"
오산시,신장1동,5통,10반,"금암동 483 휴먼시아아파트809동103∼1403호, 104∼1404호, 105∼1405호"
오산시,신장1동,5통,11반,"금암동 483 휴먼시아아파트810동101∼1301호, 102∼1302호"
오산시,신장1동,5통,12반,"금암동 483 휴먼시아아파트810동103∼1303호, 104∼1304호"
오산시,신장1동,5통,13반,"금암동 483 휴먼시아아파트810동105∼1305호, 106∼1306호, 107∼1307호"
오산시,신장1동,6통,1반,"금암동 485 휴먼시아아파트1001동101∼1501호, 102∼1502호, 상가"
오산시,신장1동,6통,2반,"금암동 485 휴먼시아아파트1001동103∼1503호, 104∼1504호"
오산시,신장1동,6통,3반,"금암동 485 휴먼시아아파트1002동101∼1501호, 102∼1502호"
오산시,신장1동,6통,4반,"금암동 485 휴먼시아아파트1002동103∼1503호, 104∼1504호"
오산시,신장1동,6통,5반,"금암동 485 휴먼시아아파트1003동101∼1501호, 102∼1502호"
오산시,신장1동,6통,6반,"금암동 485 휴먼시아아파트1003동303∼1503호, 104∼1504호"
오산시,신장1동,6통,7반,"금암동 485 휴먼시아아파트1003동105∼1505호, 106∼1506호"
오산시,신장1동,6통,8반,"금암동 485 휴먼시아아파트1004동101∼1501호, 102∼1502호"
오산시,신장1동,6통,9반,"금암동 485 휴먼시아아파트1004동303∼1503호, 104∼1504호"
오산시,신장1동,6통,10반,"금암동 485 휴먼시아아파트1004동105∼1505호, 106∼1506호"
오산시,신장1동,6통,11반,"금암동 485 휴먼시아아파트1005동101∼2001호, 102∼2002호"
오산시,신장1동,6통,12반,"금암동 485 휴먼시아아파트1005동103∼2003호, 104∼2004호"
오산시,신장1동,6통,13반,"금암동 485 휴먼시아아파트1005동105∼2005호, 106∼2006호"
오산시,신장1동,7통,1반,"금암동 485 휴먼시아아파트1006동101∼1401호, 102∼1402호"
오산시,신장1동,7통,2반,"금암동 485 휴먼시아아파트1006동103∼1503호, 104∼1504호"
오산시,신장1동,7통,3반,"금암동 485 휴먼시아아파트1006동305∼1505호, 106∼1506호"
오산시,신장1동,7통,4반,"금암동 485 휴먼시아아파트1007동101∼2001호, 102∼2002호"
오산시,신장1동,7통,5반,"금암동 485 휴먼시아아파트1007동303∼2003호, 304∼2004호"
오산시,신장1동,7통,6반,"금암동 485 휴먼시아아파트1007동305∼2005호, 306∼2006호"
오산시,신장1동,7통,7반,"금암동 485 휴먼시아아파트1008동101∼1401호, 102∼1402호"
오산시,신장1동,7통,8반,"금암동 485 휴먼시아아파트1008동103∼1503호, 304∼1504호, 105∼1505호"
오산시,신장1동,7통,9반,"금암동 485 휴먼시아아파트1009동101∼2001호, 302∼2002호"
오산시,신장1동,7통,10반,"금암동 485 휴먼시아아파트1009동103∼2003호, 104∼2004호"
오산시,신장1동,7통,11반,"금암동 485 휴먼시아아파트1009동305∼2005호, 306∼2006호"
오산시,신장1동,8통,1반,"금암동 485 휴먼시아아파트1010동101∼1401호, 102∼1402호"
오산시,신장1동,8통,2반,"금암동 485 휴먼시아아파트1010동103∼1503호, 304∼1504호, 105∼1505호"
오산시,신장1동,8통,3반,"금암동 485 휴먼시아아파트1011동101∼1401호, 102∼1402호"
오산시,신장1동,8통,4반,"금암동 485 휴먼시아아파트1011동103∼1503호, 104∼1504호"
오산시,신장1동,8통,5반,"금암동 485 휴먼시아아파트1011동105∼1505호, 106∼1506호"
오산시,신장1동,8통,6반,"금암동 485 휴먼시아아파트1011동107∼1507호, 108∼1508호"
오산시,신장1동,8통,7반,"금암동 485 휴먼시아아파트1012동101∼1501호, 102∼1502호"
오산시,신장1동,8통,8반,"금암동 485 휴먼시아아파트1012동103∼1503호, 104∼1504호"
오산시,신장1동,8통,9반,"금암동 485 휴먼시아아파트1013동101∼2001호, 202∼2002호"
오산시,신장1동,8통,10반,"금암동 485 휴먼시아아파트1013동103∼2003호, 104∼2004호"
오산시,신장1동,8통,11반,"금암동 485 휴먼시아아파트1013동105∼2005호, 106∼2006호"
오산시,신장1동,9통,1반,"금암동 513 휴먼시아아파트401동101∼2001호, 102∼2002호"
오산시,신장1동,9통,2반,"금암동 513 휴먼시아아파트401동103∼2003호, 104∼2004호"
오산시,신장1동,9통,3반,"금암동 513 휴먼시아아파트401동205∼2005호, 206∼2006호"
오산시,신장1동,9통,4반,"금암동 513 휴먼시아아파트402동101∼1801호, 102∼1802호"
오산시,신장1동,9통,5반,"금암동 513 휴먼시아아파트402동203∼1803호, 104∼1804호"
오산시,신장1동,9통,6반,"금암동 513 휴먼시아아파트402동105∼1805호, 106∼1806호"
오산시,신장1동,9통,7반,"금암동 513 휴먼시아아파트403동101∼1801호, 102∼1802호"
오산시,신장1동,9통,8반,"금암동 513 휴먼시아아파트403동103∼1803호, 104∼1804호"
오산시,신장1동,10통,1반,"금암동 513 휴먼시아아파트404동101∼2001호, 102∼2002호"
오산시,신장1동,10통,2반,"금암동 513 휴먼시아아파트404동103∼2003호, 204∼2004호"
오산시,신장1동,10통,3반,"금암동 513 휴먼시아아파트404동105∼2005호, 106∼2006호"
오산시,신장1동,10통,4반,"금암동 513 휴먼시아아파트405동101∼2001호, 102∼2002호"
오산시,신장1동,10통,5반,"금암동 513 휴먼시아아파트405동103∼2003호, 204∼2004호"
오산시,신장1동,10통,6반,"금암동 513 휴먼시아아파트405동105∼2005호, 106∼2006호"
오산시,신장1동,10통,7반,"금암동 513 휴먼시아아파트406동101∼1801호, 102∼1002호"
오산시,신장1동,10통,8반,"금암동 513 휴먼시아아파트406동1102∼1802호, 103∼1803호"
오산시,신장1동,10통,9반,"금암동 513 휴먼시아아파트406동104∼1804호, 105∼1805호"
오산시,신장1동,10통,10반,"금암동 513 휴먼시아아파트407동101∼1401호, 102∼1402호"
오산시,신장1동,10통,11반,"금암동 513 휴먼시아아파트407동103∼1403호, 104∼1404호"
오산시,신장1동,11통,1반,"금암동 513 휴먼시아아파트408동101∼2001호, 102∼2002호"
오산시,신장1동,11통,2반,"금암동 513 휴먼시아아파트408동103∼2003호, 104∼2004호"
오산시,신장1동,11통,3반,"금암동 513 휴먼시아아파트408동205∼2005호, 206∼2006호"
오산시,신장1동,11통,4반,"금암동 513 휴먼시아아파트409동101∼1501호, 102∼1502호"
오산시,신장1동,11통,5반,"금암동 513 휴먼시아아파트409동103∼1503호, 104∼1504호"
오산시,신장1동,11통,6반,"금암동 513 휴먼시아아파트410동101∼1501호, 102∼1502호"
오산시,신장1동,11통,7반,"금암동 513 휴먼시아아파트410동203∼1503호, 204∼1504호, 105∼1505호"
오산시,신장1동,11통,8반,"금암동 513 휴먼시아아파트410동106∼1506호, 107∼1507호"
오산시,신장1동,11통,9반,"금암동 513 휴먼시아아파트411동101∼1301호, 102∼1302호, 상가"
오산시,신장1동,11통,10반,"금암동 513 휴먼시아아파트411동203∼1303호, 104∼1304호"
오산시,신장1동,11통,11반,"금암동 513 휴먼시아아파트412동101∼1501호, 102∼1502호"
오산시,신장1동,11통,12반,"금암동 513 휴먼시아아파트412동203∼1503호, 204∼1504호"
오산시,신장1동,12통,1반,"금암동 517 세교센트럴파크508동101∼1201호, 102∼1202호"
오산시,신장1동,12통,2반,"금암동 517 세교센트럴파크508동103∼1203호, 104∼1204호"
오산시,신장1동,12통,3반,"금암동 517 세교센트럴파크509동201∼1201호, 202∼1202호"
오산시,신장1동,12통,4반,"금암동 517 세교센트럴파크509동203∼1203호, 204∼1204호, 516-1∼6, 517-2"
오산시,신장1동,12통,5반,"금암동 517 세교센트럴파크510동101∼1501호, 202∼1502호"
오산시,신장1동,12통,6반,"금암동 517 세교센트럴파크510동203∼1503호, 104∼1504호"
오산시,신장1동,12통,7반,"금암동 517 세교센트럴파크511동101∼1701호, 202∼1702호"
오산시,신장1동,12통,8반,"금암동 517 세교센트럴파크511동203∼1703호, 104∼1704호"
오산시,신장1동,12통,9반,"금암동 517 세교센트럴파크512동101∼1601호, 102∼1602호"
오산시,신장1동,12통,10반,"금암동 517 세교센트럴파크512동103∼1603호, 104∼1604호"
오산시,신장1동,12통,11반,"금암동 517 세교센트럴파크513동101∼1701호, 202∼1702호"
오산시,신장1동,12통,12반,"금암동 517 세교센트럴파크513동203∼1703호, 104∼1704호"
오산시,신장1동,12통,13반,"금암동 517 세교센트럴파크514동101∼1601호, 102∼1602호"
오산시,신장1동,12통,14반,"금암동 517 세교센트럴파크514동103∼1603호, 104∼1604호"
오산시,신장1동,13통,1반,"금암동 517 세교센트럴파크501동101∼1501호, 102∼1502호, 상가"
오산시,신장1동,13통,2반,"금암동 517 세교센트럴파크501동103∼1503호, 104∼1504호"
오산시,신장1동,13통,3반,"금암동 517 세교센트럴파크502동101∼1601호, 202∼1602호"
오산시,신장1동,13통,4반,"금암동 517 세교센트럴파크502동103∼1603호, 104∼1604호"
오산시,신장1동,13통,5반,"금암동 517 세교센트럴파크503동101∼1001호, 102∼1002호"
오산시,신장1동,13통,6반,"금암동 517 세교센트럴파크503동103∼1003호, 104∼1004호"
오산시,신장1동,13통,7반,"금암동 517 세교센트럴파크504동101∼1801호, 102∼1802호"
오산시,신장1동,13통,8반,"금암동 517 세교센트럴파크504동203∼1803호, 104∼1804호"
오산시,신장1동,13통,9반,"금암동 517 세교센트럴파크505동101∼1801호, 102∼1802호"
오산시,신장1동,13통,10반,"금암동 517 세교센트럴파크505동203∼1803호, 104∼1804호"
오산시,신장1동,13통,11반,"금암동 517 세교센트럴파크506동101∼1801호, 102∼1802호"
오산시,신장1동,13통,12반,"금암동 517 세교센트럴파크506동203∼1803호, 104∼1804호"
오산시,신장1동,13통,13반,"금암동 517 세교센트럴파크507동101∼1601호, 102∼1602호"
오산시,신장1동,13통,14반,"금암동 517 세교센트럴파크507동203∼1603호, 104∼1604호"
오산시,신장1동,14통,1반,"금암동 496 죽미마을휴튼9단지아파트907동101∼2001호, 102∼2002호"
오산시,신장1동,14통,2반,"금암동 496 죽미마을휴튼9단지아파트907동103∼2003호, 104∼1704호"
오산시,신장1동,14통,3반,"금암동 496 죽미마을휴튼9단지아파트908동301∼1701호, 102∼1702호"
오산시,신장1동,14통,4반,"금암동 496 죽미마을휴튼9단지아파트908동103∼1703호, 104∼1704호"
오산시,신장1동,14통,5반,"금암동 496 죽미마을휴튼9단지아파트909동101∼2001호, 102∼1902호"
오산시,신장1동,14통,6반,"금암동 496 죽미마을휴튼9단지아파트909동103∼1903호, 104∼2004호"
오산시,신장1동,14통,7반,"금암동 496 죽미마을휴튼9단지아파트910동101∼2001호, 102∼1902호"
오산시,신장1동,14통,8반,"금암동 496 죽미마을휴튼9단지아파트910동103∼1903호, 104∼2004호"
오산시,신장1동,14통,9반,"금암동 496 죽미마을휴튼9단지아파트911동101∼1701호, 102∼1702호"
오산시,신장1동,14통,10반,"금암동 496 죽미마을휴튼9단지아파트912동101∼2001호, 102∼1902호"
오산시,신장1동,14통,11반,"금암동 496 죽미마을휴튼9단지아파트912동103∼1903호, 104∼2004호"
오산시,신장1동,15통,1반,"금암동 496 죽미마을휴튼9단지아파트901동101∼1201호, 102∼1202호"
오산시,신장1동,15통,2반,"금암동 496 죽미마을휴튼9단지아파트901동103∼1303호, 104∼1304호"
오산시,신장1동,15통,3반,"금암동 496 죽미마을휴튼9단지아파트902동101∼1601호, 302∼1602호"
오산시,신장1동,15통,4반,"금암동 496 죽미마을휴튼9단지아파트902동103∼1703호, 104∼1704호"
오산시,신장1동,15통,5반,"금암동 496 죽미마을휴튼9단지아파트903동101∼1601호, 102∼1602호"
오산시,신장1동,15통,6반,"금암동 496 죽미마을휴튼9단지아파트903동103∼2003호, 204∼2004호"
오산시,신장1동,15통,7반,"금암동 496 죽미마을휴튼9단지아파트904동101∼1601호, 102∼1602호"
오산시,신장1동,15통,8반,"금암동 496 죽미마을휴튼9단지아파트904동103∼2003호, 104∼2004호"
오산시,신장1동,15통,9반,"금암동 496 죽미마을휴튼9단지아파트905동101∼1601호, 102∼1602호"
오산시,신장1동,15통,10반,"금암동 496 죽미마을휴튼9단지아파트905동103∼1903호, 104∼1904호"
오산시,신장1동,15통,11반,"금암동 496 죽미마을휴튼9단지아파트906동101∼1601호, 102∼1802호"
오산시,신장1동,15통,12반,"금암동 500-1∼3, 500-5, 501-1∼4, 502-1∼2, 502-4∼5, 503-1∼3"
오산시,신장1동,16통,1반,금암동 498 꿈에그린더센트럴1101동101∼2501호
오산시,신장1동,16통,2반,금암동 498 꿈에그린더센트럴1101동102∼2402호
오산시,신장1동,16통,3반,금암동 498 꿈에그린더센트럴1101동103∼2503호
오산시,신장1동,16통,4반,금암동 498 꿈에그린더센트럴1101동104∼2504호
오산시,신장1동,16통,5반,금암동 498 꿈에그린더센트럴1102동101∼2501호
오산시,신장1동,16통,6반,금암동 498 꿈에그린더센트럴1102동102∼2402호
오산시,신장1동,16통,7반,금암동 498 꿈에그린더센트럴1102동103∼2503호
오산시,신장1동,16통,8반,금암동 498 꿈에그린더센트럴1102동104∼2504호
오산시,신장1동,16통,9반,금암동 498 꿈에그린더센트럴1103동101∼2501호
오산시,신장1동,16통,10반,금암동 498 꿈에그린더센트럴1103동102∼2502호
오산시,신장1동,16통,11반,금암동 498 꿈에그린더센트럴1103동103∼2503호
오산시,신장1동,16통,12반,금암동 498 꿈에그린더센트럴1103동104∼2404호
오산시,신장1동,17통,1반,"금암동 499 세교서희스타힐스1201동101∼1801호, 102∼1802호"
오산시,신장1동,17통,2반,"금암동 499 세교서희스타힐스1201동103∼1803호, 104∼1804호"
오산시,신장1동,17통,3반,"금암동 499 세교서희스타힐스1202동101∼1801호, 102∼1802호"
오산시,신장1동,17통,4반,"금암동 499 세교서희스타힐스1202동103∼1803호, 104∼1804호"
오산시,신장1동,17통,5반,"금암동 499 세교서희스타힐스1203동101∼1801호, 102∼1802호"
오산시,신장1동,17통,6반,"금암동 499 세교서희스타힐스1204동101∼1201호, 102∼1202호, 103∼1203호, 104∼1204호"
오산시,신장1동,17통,7반,"금암동 499 세교서희스타힐스1205동101∼1701호, 102∼1702호"
오산시,신장1동,17통,8반,"금암동 499 세교서희스타힐스1206동101∼1401호, 102∼1402호"
오산시,신장1동,17통,9반,"금암동 499 세교서희스타힐스1206동103∼1403호, 104∼1404호"
오산시,신장1동,17통,10반,"금암동 499 세교서희스타힐스1207동301∼1601호, 102∼1602호"
오산시,신장1동,17통,11반,"금암동 499 세교서희스타힐스1207동103∼1603호, 104∼1604호"
오산시,신장1동,17통,12반,"금암동 499 세교서희스타힐스1208동101∼1601호, 102∼1602호"
오산시,신장1동,18통,1반,"금암동 493-1∼10, 494-1∼5, 495-1∼2"
오산시,신장1동,18통,2반,"금암동 490-1∼9, 491-1∼5, 492-1∼10"
오산시,신장1동,18통,3반,내삼미동 850-1∼12
오산시,신장1동,18통,4반,내삼미동 857-1∼11
오산시,신장1동,18통,5반,"내삼미동 885-2∼5, 886, 887-1∼5, 887-7∼9, 888-1, 889"
오산시,신장1동,19통,1반,"금암동 515 세교데시앙포레601동101∼2001호, 102∼1902호"
오산시,신장1동,19통,2반,"금암동 515 세교데시앙포레601동103∼2003호, 104∼1904호"
오산시,신장1동,19통,3반,"금암동 515 세교데시앙포레602동101∼2001호, 102∼1902호"
오산시,신장1동,19통,4반,"금암동 515 세교데시앙포레602동103∼2003호, 104∼1904호"
오산시,신장1동,19통,5반,"금암동 515 세교데시앙포레603동101∼2001호, 102∼2002호"
오산시,신장1동,19통,6반,"금암동 515 세교데시앙포레603동103∼1803호, 104∼1804호, 618동101∼201호, 102∼202호, 619동101∼201호, 102∼202호"
오산시,신장1동,19통,7반,"금암동 515 세교데시앙포레604동101∼2001호, 102∼2002호"
오산시,신장1동,19통,8반,"금암동 515 세교데시앙포레604동103∼1903호, 104∼1804호"
오산시,신장1동,19통,9반,"금암동 515 세교데시앙포레605동101∼2001호, 302∼1902호"
오산시,신장1동,19통,10반,"금암동 515 세교데시앙포레605동103∼2003호, 104∼1904호"
오산시,신장1동,20통,1반,"금암동 515 세교데시앙포레606동301∼1801호, 102∼1702호"
오산시,신장1동,20통,2반,"금암동 515 세교데시앙포레606동103∼2003호, 104∼1904호"
오산시,신장1동,20통,3반,"금암동 515 세교데시앙포레607동101∼2001호, 102∼2002호"
오산시,신장1동,20통,4반,"금암동 515 세교데시앙포레607동103∼1903호, 104∼1804호"
오산시,신장1동,20통,5반,"금암동 515 세교데시앙포레608동101∼2001호, 102∼1902호"
오산시,신장1동,20통,6반,"금암동 515 세교데시앙포레608동103∼2003호, 104∼1904호"
오산시,신장1동,20통,7반,금암동 515 세교데시앙포레609동101∼2001호
오산시,신장1동,20통,8반,금암동 515 세교데시앙포레609동102∼2002호
오산시,신장1동,20통,9반,금암동 515 세교데시앙포레609동103∼2003호
오산시,신장1동,20통,10반,금암동 515 세교데시앙포레610동101∼1801호
오산시,신장1동,20통,11반,금암동 515 세교데시앙포레610동102∼2002호
오산시,신장1동,20통,12반,금암동 515 세교데시앙포레610동103∼2003호
오산시,신장1동,21통,1반,"금암동 515 세교데시앙포레611동101∼1501호, 102∼1502호"
오산시,신장1동,21통,2반,금암동 515 세교데시앙포레612동101∼2001호
오산시,신장1동,21통,3반,금암동 515 세교데시앙포레612동102∼2002호
오산시,신장1동,21통,4반,금암동 515 세교데시앙포레612동103∼2003호
오산시,신장1동,21통,5반,금암동 515 세교데시앙포레613동101∼2001호
오산시,신장1동,21통,6반,"금암동 515 세교데시앙포레613동102∼2002호, 103∼1703호"
오산시,신장1동,21통,7반,"금암동 515 세교데시앙포레614동101∼1501호, 102∼1502호"
오산시,신장1동,21통,8반,"금암동 515 세교데시앙포레615동101∼1501호, 102∼1502호"
오산시,신장1동,21통,9반,금암동 515 세교데시앙포레616동101∼2001호
오산시,신장1동,21통,10반,금암동 515 세교데시앙포레616동102∼2002호
오산시,신장1동,21통,11반,금암동 515 세교데시앙포레616동103∼2003호
오산시,신장1동,21통,12반,"금암동 515 세교데시앙포레617동101∼1501호, 102∼2002호"
오산시,신장1동,21통,13반,"금암동 515 세교데시앙포레617동103∼2003호, 상가"
오산시,신장1동,22통,1반,"금암동 522 휴먼시아아파트701동101∼1501호, 102∼1502호, 상가"
오산시,신장1동,22통,2반,"금암동 522 휴먼시아아파트701동103∼1503호, 104∼1504호"
오산시,신장1동,22통,3반,"금암동 522 휴먼시아아파트701동105∼1505호, 106∼1306호, 107∼1307호"
오산시,신장1동,22통,4반,"금암동 522 휴먼시아아파트702동101∼1201호, 102∼1202호"
오산시,신장1동,22통,5반,"금암동 522 휴먼시아아파트702동103∼1403호, 104∼1404호, 105∼1405호"
오산시,신장1동,22통,6반,"금암동 522 휴먼시아아파트703동101∼1001호, 102∼1002호"
오산시,신장1동,22통,7반,"금암동 522 휴먼시아아파트703동103∼1203호, 104∼1204호"
오산시,신장1동,22통,8반,"금암동 522 휴먼시아아파트703동105∼1205호, 106∼1206호"
오산시,신장1동,22통,9반,"금암동 522 휴먼시아아파트703동107∼1207호, 108∼1208호"
오산시,신장1동,22통,10반,"금암동 522 휴먼시아아파트704동101∼1001호, 302∼1002호"
오산시,신장1동,22통,11반,"금암동 522 휴먼시아아파트704동303∼1203호, 104∼1204호"
오산시,신장1동,22통,12반,"금암동 522 휴먼시아아파트705동101∼1201호, 102∼1202호, 103∼1203호"
오산시,신장1동,22통,13반,"금암동 522 휴먼시아아파트705동104∼1504호, 105∼1505호"
오산시,신장1동,23통,1반,"금암동 522 휴먼시아아파트706동101∼1501호, 102∼1502호"
오산시,신장1동,23통,2반,"금암동 522 휴먼시아아파트706동103∼1503호, 104∼1504호"
오산시,신장1동,23통,3반,"금암동 522 휴먼시아아파트706동105∼1505호, 106∼1506호"
오산시,신장1동,23통,4반,"금암동 522 휴먼시아아파트707동301∼1501호, 102∼1502호"
오산시,신장1동,23통,5반,"금암동 522 휴먼시아아파트707동103∼1503호, 104∼1504호"
오산시,신장1동,23통,6반,"금암동 522 휴먼시아아파트707동105∼1505호, 106∼1506호, 107∼1507호"
오산시,신장1동,23통,7반,"금암동 522 휴먼시아아파트708동201∼1501호, 202∼1502호"
오산시,신장1동,23통,8반,"금암동 522 휴먼시아아파트708동203∼1503호, 204∼1504호"
오산시,신장1동,23통,9반,"금암동 522 휴먼시아아파트708동205∼1505호, 206∼1506호"
오산시,신장1동,23통,10반,"금암동 522 휴먼시아아파트709동201∼1501호, 202∼1502호"
오산시,신장1동,23통,11반,"금암동 522 휴먼시아아파트709동203∼1503호, 204∼1504호"
오산시,신장1동,23통,12반,"금암동 522 휴먼시아아파트709동205∼1505호, 206∼1306호, 207∼1307호"
오산시,신장1동,24통,1반,"금암동 523-2∼6, 523-8∼12, 523-14∼17, 529-1∼6, 530-1∼10, 531-1∼8"
오산시,신장1동,24통,2반,"금암동 524-1∼6, 524-8∼12, 525-1∼6, 525-8∼12, 526-1∼13"
오산시,신장1동,24통,3반,"금암동 527-1∼7, 528-1∼11, 532-1∼10, 533-1∼10, 534-1"
오산시,신장1동,24통,4반,"금암동 535-1∼7, 539-1∼14, 540-1∼11"
오산시,신장1동,24통,5반,"금암동 536-1∼9, 537-1∼12, 538-1∼9, 542-1∼13"
오산시,신장1동,25통,1반,"수청동 581 오산대역꿈에그린1301동101∼1101호, 102∼1302호"
오산시,신장1동,25통,2반,"수청동 581 오산대역꿈에그린1301동103∼1303호, 104∼1204호"
오산시,신장1동,25통,3반,"수청동 581 오산대역꿈에그린1302동101∼1201호, 102∼1302호"
오산시,신장1동,25통,4반,"수청동 581 오산대역꿈에그린1302동103∼1303호, 104∼1304호"
오산시,신장1동,25통,5반,"수청동 581 오산대역꿈에그린1303동101∼1301호, 102∼1502호"
오산시,신장1동,25통,6반,"수청동 581 오산대역꿈에그린1303동103∼1503호, 104∼1504호"
오산시,신장1동,25통,7반,"수청동 581 오산대역꿈에그린1304동101∼1501호, 102∼1502호"
오산시,신장1동,25통,8반,"수청동 581 오산대역꿈에그린1304동103∼1503호, 104∼1404호"
오산시,신장1동,25통,9반,"수청동 581 오산대역꿈에그린1305동101∼1401호, 102∼1402호, T101∼T401호, T102∼T402호"
오산시,신장1동,25통,10반,"수청동 581 오산대역꿈에그린1305동103∼1503호, 104∼1404호, T203∼T403호, T404호"
오산시,신장1동,26통,1반,"수청동 581 오산대역꿈에그린1306동101∼901호, 102∼1502호"
오산시,신장1동,26통,2반,"수청동 581 오산대역꿈에그린1306동103∼1503호, 104∼1404호"
오산시,신장1동,26통,3반,"수청동 581 오산대역꿈에그린1307동101∼1501호, 102∼1502호"
오산시,신장1동,26통,4반,"수청동 581 오산대역꿈에그린1307동103∼1503호, 104∼1404호, T103∼T303호, T104∼T304호"
오산시,신장1동,26통,5반,"수청동 581 오산대역꿈에그린1308동101∼1301호, 102∼1502호"
오산시,신장1동,26통,6반,"수청동 581 오산대역꿈에그린1308동103∼1503호, 104∼1304호"
오산시,신장1동,26통,7반,"수청동 581 오산대역꿈에그린1309동101∼1301호, 102∼1502호"
오산시,신장1동,26통,8반,"수청동 581 오산대역꿈에그린1309동103∼1503호, 104∼1404호"
오산시,신장1동,26통,9반,"수청동 581 오산대역꿈에그린1310동101∼1401호, 102∼1502호"
오산시,신장1동,26통,10반,"수청동 581 오산대역꿈에그린1310동103∼1503호, 104∼1404호, T203∼T303호, T104∼T304호"
오산시,신장1동,27통,1반,"내삼미동 884-2∼7, 881-1∼3, 882-1∼2"
오산시,신장1동,27통,2반,내삼미동 858-1∼13
오산시,신장1동,27통,3반,"내삼미동 859-1∼4, 859-6, 859-14∼16, 859-24"
오산시,신장1동,27통,4반,"내삼미동 859-7∼13, 859-19∼22"
오산시,신장1동,27통,5반,"내삼미동 883-1∼9, 879"
오산시,신장1동,28통,1반,"수청동 569 오산대역우미린101동101∼1801호, 102∼1802호"
오산시,신장1동,28통,2반,"수청동 569 오산대역우미린101동103∼1503호, 105∼1505호"
오산시,신장1동,28통,3반,"수청동 569 오산대역우미린102동101∼1701호, 102∼1702호"
오산시,신장1동,28통,4반,"수청동 569 오산대역우미린102동103∼1703호, 105∼1705호"
오산시,신장1동,28통,5반,"수청동 569 오산대역우미린102동106∼1706호, 107∼1707호"
오산시,신장1동,28통,6반,"수청동 569 오산대역우미린103동101∼2001호, 102∼2002호"
오산시,신장1동,28통,7반,"수청동 569 오산대역우미린103동103∼2003호, 105∼2005호"
오산시,신장1동,28통,8반,"수청동 569 오산대역우미린103동106∼2006호, 107∼2007호"
오산시,신장1동,29통,1반,"수청동 569 오산대역우미린104동101∼2001호, 102∼2002호"
오산시,신장1동,29통,2반,"수청동 569 오산대역우미린104동103∼2003호, 205∼2005호"
오산시,신장1동,29통,3반,"수청동 569 오산대역우미린105동201∼2001호, 102∼2002호"
오산시,신장1동,29통,4반,"수청동 569 오산대역우미린105동103∼2003호, 105∼2005호"
오산시,신장1동,29통,5반,"수청동 569 오산대역우미린105동106∼2006호, 107∼2007호"
오산시,신장1동,29통,6반,"수청동 569 오산대역우미린106동201∼1701호, 102∼1702호"
오산시,신장1동,29통,7반,"수청동 569 오산대역우미린106동103∼1703호, 105∼1705호"
오산시,신장1동,29통,8반,"수청동 569 오산대역우미린106동106∼1706호, 107∼1707호"
오산시,신장1동,30통,1반,"수청동 570 오산대역우미린107동201∼1801호, 102∼1802호상가포함"
오산시,신장1동,30통,2반,"수청동 570 오산대역우미린107동103∼1803호, 205∼1805호"
오산시,신장1동,30통,3반,"수청동 570 오산대역우미린107동106∼1806호, 207∼1807호"
오산시,신장1동,30통,4반,"수청동 570 오산대역우미린108동101∼1701호, 102∼1702호"
오산시,신장1동,30통,5반,"수청동 570 오산대역우미린108동103∼1703호, 105∼1705호"
오산시,신장1동,30통,6반,"수청동 570 오산대역우미린108동106∼1706호, 107∼1707호"
오산시,신장1동,30통,7반,"수청동 570 오산대역우미린108동108∼1708호, 109∼1709호"
오산시,신장1동,30통,8반,"수청동 570 오산대역우미린109동201∼1801호, 102∼1802호"
오산시,신장1동,30통,9반,"수청동 570 오산대역우미린109동103∼1803호, 105∼1805호"
오산시,신장1동,30통,10반,"수청동 570 오산대역우미린109동106∼1506호, 107∼1507호"
오산시,신장1동,30통,11반,"수청동 570 오산대역우미린110동101∼1501호, 102∼1502호"
오산시,신장1동,30통,12반,"수청동 570 오산대역우미린110동103∼1503호, 105∼1505호"
오산시,신장1동,31통,1반,내삼미동 852-1∼3
오산시,신장1동,31통,2반,내삼미동 852-4∼8
오산시,신장1동,31통,3반,내삼미동 856-1∼6
오산시,신장1동,31통,4반,내삼미동 856-7∼11
오산시,신장1동,31통,5반,내삼미동 854-1∼8
오산시,신장1동,31통,6반,"내삼미동 854-10∼15, 856-13∼18"
오산시,신장1동,32통,1반,"내삼미동 853-1∼7, 892, 893"
오산시,신장1동,32통,2반,내삼미동 853-8∼14
오산시,신장1동,32통,3반,"내삼미동 861-1∼10, 861-20"
오산시,신장1동,32통,4반,내삼미동 861-12∼17
오산시,신장1동,32통,5반,내삼미동 863-1∼10
오산시,신장1동,32통,6반,내삼미동 864-1∼9
오산시,신장1동,32통,7반,"내삼미동 864-10∼18, 864-20"
오산시,신장1동,33통,1반,"수청동 583호반써밋라테라스101동101∼401호, 102∼402호, 102동101∼401호, 102∼402호, 103 ∼403호, 104∼404호, 103동T101∼401호, T102∼402호, T103∼403호, T104∼404호"
오산시,신장1동,33통,2반,"수청동 583호반써밋라테라스104동101∼401호, 102∼402호, 103∼403호, 104∼404호, 105동T101 ∼401호, T102∼402호, T103∼403호, T104∼404호, T105∼405호, T106∼406호"
오산시,신장1동,33통,3반,"수청동 583 호반써밋라테라스 106동 T101∼401호, T102∼402호, T103∼403호, T104∼404호, T105∼405호, T106∼406호, 107동T101∼401호, T102∼402호, T103∼403호, T104∼404호, T105∼405호, T106∼406호"
오산시,신장1동,33통,4반,"수청동 583 호반써밋라테라스108동101∼401호, 102∼402호, 109동T101∼401호, T102∼402호, T103∼403호, T104∼404호, 110동T101∼401호, T102∼402호, T103∼403호, T104∼404호, T105∼405호, T106∼406호"
오산시,신장1동,33통,5반,"수청동 568-1∼3, 583-1∼2, 584-1∼2, 585-1∼4"
오산시,신장1동,34통,1반,"수청동 557, 558-1∼14, 559-1∼13, 560, 561-1∼8"
오산시,신장1동,34통,2반,"수청동 563-1∼14, 564-1∼12"
오산시,신장1동,34통,3반,"수청동 565, 566-1∼8, 567-1∼7, 586-1∼9"
오산시,신장1동,35통,1반,수청동 608-8 3∼6층
오산시,신장1동,35통,2반,수청동 608-8 7∼10층
오산시,신장1동,35통,3반,수청동 608-11 2∼6층
오산시,신장1동,35통,4반,수청동 608-11 7∼10층
오산시,신장1동,35통,5반,수청동 611-2 3∼4층
오산시,신장1동,35통,6반,수청동 611-2 5∼6층
오산시,신장1동,35통,7반,수청동 611-2 7∼8층
오산시,신장1동,35통,8반,수청동 611-2 9∼10층
오산시,신장1동,35통,9반,"수청동 607, 607-1∼4, 608-1∼7, 608-9∼10, 609-1∼6, 611-1, 611-3, 611-4, 611-5, 615-1∼5"
오산시,신장1동,36통,1반,"수청동 596-1∼8, 597-1∼3, 598-1∼5, 599, 600, 600-1, 601-1∼10"
오산시,신장1동,36통,2반,"수청동 589-1∼4, 593-1∼6, 594-1∼2, 595-17∼19"
오산시,신장1동,36통,3반,"수청동 588-1∼4, 591-1∼3, 591-6, 592-1∼3, 592-7"
오산시,신장1동,36통,4반,"수청동 591-4∼5,592-4∼6, 595-11∼15"
오산시,신장1동,36통,5반,"수청동 588-5∼8, 590, 595-1∼10"
오산시,신장1동,37통,1반,"수청동 521, 521-1∼6, 522, 522-1∼2, 523, 523-1∼2,"
오산시,신장1동,37통,2반,"수청동 525, 525-1∼16, 332-5, 산19, 산20, 산23-1"
오산시,신장1동,37통,3반,"수청동 527, 527-1∼11, 528, 528-1, 402, 403, 403-2∼3"
오산시,신장1동,37통,4반,"수청동 529, 529-1∼2, 530, 530-1∼7, 385, 산21-1∼2, 산29"
오산시,신장1동,37통,5반,"수청동 531, 531-1∼7, 385-1, 산30-2"
오산시,신장1동,37통,6반,"수청동 532, 532-1∼5, 385-13, 산30-1 궐동 581, 582, 582-1∼5, 130-13∼14, 산11-4, 산11-7"
오산시,신장1동,38통,1반,"수청동 406, 406-3, 407-1, 407-3∼4, 409, 420-2, 420-6, 332-6"
오산시,신장1동,38통,2반,"수청동 407, 407-2, 407-7∼8, 408-1∼2, 411, 515-1∼3, 516"
오산시,신장1동,38통,3반,"수청동 410-1∼2, 415-1∼8, 511-1∼2, 512, 512-1∼6"
오산시,신장1동,38통,4반,"수청동 416 천보빌라108.109동, 416-2 천보빌라106.107동, 416-3 천보빌라104.105동, 416-4 천보빌라 102.103동, 416-5 천보빌라 101동, 324, 332-3∼4, 333-1, 337, 337- 1∼2, 342-1∼2, 344-1∼5, 347-2∼5, 350, 351, 352, 353-1∼3, 354, 355, 437, 산16∼ 산18, 616-4∼5"
오산시,신장1동,39통,1반,수청동 514 대우아파트101동101호∼705호
오산시,신장1동,39통,2반,수청동 514 대우아파트101동801호∼1505호
오산시,신장1동,39통,3반,수청동 514 대우아파트102동101호∼705호
오산시,신장1동,39통,4반,수청동 514 대우아파트102동801호∼1505호
오산시,신장1동,39통,5반,수청동 514 대우아파트103동101호∼1502호
오산시,신장1동,39통,6반,수청동 514 대우아파트103동103호∼1504호
오산시,신장1동,40통,1반,"수청동 519, 519-1∼7, 520, 520-1∼5"
오산시,신장1동,40통,2반,"수청동 517, 517-1∼15"
오산시,신장1동,40통,3반,"수청동 518, 518-1∼15"
오산시,신장1동,40통,4반,"수청동 370 화성국민주택㉮동, 514-1∼5"
오산시,신장1동,40통,5반,"수청동 370 화성국민주택㉯,㉰동"
오산시,신장1동,41통,1반,수청동 533 대우아파트114동101호∼704호
오산시,신장1동,41통,2반,수청동 533 대우아파트114동801호∼1504호
오산시,신장1동,41통,3반,수청동 533 대우아파트114동105호∼708호
오산시,신장1동,41통,4반,수청동 533 대우아파트114동805호∼1508호
오산시,신장1동,41통,5반,수청동 533 대우아파트115동101호∼1502호
오산시,신장1동,41통,6반,수청동 533 대우아파트115동103호∼1504호
오산시,신장1동,41통,7반,수청동 533 대우아파트116동101호∼1502호
오산시,신장1동,41통,8반,수청동 533 대우아파트116동103호∼1504호
오산시,신장1동,42통,1반,수청동 533 대우아파트111동101호∼1502호
오산시,신장1동,42통,2반,수청동 533 대우아파트111동103호∼1504호
오산시,신장1동,42통,3반,수청동 533 대우아파트112동101호∼1502호
오산시,신장1동,42통,4반,수청동 533 대우아파트112동103호∼1504호
오산시,신장1동,42통,5반,수청동 533 대우아파트113동101호∼508호
오산시,신장1동,42통,6반,수청동 533 대우아파트113동601호∼1008호
오산시,신장1동,42통,7반,수청동 533 대우아파트113동1101호∼1505호
오산시,신장1동,43통,1반,수청동 534 대우아파트104동101호∼705호
오산시,신장1동,43통,2반,수청동 534 대우아파트104동801호∼1505호
오산시,신장1동,43통,3반,수청동 534 대우아파트105동101호∼705호
오산시,신장1동,43통,4반,수청동 534 대우아파트105동801호∼1505호
오산시,신장1동,43통,5반,수청동 534 대우아파트106동101호∼1502호
오산시,신장1동,43통,6반,"수청동 534 대우아파트106동103호∼1504호, 534-1"
오산시,신장1동,44통,1반,궐동 585 대우아파트107동101호∼1402호
오산시,신장1동,44통,2반,궐동 585 대우아파트107동103호∼1404호
오산시,신장1동,44통,3반,궐동 585 대우아파트107동105호∼1406호
오산시,신장1동,44통,4반,궐동 585 대우아파트108동101호∼1502호
오산시,신장1동,44통,5반,궐동 585 대우아파트108동103호∼1504호
오산시,신장1동,44통,6반,"궐동 585 대우아파트109동101호∼1502호, 585-1∼3"
오산시,신장1동,44통,7반,궐동 583 대우아파트109동103호∼1504호
오산시,신장1동,44통,8반,"궐동 583-1대우아파트110동101호∼1102호, 103호∼904호, 583-2, 141-2, 130-5, 130-8, 산4, 130-17, 산12-4"
오산시,신장1동,44통,9반,"궐동 586, 586-1∼13, 587, 587-1∼5, 588, 588-1∼6, 589, 589-1∼5, 590, 590-1∼7, 591, 591-1∼3, 592, 592-2, 593, 593-1∼9, 594, 594-1∼4"
오산시,신장1동,45통,1반,궐동 772 모아미래도 101동
오산시,신장1동,45통,2반,궐동 772 모아미래도 102동
오산시,신장1동,45통,3반,궐동 772 모아미래도 103동
오산시,신장1동,45통,4반,궐동 772 모아미래도 104동
오산시,신장1동,45통,5반,궐동 772 모아미래도 105동
오산시,신장2동,1통,1반,"내삼미동 332∼362-1, 363-1, 364, 366-1∼404, 420∼422, 425-1∼3, 429-2, 430-1∼463-5, 470-"
오산시,신장2동,1통,2반,"내삼미동 363-2∼3, 365-1∼2, 405∼419, 423-1∼424-2, 426-1∼429-1, 429-3∼9, 484-1, 495∼ 542-7, 543-1∼4, 570-1∼7, 571-4, 573∼573-12, 722∼752, 산54-4, 산56-4, 산57, 산59, 산60∼산69, 산70-6∼산70-17"
오산시,신장2동,1통,3반,"내삼미동 466-1∼17, 475-1, 480∼493-124, 543, 543-5, 544∼569-2, 571-3, 571-6∼7, 573-3, 574∼688-3, 753∼777, 산71∼산83-1"
오산시,신장2동,2통,1반,"내삼미동 162-2, 182-3∼189, 산5∼산15-3,"
오산시,신장2동,2통,2반,"내삼미동 163∼182, 192-1, 193-1∼2, 193-4, 194-1∼197, 산17∼산23"
오산시,신장2동,2통,3반,"내삼미동 190∼191-5, 193-3, 193-5∼6, 198∼331, 산24∼산43"
오산시,신장2동,3통,1반,"내삼미동 895 오산대역세교자이 111동 201∼2501호, 102∼2502호"
오산시,신장2동,3통,2반,"내삼미동 895 오산대역세교자이 111동 103∼2503호, 104∼2504호"
오산시,신장2동,3통,3반,"내삼미동 895 오산대역세교자이 112동 101∼2001호, 102∼2002호"
오산시,신장2동,3통,4반,"내삼미동 895 오산대역세교자이 113동 101∼2501호, 102∼2502호"
오산시,신장2동,3통,5반,"내삼미동 895 오산대역세교자이 113동 103∼2203호, 104∼2204호"
오산시,신장2동,3통,6반,"내삼미동 895 오산대역세교자이 114동 101∼2501호, 102∼2502호"
오산시,신장2동,3통,7반,"내삼미동 895 오산대역세교자이 114동 103∼2503호, 104∼2504호"
오산시,신장2동,4통,1반,"내삼미동 895 오산대역세교자이 101동 101∼2501호, 202∼2502호"
오산시,신장2동,4통,2반,"내삼미동 895 오산대역세교자이 101동 103∼2503호, 104∼2504호"
오산시,신장2동,4통,3반,"내삼미동 895 오산대역세교자이 102동 101∼2501호, 102∼2502호"
오산시,신장2동,4통,4반,"내삼미동 895 오산대역세교자이 102동 103∼2503호, 104∼2504호"
오산시,신장2동,4통,5반,"내삼미동 895 오산대역세교자이 103동 201∼2001호, 202∼2002호"
오산시,신장2동,4통,6반,"내삼미동 895 오산대역세교자이 104동 201∼1501호, 202∼1502호"
오산시,신장2동,4통,7반,"내삼미동 895 오산대역세교자이 104동 203∼1503호, 204∼1504호"
오산시,신장2동,4통,8반,"내삼미동 895 오산대역세교자이 105동 101∼2501호, 102∼2502호"
오산시,신장2동,4통,9반,"내삼미동 895 오산대역세교자이 105동 103∼2503호, 104∼2504호"
오산시,신장2동,5통,1반,"내삼미동 895 오산대역세교자이 106동 101∼2201호, 102∼2202호"
오산시,신장2동,5통,2반,"내삼미동 895 오산대역세교자이 106동 103∼2503호, 104∼2504호"
오산시,신장2동,5통,3반,"내삼미동 895 오산대역세교자이 107동 101∼2201호, 102∼2202호"
오산시,신장2동,5통,4반,"내삼미동 895 오산대역세교자이 107동 103∼2503호, 104∼2504호"
오산시,신장2동,5통,5반,"내삼미동 895 오산대역세교자이 108동 101∼2501호, 102∼2502호"
오산시,신장2동,5통,6반,"내삼미동 895 오산대역세교자이 108동 103∼2203호, 104∼2204호"
오산시,신장2동,5통,7반,"내삼미동 895 오산대역세교자이 109동 101∼1601호, 102∼1602호"
오산시,신장2동,5통,8반,"내삼미동 895 오산대역세교자이 110동 101∼1901호, 102∼1902호"
오산시,신장2동,5통,9반,"내삼미동 895 오산대역세교자이 110동 103∼1603호, 104∼1604호"
오산시,신장2동,6통,1반,"내삼미동 899 오산대역호반써밋 101동 101 ∼2301호, 102∼2302호"
오산시,신장2동,6통,2반,"내삼미동 899 오산대역호반써밋 101동 103 ∼ 2503호, 104∼2504호"
오산시,신장2동,6통,3반,"내삼미동 899 오산대역호반써밋 102동 301 ∼ 2501호, 102∼2502호"
오산시,신장2동,6통,4반,"내삼미동 899 오산대역호반써밋 102동 103 ∼ 2503호, 104∼2504호"
오산시,신장2동,6통,5반,"내삼미동 899 오산대역호반써밋 103동 101 ∼ 2501호, 102∼2502호"
오산시,신장2동,6통,6반,"내삼미동 899 오산대역호반써밋 104동 101 ∼ 2501호, 102∼2502호"
오산시,신장2동,6통,7반,"내삼미동 899 오산대역호반써밋 104동 103 ∼ 2503호, 104∼2504호"
오산시,신장2동,6통,8반,"내삼미동 899 오산대역호반써밋 105동 201 ∼ 2501호, 202∼2502호"
오산시,신장2동,6통,9반,"내삼미동 899 오산대역호반써밋 105동 203 ∼ 2503호, 204∼2504호"
오산시,신장2동,7통,1반,"내삼미동 899 오산대역호반써밋 106동 201 ∼ 2501호, 202∼2502호"
오산시,신장2동,7통,2반,"내삼미동 899 오산대역호반써밋 107동 101 ∼ 2501호, 102∼2502호"
오산시,신장2동,7통,3반,"내삼미동 899 오산대역호반써밋 107동 103 ∼ 2503호, 104∼2504호"
오산시,신장2동,7통,4반,"내삼미동 899 오산대역호반써밋 108동 301 ∼ 2401호, 102∼2402호"
오산시,신장2동,7통,5반,"내삼미동 899 오산대역호반써밋 108동 103 ∼ 2403호, 104∼2404호"
오산시,신장2동,7통,6반,"내삼미동 899 오산대역호반써밋 109동 301 ∼ 2201호, 102∼2202호"
오산시,신장2동,7통,7반,"내삼미동 899 오산대역호반써밋 109동 103 ∼ 2203호, 104∼2204호"
오산시,신장2동,7통,8반,"내삼미동 899 오산대역호반써밋 110동 201 ∼ 2201호, 102∼2202호"
오산시,신장2동,7통,9반,"내삼미동 899 오산대역호반써밋 110동 103 ∼ 2203호, 104∼2204호"
오산시,신장2동,8통,1반,내삼미동 897 삼미마을16단지 1601동 101∼706호
오산시,신장2동,8통,2반,내삼미동 897 삼미마을16단지 1601동 801∼1406호
오산시,신장2동,8통,3반,내삼미동 897 삼미마을16단지 1601동 1501∼2006호
오산시,신장2동,8통,4반,내삼미동 897 삼미마을16단지 1602동 101∼706호
오산시,신장2동,8통,5반,내삼미동 897 삼미마을16단지 1602동 801∼1406호
오산시,신장2동,8통,6반,내삼미동 897 삼미마을16단지 1602동 1501∼2006호
오산시,신장2동,8통,7반,내삼미동 897 삼미마을16단지 1603동 101∼1504호
오산시,신장2동,8통,8반,"내삼미동 897 삼미마을16단지 1604동 103호∼204호, 301호∼1204호"
오산시,신장2동,8통,9반,"내삼미동 897 삼미마을16단지 1605동 103호∼206호, 301호∼606호"
오산시,신장2동,8통,10반,내삼미동 897 삼미마을16단지 1605동 701호∼1206호
오산시,신장2동,8통,11반,"내삼미동 897 삼미마을16단지 1606동 105∼206호, 301호∼706호"
오산시,신장2동,8통,12반,내삼미동 897 삼미마을16단지 1606동 803∼1506호
오산시,신장2동,9통,1반,"내삼미동 897 삼미마을16단지 1607동 103호∼208호, 301∼508호"
오산시,신장2동,9통,2반,내삼미동 897 삼미마을16단지 1607동 601∼908호
오산시,신장2동,9통,3반,"내삼미동 897 삼미마을16단지 1607동 1001∼1208호, 1301호∼1504호"
오산시,신장2동,9통,4반,"내삼미동 897 삼미마을16단지 1608동 105호∼206호, 301∼606호, 703호∼1006호"
오산시,신장2동,9통,5반,내삼미동 897 삼미마을16단지 1609동 101∼1902호
오산시,신장2동,9통,6반,내삼미동 897 삼미마을16단지 1609동 103∼1904호
오산시,신장2동,9통,7반,내삼미동 897 삼미마을16단지 1610동 101∼706호
오산시,신장2동,9통,8반,내삼미동 897 삼미마을16단지 1610동 801∼1406호
오산시,신장2동,9통,9반,"내삼미동 897 삼미마을16단지 1610동 1501∼2006호, 상가"
오산시,신장2동,10통,1반,"내삼미동 898 쌍용예가아파트 1801동 101 ∼ 1901호, 102 ∼ 1902호"
오산시,신장2동,10통,2반,"내삼미동 898 쌍용예가아파트 1801동 103 ∼ 1903호, 104 ∼ 1904호"
오산시,신장2동,10통,3반,"내삼미동 898 쌍용예가아파트 1802동 101 ∼ 1801호, 102 ∼ 1802호"
오산시,신장2동,10통,4반,"내삼미동 898 쌍용예가아파트 1802동 103 ∼ 1803호, 104 ∼ 1804호"
오산시,신장2동,10통,5반,"내삼미동 898 쌍용예가아파트 1803동 101 ∼ 2101호, 102 ∼ 2102호"
오산시,신장2동,10통,6반,"내삼미동 898 쌍용예가아파트 1803동 103 ∼ 2103호, 104 ∼ 2104호"
오산시,신장2동,10통,7반,"내삼미동 898 쌍용예가아파트 1804동 201 ∼ 2101호, 102 ∼ 2102호"
오산시,신장2동,10통,8반,"내삼미동 898 쌍용예가아파트 1804동 103 ∼ 2103호, 104 ∼ 2104호"
오산시,신장2동,10통,9반,"내삼미동 898 쌍용예가아파트 1805동 101 ∼ 2001호, 102 ∼ 2002호"
오산시,신장2동,10통,10반,"내삼미동 898 쌍용예가아파트 1805동 103 ∼ 2003호, 104 ∼ 2004호"
오산시,신장2동,11통,1반,"내삼미동 898 쌍용예가아파트 1806동 101 ∼ 2101호, 202 ∼ 2102호"
오산시,신장2동,11통,2반,"내삼미동 898 쌍용예가아파트 1806동 103 ∼ 2103호, 104 ∼ 2104호"
오산시,신장2동,11통,3반,"내삼미동 898 쌍용예가아파트 1807동 101 ∼ 2101호, 102 ∼ 2102호"
오산시,신장2동,11통,4반,"내삼미동 898 쌍용예가아파트 1807동 103 ∼ 2103호, 104 ∼ 2104호"
오산시,신장2동,11통,5반,"내삼미동 898 쌍용예가아파트 1808동 101 ∼ 2101호, 102 ∼ 2102호"
오산시,신장2동,11통,6반,"내삼미동 898 쌍용예가아파트 1808동 103 ∼ 2103호, 104 ∼ 2104호"
오산시,신장2동,11통,7반,"내삼미동 898 쌍용예가아파트 1809동 101 ∼ 2001호, 102 ∼ 2002호"
오산시,신장2동,11통,8반,"내삼미동 898 쌍용예가아파트 1809동 103 ∼ 2003호, 104 ∼ 2004호"
오산시,신장2동,12통,1반,"수청동 617-1∼3, 617-5∼7, 618-1∼5, 619-1∼3, 619-5∼9, 620-1∼5, 621-1∼2"
오산시,신장2동,12통,2반,"수청동 626-2∼5, 627-1∼6, 628-1∼9, 628-11∼17"
오산시,신장2동,12통,3반,"수청동 629-1∼9, 629-11∼17, 630-1∼8, 631-1∼4, 636-1∼636-6, 637-1∼637-4"
오산시,신장2동,13통,1반,"수청동 625 오산대역엘크루1901동301∼1101호, 102∼1103호"
오산시,신장2동,13통,2반,수청동 625 오산대역엘크루1901동1201∼2103호
오산시,신장2동,13통,3반,수청동 625 오산대역엘크루1902동101∼2002호
오산시,신장2동,13통,4반,수청동 625 오산대역엘크루1902동103∼2204호
오산시,신장2동,13통,5반,"수청동 625 오산대역엘크루1903동301∼2101호, 102∼2102호"
오산시,신장2동,13통,6반,"수청동 625 오산대역엘크루1903동103∼2203호, 304∼2204호"
오산시,신장2동,13통,7반,"수청동 625 오산대역엘크루1904동301∼2101호, 102∼2102호"
오산시,신장2동,13통,8반,수청동 625 오산대역엘크루1904동103∼2104호
오산시,신장2동,14통,1반,수청동 625 오산대역엘크루1905동101∼1702호
오산시,신장2동,14통,2반,수청동 625 오산대역엘크루1905동103∼1504호
오산시,신장2동,14통,3반,수청동 625 오산대역엘크루1906동301∼1902호
오산시,신장2동,14통,4반,수청동 625 오산대역엘크루1906동103∼1504호
오산시,신장2동,14통,5반,"수청동 625 오산대역엘크루1907동301∼1101호, 102∼1103호"
오산시,신장2동,14통,6반,"수청동 625 오산대역엘크루1907동1201∼2103호, 상가"
오산시,신장2동,15통,1반,"수청동 622 더샵오산센트럴101동101∼2501호, 102∼2502호"
오산시,신장2동,15통,2반,"수청동 622 더샵오산센트럴101동103∼2503호, 104∼2504호"
오산시,신장2동,15통,3반,"수청동 622 더샵오산센트럴102동301∼2501호, 102∼2502호"
오산시,신장2동,15통,4반,"수청동 622 더샵오산센트럴102동103∼2503호, 204∼2504호"
오산시,신장2동,15통,5반,"수청동 622 더샵오산센트럴103동101∼2501호, 102∼2502호"
오산시,신장2동,15통,6반,"수청동 622 더샵오산센트럴103동103∼2503호, 204∼2504호"
오산시,신장2동,16통,1반,"수청동 622 더샵오산센트럴104동101∼2101호, 102∼2102호"
오산시,신장2동,16통,2반,"수청동 622 더샵오산센트럴104동103∼1903호, 204∼1904호"
오산시,신장2동,16통,3반,"수청동 622 더샵오산센트럴105동201∼2201호, 102∼2202호"
오산시,신장2동,16통,4반,"수청동 622 더샵오산센트럴106동101∼2201호, 102∼2202호"
오산시,신장2동,16통,5반,"수청동 622 더샵오산센트럴106동103∼2203호, 104∼2204호"
오산시,신장2동,16통,6반,"수청동 622 더샵오산센트럴107동201∼2301호, 102∼2302호"
오산시,신장2동,16통,7반,"수청동 622 더샵오산센트럴107동103∼2303호, 104∼2304호"
오산시,신장2동,17통,1반,"수청동 11 주공아파트101동, 11-5"
오산시,신장2동,17통,2반,수청동 11 주공아파트102동
오산시,신장2동,17통,3반,수청동 11 주공아파트103동
오산시,신장2동,17통,4반,수청동 11 주공아파트104동
오산시,신장2동,17통,5반,수청동 11 주공아파트105동
오산시,신장2동,17통,6반,수청동 11 주공아파트106동
오산시,신장2동,17통,7반,수청동 11 주공아파트107동
오산시,신장2동,17통,8반,수청동 11 주공아파트108동
오산시,신장2동,18통,1반,"수청동 10-3, 10-38∼39, 10-42∼44, 10-47∼48, 10-50∼52, 10-54∼56, 10-66"
오산시,신장2동,18통,2반,"수청동 10-6∼8, 10-12∼15, 10-17∼18, 10-20∼22, 10-24∼30, 10-34∼37"
오산시,신장2동,18통,3반,"수청동 12-2, 12-8∼10, 14, 14-2, 14-5, 14-8∼11, 14-13∼16, 14-25∼26, 15-10, 15-29"
오산시,신장2동,18통,4반,"수청동 15-11, 16-4, 43-2, 44-2∼5, 45-1, 46-5"
오산시,신장2동,18통,5반,"수청동 17-2, 31, 32, 34, 34-5, 39, 40, 51, 52-2, 54, 58-2∼8, 59, 59-5∼6, 63, 63-5, 64, 64-4∼6, 72-1, 72-7, 73-2∼4"
오산시,신장2동,19통,1반,"궐동 9-6, 9-8, 9-12∼13, 9-15, 9-17, 13-4∼5 재경연립"
오산시,신장2동,19통,2반,"궐동 9-15, 9-17 대영연립"
오산시,신장2동,19통,3반,궐동 9-1 신진연립
오산시,신장2동,19통,4반,"궐동 1-3, 3-1, 5-1, 6-1, 6-4, 6-17, 8-1∼2, 8-9, 9-6, 9-9, 9-12∼15, 9-17, 9-20 수청동 92, 92-1∼2, 93-3∼4 ,94-1 ,94-9 ,108, 108-3"
오산시,신장2동,20통,1반,"수청동 69-23 연신108, 69-5 연신109, 69-16 연신110, 69-11 연신111, 69-7∼10, 70-1∼2, 71-1, 71-3"
오산시,신장2동,20통,2반,"수청동 69-27 연신101, 69-19 연신102, 69-24 연신103, 69-17 연신105, 69-18 연신106, 69-25 연신107"
오산시,신장2동,20통,3반,"수청동 69-14 한호①, ②, 69-34 한호③,④, 산33-9"
오산시,신장2동,20통,4반,"수청동 69-39 한호⑤, 69-38 한호⑥,⑦, 산33-7∼8"
오산시,신장2동,20통,5반,"수청동 69-33 한호⑧, 69-35 한호⑨, 69-32 한호⑩,⑪"
오산시,신장2동,20통,6반,"수청동 69-46 한호⑫,⑬, 69-47 한호⑭"
오산시,신장2동,21통,1반,"수청동 15-1 삼익아파트 101동, 1-101-2"
오산시,신장2동,21통,2반,"수청동 15-1 삼익아파트 101동, 3-101-5"
오산시,신장2동,21통,3반,"수청동 15-1 삼익아파트 101동, 6-101-7"
오산시,신장2동,21통,4반,"수청동 15-1 삼익아파트 102동, 101∼707"
오산시,신장2동,21통,5반,"수청동 15-1 삼익아파트 102동, 801∼1407"
오산시,신장2동,21통,6반,"수청동 15-1 삼익아파트 102동, 8-102-9"
오산시,신장2동,21통,7반,"수청동 15-1 삼익아파트 102동, 10-102"
오산시,신장2동,22통,1반,"은계동 1, 2, 2-2, 2-4∼7, 3-1 거송빌라 다동, 3-3, 3-4 거송빌라 가동, 3-5 거송빌라 나동, 3-7, 4-1∼3, 4-5, 5-1, 10, 13-1∼3, 13-15∼16, 14, 산1∼산3"
오산시,신장2동,22통,2반,"은계동 15, 16, 17, 17-1, 18, 18-1∼5, 19, 19-1∼2, 19-3 뉴월드주택, 19-4, 20-5, 20-8, 49-2, 49-8, 산4, 산4-4, 산5-2, 산5-7, 산5-10"
오산시,신장2동,22통,3반,"은계동 20-1, 20-4, 21, 22, 22-1, 22-6, 23, 23-1, 24, 24-1, 25, 25-1∼7, 25-12∼18, 26, 44, 44-7"
오산시,신장2동,22통,4반,"은계동 27, 27-1∼5, 28 우성그린빌라 108동, 28-1 우성그린빌라 104동, 105동, 28-2 우성그 린빌라101동, 102동, 28-3 우성그린빌라103동, 28-22 우성그린빌라106동, 107동"
오산시,신장2동,22통,5반,"은계동 9, 9-1, 9-3∼8, 9-11, 13, 13-5, 13-10, 28-7 장원주택, 28-9, 29 현대아파트"
오산시,신장2동,23통,1반,"궐동 43-18, 43-20∼22, 44-1, 45-1∼2, 45-55, 45-76"
오산시,신장2동,23통,2반,"궐동 45-6, 45-23, 45-44∼49, 45-51∼52, 45-54, 45-64∼70, 48-18∼22"
오산시,신장2동,23통,3반,"궐동 23-9, 24-11, 28-1∼3, 36-3, 36-6∼7, 36-10∼16, 36-22,∼23, 37-1, 37-3, 37-6∼11, 38-1, 39-1, 39-4∼5, 39-7, 43-1, 45-24, 45-72∼75, 575-14"
오산시,신장2동,23통,4반,"궐동 18-27∼29, 18-31, 19-1, 19-3, 19-5∼7, 19-9, 20-1, 20-4, 20-9∼11, 20-13∼14, 21-3, 24-1, 24-4∼7, 수청동 84, 84-2∼4, 85-3∼6, 88-1, 88-8, 88-11"
오산시,신장2동,23통,5반,"궐동 15-2∼3, 16-1∼6, 17-1∼2, 20-3, 21-5∼6, 22-1∼2, 23-2∼6, 23-11, 24-3"
오산시,신장2동,23통,6반,"궐동 17-3, 18-1∼3, 18-5∼6 평화빌라5동, 18-7∼8, 18-9∼16 평화빌라1동"
오산시,신장2동,23통,7반,"궐동 17-7 다세대, 18-17∼21 평화빌라2동, 18-22∼26, 23-1 평화빌라3동, 20-2 평화빌라 4동"
오산시,신장2동,24통,1반,은계동 64-1 영산아파트가동 수청동 87-13
오산시,신장2동,24통,2반,은계동 64-1 영산아파트나동
오산시,신장2동,24통,3반,은계동 64-1 영산아파트다동
오산시,신장2동,24통,4반,"은계동 64-1 영산아파트라동, 연산빌라, 산6-7"
오산시,신장2동,25통,1반,"은계동 45 금성타운101동, 45-19 금성타운102동, 201동, 45-17 금성타운301동, 302동, 45-18 금성타운303동"
오산시,신장2동,25통,2반,"은계동 45-8 금성타운401동∼403동, 45-9 금성타운501동∼503동"
오산시,신장2동,25통,3반,"은계동 45-10 금성타운601동∼603동, 45-11 금성타운701동∼703동"
오산시,신장2동,25통,4반,"은계동 45-12 금성타운801동, 802동, 45-13 금성타운901동, 902동, 45-14 금성타운1001동, 1002동, 45-15 금성타운1101동, 1102동"
오산시,신장2동,25통,5반,"은계동 47, 47-1 47-2, 48-1, 49-5, 49-7, 53, 53-25, 53-3, 53-4, 54-3, 55, 55-2, 55-3, 55-5, 56, 56-4, 57-2, 60, 61, 61-2 동우빌, 62 금강하이츠, 63, 63-1, 63-2, 63-6 삼성빌리지"
오산시,신장2동,26통,1반,"궐동 71-3, 72-1, 75-3∼4, 75-7, 75-10, 75-15, 75-19, 75-22, 75-27, 75-29, 75-32∼33, 75-35∼36, 76-6, 77-1, 80-1∼2"
오산시,신장2동,26통,2반,"궐동 42-3∼6, 43-4∼15, 44-4, 76-3, 77-4, 78-1, 78-4∼5, 78-7, 78-9, 78-11"
오산시,신장2동,26통,3반,"궐동 79 삼화빌라1동, 80 삼화빌라2, 3동 78 삼화빌라4, 5동"
오산시,신장2동,26통,4반,"궐동 80-6 삼화빌라가동, 80-8 삼화빌라나동"
오산시,신장2동,26통,5반,"궐동 38-3, 39-3, 40, 40-1, 40-3, 41, 42-1∼2, 43-3, 575-1∼6, 575-15"
오산시,신장2동,26통,6반,"궐동 1-2, 2-1∼2, 4, 5-2∼3, 6-3, 6-19∼20, 9-3, 10, 10-2∼3, 11-2∼4, 13-3, 13-7, 13-9∼10, 9-21∼24, 9-27, 13-13,"
오산시,신장2동,27통,1반,궐동 28-3 대우3차아파트101동101∼1506호
오산시,신장2동,27통,2반,궐동 28-3 대우3차아파트101동107∼1510호 
오산시,신장2동,27통,3반,궐동 28-3 대우3차아파트101동111∼914호
오산시,신장2동,27통,4반,궐동 28-3 대우3차아파트102동101∼1503호
오산시,신장2동,27통,5반,궐동 28-3 대우3차아파트102동104∼1508호
오산시,신장2동,28통,1반,"궐동 19-2, 19-13∼15, 20-6∼8, 21-1∼2, 21-8∼11, 25-1∼6, 26-1∼14, 26-16, 26-18, 27-1, 27 -4∼5, 27-7∼9, 32-1∼2"
오산시,신장2동,28통,2반,"궐동 27-11∼15, 32-6∼16, 33-6∼13, 34-2, 34-6, 34-10, 35-1 "
오산시,신장2동,28통,3반,"궐동 34-3∼5, 34-7∼8, 35-4∼10, 35-15, 36-1, 36-4, 36-9, 45-5, 45-7∼13, 45-23∼24, 45-33, 45-56, 45-85, 46-1∼8, 46-12∼24"
오산시,신장2동,28통,4반,"궐동 45-28∼31, 45-34∼44, 47-11, 48-3, 48-6∼16, 49-1, 49-4"
오산시,신장2동,28통,5반,"궐동 45-21∼22, 45-25∼27, 47-1∼7, 47-14, 49-6∼10, 50-4∼5, 51-2"
오산시,신장2동,28통,6반,"궐동 45-15∼19, 50-1, 51-1, 51-5, 51-7, 51-14, 52, 53-1∼5, 54-1"
오산시,신장2동,29통,1반,"은계동 84, 84-1, 84-5∼7, 84-10∼13, 85-4, 92-7, 93-3, 94, 94-1, 95, 95-5∼17, 96-6"
오산시,신장2동,29통,2반,"은계동 91-13 청운빌라1동, 91-14 청운빌라2동, 92-6 청운빌라3동, 92-3 청운빌라5동, 92-4 청운빌라6동, 93 청운빌라7동, 93-11 청운빌라8동, 93-12 청운빌라9동"
오산시,신장2동,29통,3반,"은계동 67-6, 67-8, 67-13, 96-7"
오산시,신장2동,29통,4반,"은계동 62-2, 63-4, 65-1, 65-3∼4, 65-6, 65-9, 66-2∼5, 67-1∼2, 67-7, 67-8, 67-9, 67-12, 67-15, 69-1,69-3, 69-6∼7, 70, 70-1, 70-6∼9, 71, 71-1쌍용연립,71-2, 71-4∼6, 71-8∼9,71-1 1, 71-13∼17, 72, 72-1, 72-5, 74, 74-1∼3, 74-5, 75-7"
오산시,신장2동,30통,1반,은계동 70 은계주공아파트107동
오산시,신장2동,30통,2반,은계동 70 은계주공아파트108동
오산시,신장2동,30통,3반,은계동 70 은계주공아파트109동
오산시,신장2동,30통,4반,은계동 70 은계주공아파트110동
오산시,신장2동,30통,5반,은계동 70 은계주공아파트111동
오산시,신장2동,30통,6반,은계동 70 은계주공아파트112동
오산시,신장2동,31통,1반,"은계동 70 은계주공아파트101동, 80-4"
오산시,신장2동,31통,2반,은계동 70 은계주공아파트102동 
오산시,신장2동,31통,3반,은계동 70 은계주공아파트103동
오산시,신장2동,31통,4반,은계동 70 은계주공아파트104동
오산시,신장2동,31통,5반,은계동 70 은계주공아파트105동
오산시,신장2동,31통,6반,은계동 70 은계주공아파트106동
오산시,신장2동,32통,1반,"은계동 37, 39, 40필봉빌라가동, 40-3필봉빌라나동, 40-1일우빌라가동, 40-4일우빌라나동, 41-2∼3, 42, 42-2, 42-4"
오산시,신장2동,32통,2반,"은계동 42-5, 43, 43-1, 43-3행복빌라가동, 43-2행복빌라나동, 61-8선경하이츠, 75, 75-1, 75-2, 75-3 중앙빌라, 75-8"
오산시,신장2동,32통,3반,"은계동 44-1 퀸즈타운101동∼103동, 44-27 퀸즈타운201동∼203동"
오산시,신장2동,32통,4반,"은계동 44-20, 44-25, 44-28 퀸즈타운301동∼303동, 44-29 퀸즈타운401동∼403동"
오산시,신장2동,32통,5반,"은계동 39-4, 116, 44-30 퀸즈타운501동∼503동, 44-31 퀸즈타운601동∼603동"
오산시,신장2동,33통,1반,"은계동 29-2∼3, 30-3∼6 대영, 30-8, 31 정원㉮, 31-1∼3, 31-4 한양, 31-5, 31-7정원㉯, 33, 33-1∼2, 34, 34-1, 38-1∼5, 39-2, 40-2"
오산시,신장2동,33통,2반,"은계동 38 우성㉮,㉯, 41,78, 78-2, 78-6"
오산시,신장2동,33통,3반,"은계동 화성연립A, B, 35, 35-1, 36"
오산시,신장2동,33통,4반,"은계동 33-3∼5, 34-2, 34-79, 34-11은계빌라A, 34-10 은계빌라C, 34-18, 86, 86-5, 86-10 다세대, 86-12"
오산시,신장2동,33통,5반,"은계동 84-2, 84-4, 84-8, 84-15∼17, 84-20, 86-1, 86-3∼4, 86-7∼9, 85-2, 91-8∼9"
오산시,신장2동,34통,1반,"궐동 66-10 강변①, 66-4 강변②, 66-7 강변③, 66-9 강변④, 66-8"
오산시,신장2동,34통,2반,"궐동 67-4 안국아파트, 67-7"
오산시,신장2동,34통,3반,"궐동 74-3, 73-11, 74 우성타운①, 74-4 우성타운②"
오산시,신장2동,34통,4반,"궐동 74-5 우성타운③, 73-4 우성타운④, 73-9 우성타운⑤, 73-10"
오산시,신장2동,35통,1반,궐동 69-3 무궁화아파트A동
오산시,신장2동,35통,2반,궐동 69-3 무궁화아파트B동
오산시,신장2동,35통,3반,"궐동 48-2, 48-26, 49-2, 49-31∼34, 68-13, 69-2, 72-3, 73-1, 76-1, 76-4, 78-3, 570-2∼3"
오산시,신장2동,35통,4반,"궐동 49-22∼26, 50-8∼9, 50-11, 54-2, 54-4∼8, 54-10∼11, 55-2, 55-4∼8, 55-14∼15, 56, 56-1, 68-1∼12, 68-14, 570-5"
오산시,신장2동,35통,5반,"궐동 55-1, 55-3, 55-11 신흥연립, 55-12, 55-16"
오산시,신장2동,35통,6반,"은계동 67-3, 67-13, 67-17, 67-19, 68-1∼4, 97, 97-1∼6, 96, 96-2, 96-17, 96-18,"
오산시,신장2동,36통,1반,"은계동 117 리버빌아파트101동101∼1001호, 102∼1002호, 103∼1003호"
오산시,신장2동,36통,2반,"은계동 117 리버빌아파트101동1101∼2001호, 1102∼2002호, 1103∼2003호 "
오산시,신장2동,36통,3반,"은계동 117 리버빌아파트101동104∼2004호, 105∼2005호"
오산시,신장2동,36통,4반,"은계동 117 리버빌아파트101동106∼1806호, 107∼1807호"
오산시,신장2동,36통,5반,"은계동 117 리버빌아파트101동308∼808호, 109∼809호, 110∼810호, 111∼811호"
오산시,신장2동,36통,6반,"은계동 117 리버빌아파트101동908∼1808호, 909∼1809호, 910∼1710호, 911∼1111호"
오산시,신장2동,37통,1반,은계동 91-1 현대아파트101동101호∼1002호
오산시,신장2동,37통,2반,"은계동 91-1 현대아파트101동103호∼1804호, 105호∼1806호"
오산시,신장2동,37통,3반,"은계동 91-1 현대아파트101동107호∼1808호, 109호∼1810호"
오산시,세마동,1통,1반,"외삼미동 42∼48, 50-1∼2, 51∼66, 67-1∼81, 산1∼9, 산2-1∼산10, 산13"
오산시,세마동,1통,2반,"외삼미동 140∼141, 173∼179"
오산시,세마동,1통,3반,"외삼미동 180∼190, 192∼196, 200∼201, 203∼207, 212∼214, 218∼229"
오산시,세마동,1통,4반,"외삼미동 208∼211, 215∼217, 230∼250, 254, 264∼268, 276∼287, 346∼350, 352"
오산시,세마동,2통,1반,"세교동 410∼421, 423-1∼425-2, 425-4, 431, 432-2, 546-1, 546-3, 546-6, 547∼549-1, 549-4∼5, 550-1, 554-1, 555-3, 556-1, 557-3,, 557-8, 산41∼산43"
오산시,세마동,2통,2반,"세교동 93-3, 95-3, 312, 313-6, 322-1, 334-3, 335- 3∼4, 336-2∼337, 338-2∼3, 339-1∼358, 359-2, 360-1∼2, 360-4, 361-362, 368, 37 1∼381-1, 382-1∼385-3, 388-1∼389, 390-1∼392-2, 392-4, 393-1∼397, 401∼ 401∼1"
오산시,세마동,2통,3반,"세교동 1-1∼2, 2-3, 6-1∼9-1, 11-1, 15∼15-1, 16-3, 17, 17-2, 18-1, 19∼19-1, 20, 24-12, 26∼26-6, 29∼45, 47∼47-1, 49∼51-1, 53, 55∼65, 66-4∼72, 72-2, 73∼81-6, 882-2, 83∼90, 91-2∼95-3, 95-6∼97-2, 98-3∼ 100, 100-2, 101-123, 363, 364-1∼2, 364- 6∼367-1, 369∼370-7, 398-1∼3, 400∼ 400-4, 402∼409, 519∼527-3 산44∼산45-1, 산47-1∼산50, 산53∼산61"
오산시,세마동,2통,4반,"세교동 124, 124-1∼2, 125, 125-1∼3, 125-8∼11, 126, 126-1∼2, 126-10, 127, 127-1∼2, 127-4∼7, 128∼129, 129-3, 130∼130-1, 154, 164-1, 165-1, 165-4, 170, 171-1, 171-7 ∼8, 172-1, 173-1, 173-3, 173-5∼6, 173-9, 173-15, 173-21, 173-23, 173-26, 173-38, 173-53∼54, 174∼175, 175-2, 176-1, 177, 178∼178-1, 178-3∼5, 179∼179-1, 180, 180-2, 181∼181-1, 182-2, 183∼183-1, 184-1, 565, 565-13, 567, 583∼583-1, 584-1 ∼2, 595-1∼4"
오산시,세마동,3통,1반,"세교동 277-2, 280∼281, 281-2, 585∼586, 588-1 592-2, 592-7, 592-9∼10, 603-1∼2, 620, 621, 621-1∼2, 628-1, 산10∼10-1, 산 12-13∼21"
오산시,세마동,3통,2반,"세교동 604-1∼5, 605-1∼9, 606-1∼11, 607-1∼8"
오산시,세마동,3통,3반,"세교동 608-1∼2, 609-1∼8, 610-1∼5, 611-1∼ 10, 611-12, 612-1∼10, 624-2∼3"
오산시,세마동,3통,4반,"세교동 613-1∼10, 614, 615-1∼10, 616-1∼8, 616-10, 617-1∼3, 618, 619∼619-1, 624-1, 625, 625-1∼2, 626, 627∼627-1"
오산시,세마동,4통,1반,"세교동 426∼430, 432-1, 433-4, 434-2, 435∼439, 440-2∼444, 446∼450-4, 453∼478-7, 478-9∼486, 488∼490-3, 494∼502-2, 503-2, 504-1∼508, 509-2∼5, 509-8, 555-1∼557-2, 558-1, 559-1∼563-2, 산26∼산40-2, 산41-2"
오산시,세마동,5통,1반,"양산동 306-7, 307, 382-1∼383, 384-1∼389,"
오산시,세마동,5통,2반,"양산동 308∼308-1, 310-1∼311-2, 312-1∼314, 317∼320, 357, 358-1∼4, 359-1∼5, 360-1, 360-3"
오산시,세마동,5통,3반,"양산동 251∼253, 271-3∼18, 279∼280, 281-1, 281-3∼6, 281-8, 282∼284, 296∼297, 298-1∼300, 301-1∼303, 304-1∼4, 305-1, 315-1, 316"
오산시,세마동,5통,4반,"양산동 285-1∼3, 286-1∼287-2, 287-9, 288, 289∼295, 304-5, 394, 395∼398-3, 398-6∼400, 410"
오산시,세마동,5통,5반,"양산동 79∼80, 81-1∼6, 82-1∼2, 83-2, 84-3, 86-3, 87∼90, 91-1∼2, 92∼99, 100∼103-1, 104∼105, 106∼108, 109-1∼2, 110∼116, 117-1∼125, 174, 254∼255, 256-1∼258, 259-1∼4, 260-1∼264, 264-2∼5, 265-1, 268-1, 269-1∼2, 270-1∼2, 271-1∼2, 272-1∼278, 412, 413, 414-1, 산2-5, 산2-7∼8, 산4∼7, 산10-1, 산10-3∼4, 산12∼산14, 산15-1∼산18, 산19-1, 산19-6∼9, 산19-12, 산19-17∼18 39-1, 40-1, 41-1, 43, 51-1, 52, 56∼3, 57-1∼2, 58∼1, 59∼66, 67-∼3, 68∼72-1, 73-1∼2, 74-1∼2, 75∼80, 81-1∼6, 82-1∼2, 83-2, 84-1, 84-3, 85, 86-1, 86-3, 87∼90, 91-1∼2, 92∼99, 104∼105, 152, 154, 158-3∼5, 15-3, 161-1, 164∼166, 170-1, 170-9∼12, 171, 173∼174, 175-1, 175-3, 177-1∼2, 178-1, 179-1, 179-4, 183-1, 184-1∼2, 산1, 산2-5, 산2-7∼8, 산4∼7, 산10-1, 산10-3∼4"
오산시,세마동,6통,1반,"지곶동 37∼43, 44-1∼46, 47-1∼49, 59-1∼2, 51∼52 53-1∼54, 55-1∼58, 59-1∼60-1, 61∼67, 67-2∼68, 69-1∼70, 71-1∼74, 75-1∼85, 86-1, 87-8, 89-5, 90-2, 91-2, 244, 245-2, 246∼248, 249-1, 249-4, 250-251, 252-1∼254, 254-2, 255, 256-1, 257∼262, 263-2∼7, 264-1∼4, 265-1∼2, 266∼267-1, 268-1∼3, 269∼271-1, 273∼277, 278-1∼3, 279-1∼2, 279-4, 280∼281, 282-1, 286-3, 287-2∼3, 288-1, 289-3, 290-1∼4, 290-11, 291∼294-1, 295-1, 387-1, 387-5, 388∼390-3, 390-7∼396, 397-1∼2 398-1∼3, 399-1∼404, 405-1∼2, 408-1∼409 410-1∼2, 412∼413, 414-1∼2, 415∼422, 423-1∼2, 424-1∼427, 428-1∼429, 431, 432-1∼437, 438-1∼439, 440-1, 440-3∼444 445-1∼447, 448-1∼453, 454-1∼2, 454-4, 455∼457, 458-1∼469, 470-4, 470-6∼8, 470-10∼11, 471-1∼472, 473-2, 474-2, 475-2, 476∼486, 487-1∼3, 488-2∼5, 489-1∼6, 490-1∼2, 491-1, 491-4∼13, 492-1, 492-3∼4, 492-8∼15, 493∼494-2, 495, 496-1, 497∼498-1, 499-1∼2, 500∼504, 505-1∼2, 506-1, 507-1∼4, 508∼3, 509∼510, 511-1∼2, 512∼518, 519-1∼3, 520-1, 520-4∼7, 521-1, 521-3, 522∼528, 529-1∼2, 530-1∼2, 531∼532-2, 산1∼산4, 산5-1, 산6∼8-2, 산9-1∼4, 산10∼산11, 산13, 산14-2, 산16, 산17-1, 산17-3∼6, 산18∼산20, 산21-1, 산21-3∼6 산22∼산23, 산24-1, 산24-3∼8, 산25-1, 산26-1, 산27, 산28-1∼3, 산29-1, 산30-1, 산31-2, 산32-1, 산33-1, 산34, 산36∼산 37-4, 산39, 산40-1∼산41, 산42-1, 산42-3∼5, 산43, 산44-1∼2, 산45∼산46-1 산47-1, 산48-1∼5, 산49∼1, 산50, 산51-1 산51-3∼6, 산52, 산53-1, 산54, 산55-1, 산57∼산66, 산68, 산69-1, 산70∼산70-1, 산72-1, 산72-3∼5, 산73∼산75, 산76-1, 산77-2, 산147-1∼3, 산148, 산149-1, 산150∼산152, 산154-1, 산155-1, 산156∼ 산157, 산158-2, 산159∼산165, 산166-1∼2 산167∼산168, 산169-2, 산170-3, 산171, 산172-3, 산174-1, 산174-3, 산176∼산178 산179-2, 산180∼산181, 산182-1, 산183, 산184-1, 산185"
오산시,세마동,6통,2반,"지곶동 296-1, 296-5, 298-1, 599, 299-2, 300-1∼2, 301, 302-1∼3, 303-1∼5, 304-1∼2 305-1, 305-3, 306-1, 307, 308-1∼5, 309∼310, 311-1∼4, 311-8, 312-1∼4 313-1∼2, 314∼315, 316∼2, 317-1∼2, 318, 319-1, 320∼321-1, 322-1∼7, 323∼327, 328-1∼2, 329, 330-1∼333-1, 335∼343-21, 343-24, 343-26, 343-28, 343-30, 344, 344-2, 345∼346, 347-1, 349∼351-1, 352-1∼358, 360∼362, 363-1∼370, 371-1∼372, 373-1∼381, 383-2∼4, 385-2, 386-1, 산125-2, 산125-5, 산126∼산132, 산133-1, 산133-3∼5, 산133-7, 산134, 산135-1, 산135-3, 산136∼산137, 산138-1, 산138-7, 산138-9, 산139, 산140-1∼산144, 산145-2, 산146-2"
오산시,세마동,6통,3반,"지곶동 1∼17, 18-1, 18-3, 19-1, 20-2, 20-3, 21∼22, 23-1∼2, 24-1∼3, 25∼27-1, 28-1∼33, 34-1∼35, 36-1∼87-2, 88-1, 89-1, 89-5, 91-93, 94-1, 95∼97, 98-1∼4, 99∼107, 108-1∼2, 109∼112, 113-1∼2, 114∼119, 120-1∼125, 127-1∼2, 129∼150, 151-1, 152∼153, 154-6, 154-8 155, 156-10∼13, 156-42, 156-49, 159∼160 162-2, 163∼173, 174-1∼2, 175-1∼2, 176-1∼177, 178-1, 179-1∼180, 181-1∼184 185-1∼186, 187-1∼2, 188∼195, 196-1∼19 7-7, 198-1∼200, 201-1, 201-3∼4, 202∼205 206-1∼2, 207-1∼209, 210-1∼217, 218-1, 218-3, 219-1∼5, 220-1∼3, 225∼229-4, 230-1, 231-1, 232-1∼233, 234-1∼234-2, 235-1∼4, 236-1, 236-4, 237, 238-1, 238-3∼6, 239∼241, 2243-1, 산77, 산79-1, 산80∼산84, 산85-1, 산85-3, 산86∼산89, 산90-1, 산90-3, 산91, 산92-1, 산93, 산94-1, 산95, 산96-1∼산100-4, 산101-2, 산103-산109, 산110∼산115, 산116-1∼6, 산117-1∼산118, 산119-1, 산120-1∼산121, 산122-2, 산123-1∼10, 산124-1, 산125-1, 산125-4"
오산시,세마동,7통,1반,"서랑동 1-1, 7, 8, 9-1, 14-1, 15∼3, 18∼18-1, 18-3∼7, 25-3∼4, 27-1, 39-1, 39-3∼4, 39-9, 41∼42-4, 43-1, 49, 60∼60-15, 61-5∼6, 61-8∼18, 73, 74-1∼4, 75-1∼2, 76-1∼2, 77-1∼3, 78∼79, 80-1∼6, 81∼83, 84-1∼3, 85-1∼6, 86, 87-1, 91-3, 92-2, 93∼97, 98-1∼102, 103-1∼2, 106, 107-1∼2, 108-1∼, 109∼111-2, 123∼127, 128-1, 129-2, 130∼131-1, 135,360∼368-1 373∼6, 산15∼산16, 산17-1, 산18, 산19-1, 산20∼22, 산22-2, 산23-3, 산24-1, 산25-1, 산26, 산27-1, 산28∼산29, 산30-1, 산31-1, 산32-1, 산33∼산41, 산42-1∼6, 산42-18∼19, 산42-2∼28, 산43-3, 산44-1, 산44-3, 산44-6∼10, 산45-2, 산46-1, 산46-3, 산47-2"
오산시,세마동,7통,2반,"서랑동 112-1∼8, 113-1∼2, 114-1∼5, 115-2∼7, 116, 117-1, 117-3, 123∼127, 128-1, 129-2, 130∼131-1, 135, 171∼178, 178-5, 179, 180, 181, 182-1∼2, 183-1∼5, 184∼196, 197-1∼2, 198-1∼211, 211-2, 263-4, 269, 270-1, 271-1, 276-4, 277-4, 280-4, 290-1∼301-1, 302-1, 303∼319, 319-2, 320∼333-1, 334∼373-6, 산1-6, 산2, 산4∼산5, 산7-1, 산9∼산14"
오산시,세마동,8통,1반,양산동 산7-7 늘푸른오스카빌아파트 101동 101호∼1502호
오산시,세마동,8통,2반,양산동 산7-7 늘푸른오스카빌아파트 101동 103호∼1704호
오산시,세마동,8통,3반,양산동 산7-7 늘푸른오스카빌아파트 102동 101호∼1702호
오산시,세마동,8통,4반,양산동 산7-7 늘푸른오스카빌아파트 102동 103호∼1704호
오산시,세마동,8통,5반,양산동 산7-7 늘푸른오스카빌아파트 103동 101호∼1802호
오산시,세마동,8통,6반,양산동 산7-7 늘푸른오스카빌아파트 103동 103호∼1804호
오산시,세마동,9통,1반,양산동 산7-7 늘푸른오스카빌아파트 104동 101호∼1802호
오산시,세마동,9통,2반,양산동 산7-7 늘푸른오스카빌아파트 104동 103호∼1804호
오산시,세마동,9통,3반,양산동 산7-7 늘푸른오스카빌아파트 105동 101호∼1802호
오산시,세마동,9통,4반,양산동 산7-7 늘푸른오스카빌아파트 105동 103호∼1804호
오산시,세마동,9통,5반,양산동 산7-7 늘푸른오스카빌아파트 105동 105호∼1806호
오산시,세마동,10통,1반,양산동 산7-7 늘푸른오스카빌아파트 106동 101호∼1802호
오산시,세마동,10통,2반,양산동 산7-7 늘푸른오스카빌아파트 106동 103호∼1804호
오산시,세마동,10통,3반,양산동 산7-7 늘푸른오스카빌아파트 107동 101호∼1802호
오산시,세마동,10통,4반,양산동 산7-7 늘푸른오스카빌아파트 107동 103호∼1804호
오산시,세마동,10통,5반,양산동 산7-7 늘푸른오스카빌아파트 107동 105호∼1806호
오산시,세마동,10통,6반,양산동 산7-7 늘푸른오스카빌아파트 107동 107호∼1808호
오산시,세마동,11통,1반,"양산동 668-1 세마 e-편한세상아파트 101동 101∼1601호, 102∼1602호, 상가"
오산시,세마동,11통,2반,"양산동 668-1 세마 e-편한세상아파트 101동 103∼1503호, 304∼1504호"
오산시,세마동,11통,3반,"양산동 668-1 세마 e-편한세상아파트 102동 201∼1601호, 202∼1402호, 203∼1603호"
오산시,세마동,11통,4반,"양산동 668-1 세마 e-편한세상아파트 103동 101∼1901호, 102∼1902호"
오산시,세마동,11통,5반,"양산동 668-1 세마 e-편한세상아파트 103동 103∼1903호, 104∼1904호"
오산시,세마동,11통,6반,"양산동 668-1 세마 e-편한세상아파트 104동 101∼1901호, 102∼1902호"
오산시,세마동,11통,7반,"양산동 668-1 세마 e-편한세상아파트 104동 103∼1903호, 104∼1904호"
오산시,세마동,11통,8반,"양산동 668-1 세마 e-편한세상아파트 105동 101∼1901호, 102∼1902호"
오산시,세마동,11통,9반,"양산동 668-1 세마 e-편한세상아파트 105동 103∼1903호, 104∼1904호"
오산시,세마동,11통,10반,"양산동 668-1 세마 e-편한세상아파트 106동 101∼1901호, 102∼1902호"
오산시,세마동,11통,11반,"양산동 668-1 세마 e-편한세상아파트 106동 103∼1903호, 104∼1904호"
오산시,세마동,12통,1반,양산동 668-1 세마 e-편한세상아파트
오산시,세마동,12통,2반,"양산동 668-1 세마 e-편한세상아파트 107동 103∼1903호, 104∼1904호"
오산시,세마동,12통,3반,"양산동 668-1 세마 e-편한세상아파트 108동 201∼2101호, 202∼1902호"
오산시,세마동,12통,4반,양산동 668-1 세마 e-편한세상아파트 108동 203∼2103호
오산시,세마동,12통,5반,"양산동 668-1 세마 e-편한세상아파트 109동 101∼2001호, 102∼2002호"
오산시,세마동,12통,6반,"양산동 668-1 세마 e-편한세상아파트 109동 103∼2203호, 104호∼2204호"
오산시,세마동,12통,7반,양산동 668-1 세마 e-편한세상아파트 110동 101∼2201호
오산시,세마동,12통,8반,"양산동 668-1 세마 e-편한세상아파트 110동 102∼2202호, 303∼2203호"
오산시,세마동,12통,9반,"양산동 668-1 세마 e-편한세상아파트 111동 101∼2201호, 102∼2202호"
오산시,세마동,12통,10반,"양산동 668-1 세마 e-편한세상아파트 112동 101∼2201호, 102∼2202호"
오산시,세마동,12통,11반,"양산동 668-1 세마 e-편한세상아파트 112동 103∼2203호, 104∼2204호"
오산시,세마동,13통,1반,양산동 668-1 세마 e-편한세상아파트
오산시,세마동,13통,2반,"양산동 668-1 세마 e-편한세상아파트 113동 103∼1403호, 104∼1404호"
오산시,세마동,13통,3반,"양산동 668-1 세마 e-편한세상아파트 114동 101∼1401호, 102∼1402호"
오산시,세마동,13통,4반,"양산동 668-1 세마 e-편한세상아파트 115동 101∼1401호, 102∼1402호"
오산시,세마동,13통,5반,"양산동 668-1 세마 e-편한세상아파트 116동 101∼1401호, 102∼1402호"
오산시,세마동,13통,6반,"양산동 668-1 세마 e-편한세상아파트 116동 103∼1303호, 104∼1304호"
오산시,세마동,13통,7반,"양산동 668-1 세마 e-편한세상아파트 117동 101∼2201호, 102∼2202호"
오산시,세마동,13통,8반,"양산동 668-1 세마 e-편한세상아파트 117동 103∼2203호, 104∼2204호"
오산시,세마동,13통,9반,양산동 668-1 세마 e-편한세상아파트 118동 101∼2201호
오산시,세마동,13통,10반,"양산동 668-1 세마 e-편한세상아파트 118동 102∼2202호, 303∼2203호"
오산시,세마동,13통,11반,"양산동 668-1 세마 e-편한세상아파트 119동 201∼2201호, 202∼2202호"
오산시,세마동,13통,12반,"양산동 668- 세마 e-편한세상아파트 120동 201∼2201호, 202∼2202호"
오산시,세마동,14통,1반,양산동 668-1 세마 e-편한세상아파트
오산시,세마동,14통,2반,양산동 668-1 세마 e-편한세상아파트 122동 101∼2201호
오산시,세마동,14통,3반,"양산동 668-1 세마 e-편한세상아파트 122동 102∼2202호, 303∼2203호"
오산시,세마동,14통,4반,"양산동 668-1 세마 e-편한세상아파트 123동 201∼2101호, 202∼2102호"
오산시,세마동,14통,5반,"양산동 668-1 세마 e-편한세상아파트 124동 101∼1301호, 102∼1302호"
오산시,세마동,14통,6반,"양산동 668-1 세마 e-편한세상아파트 125동 101∼1001호, 102∼1002호"
오산시,세마동,14통,7반,"양산동 668-1 세마 e-편한세상아파트 126동 101∼1501호, 102∼1502호"
오산시,세마동,14통,8반,양산동 668-1 세마 e-편한세상아파트 127동 101∼2101호
오산시,세마동,14통,9반,"양산동 668-1 세마 e-편한세상아파트 127동 102∼2102호, 303∼2103호"
오산시,세마동,14통,10반,"양산동 668-1 세마 e-편한세상아파트 128동 201∼1601호, 202∼1602호"
오산시,세마동,14통,11반,"양산동 668-1 세마 e-편한세상아파트 129동 101∼1801호, 102∼1602호"
오산시,세마동,14통,12반,"양산동 668-1 세마 e-편한세상아파트 129동 103∼1603호, 104∼1804호"
오산시,세마동,14통,13반,"양산동 668-1 세마 e-편한세상아파트 130동 301∼1201호, 102∼1202호, 103∼1003호, 104∼1004호"
오산시,세마동,15통,1반,양산동 667-1 효성 백년가약아파트
오산시,세마동,15통,2반,"양산동 667-1 효성 백년가약아파트 101동 103∼1403호, 104∼1404호"
오산시,세마동,15통,3반,"양산동 667-1 효성 백년가약아파트 102동 101∼1701호, 102∼1702호"
오산시,세마동,15통,4반,"양산동 667-1 효성 백년가약아파트 102동 103∼1703호, 104∼1704호"
오산시,세마동,15통,5반,"양산동 667-1 효성 백년가약아파트 103동 101∼2001호, 102∼2002호"
오산시,세마동,15통,6반,"양산동 667-1 효성 백년가약아파트 103동 303∼2203호, 304∼2204호"
오산시,세마동,15통,7반,"양산동 667-1 효성 백년가약아파트 104동 101∼1001호, 102∼1002호"
오산시,세마동,15통,8반,"양산동 667-1 효성 백년가약아파트 105동 201∼2201호, 202∼2202호"
오산시,세마동,15통,9반,"양산동 667-1 효성 백년가약아파트 105동 203∼2203호, 204∼2204호"
오산시,세마동,15통,10반,"양산동 667-1 효성 백년가약아파트 106동 101∼2201호, 102∼2202호"
오산시,세마동,15통,11반,"양산동 667-1 효성 백년가약아파트 106동 303∼2203호, 304∼2204호"
오산시,세마동,16통,1반,세교동 624 세마역 에듀파크 201동 101∼1801호
오산시,세마동,16통,2반,"세교동 624 세마역 에듀파크 201동 103∼1803호, 104∼1804호, 상가"
오산시,세마동,16통,3반,"세교동 624 세마역 에듀파크 202동 101∼2001호, 102∼2002호"
오산시,세마동,16통,4반,"세교동 624 세마역 에듀파크 202동 103∼2003호, 104∼2004호"
오산시,세마동,16통,5반,"세교동 624 세마역 에듀파크 203동 101∼2001호, 102∼2002호"
오산시,세마동,16통,6반,"세교동 624 세마역 에듀파크 203동 103∼2003호, 104∼2004호"
오산시,세마동,16통,7반,"세교동 624 세마역 에듀파크 204동 101∼2001호, 102∼2002호"
오산시,세마동,16통,8반,"세교동 624 세마역 에듀파크 204동 103∼2003호, 104∼2004호"
오산시,세마동,16통,9반,"세교동 624 세마역 에듀파크 205동 101∼1801호, 102∼1802호"
오산시,세마동,16통,10반,"세교동 624 세마역 에듀파크 205동 103∼1803호, 104∼1804호"
오산시,세마동,16통,11반,"세교동 624 세마역 에듀파크 206동 101∼1501호, 102∼1502호"
오산시,세마동,16통,12반,"세교동 624 세마역 에듀파크 206동 103∼1503호, 104∼1504호"
오산시,세마동,17통,1반,"세교동 624 세마역 에듀파크 207동 101∼1501호, "
오산시,세마동,17통,2반,"세교동 624 세마역 에듀파크 207동 103∼1503호, 104∼1504호"
오산시,세마동,17통,3반,"세교동 624 세마역 에듀파크 208동 301∼1601호, 302∼1602호"
오산시,세마동,17통,4반,"세교동 624 세마역 에듀파크 209동 101∼1601호, 102∼1602호"
오산시,세마동,17통,5반,"세교동 624 세마역 에듀파크 209동 103∼1603호, 104∼1604호"
오산시,세마동,17통,6반,"세교동 624 세마역 에듀파크 210동 201∼1301호, 202∼1302호"
오산시,세마동,17통,7반,"세교동 624 세마역 에듀파크 210동 203∼1503호, 204∼1504호, 보육원"
오산시,세마동,17통,8반,"세교동 624 세마역 에듀파크 211동 101∼1601호, 102∼1602호"
오산시,세마동,17통,9반,"세교동 624 세마역 에듀파크 211동 103∼1603호, 104∼1604호"
오산시,세마동,17통,10반,"세교동 624 세마역 에듀파크 212동 101∼1301호, 102∼1302호"
오산시,세마동,17통,11반,"세교동 624 세마역 에듀파크 212동 103∼1503호, 104∼1504호"
오산시,세마동,17통,12반,"세교동 624 세마역 에듀파크 213동 101∼1601호, 102∼1602호"
오산시,세마동,17통,13반,"세교동 624 세마역 에듀파크 213동 103∼1603호, 104∼1604호"
오산시,세마동,18통,1반,"세교동 622 세마역 트루엘 더퍼스트 101동 101∼ 2001호, 102∼2002호 "
오산시,세마동,18통,2반,"세교동 622 세마역 트루엘 더퍼스트 101동 103∼ 2003호, 102동 101∼2001호"
오산시,세마동,18통,3반,"세교동 622 세마역 트루엘 더퍼스트 102동 102∼ 2002호, 103∼2003호"
오산시,세마동,18통,4반,"세교동 622 세마역 트루엘 더퍼스트 103동 101∼ 2001호, 102∼2002호"
오산시,세마동,18통,5반,"세교동 622 세마역 트루엘 더퍼스트 103동 103∼ 2003호, 104동 101∼2001호"
오산시,세마동,18통,6반,"세교동 622 세마역 트루엘 더퍼스트 104동 102∼ 2002호, 103∼2003호"
오산시,세마동,19통,1반,"세교동 622 세마역 트루엘 더퍼스트 105동 101∼ 1801호, 102∼1802호 "
오산시,세마동,19통,2반,"세교동 622 세마역 트루엘 더퍼스트 105동 103∼ 1601호, 104∼1604호"
오산시,세마동,19통,3반,"세교동 622 세마역 트루엘 더퍼스트 106동 301∼ 2201호, 102∼2202호"
오산시,세마동,19통,4반,"세교동 622 세마역 트루엘 더퍼스트 106동 203∼ 2203호, 104∼2204호"
오산시,세마동,19통,5반,"세교동 622 세마역 트루엘 더퍼스트 107동 101∼ 2001호, 202∼2002호"
오산시,세마동,19통,6반,"세교동 622 세마역 트루엘 더퍼스트 107동 103∼ 1803호, 304∼1804호"
오산시,세마동,19통,7반,"세교동 622 세마역 트루엘 더퍼스트 109동 101∼ 2201호, 102∼2202호"
오산시,세마동,19통,8반,"세교동 622 세마역 트루엘 더퍼스트 109동 103∼ 2203호, 104∼2204호"
오산시,세마동,19통,9반,"세교동 622 세마역 트루엘 더퍼스트 110동 101∼ 2201호, 102∼2202호"
오산시,세마동,19통,10반,"세교동 622 세마역 트루엘 더퍼스트 110동 103∼ 2203호, 104∼2204호"
오산시,세마동,20통,1반,"세교동 622 세마역 트루엘 더퍼스트 108동 101∼ 2001호, 102∼2002호"
오산시,세마동,20통,2반,"세교동 622 세마역 트루엘 더퍼스트 108동 103∼ 1803호, 104∼1804호"
오산시,세마동,20통,3반,"세교동 622 세마역 트루엘 더퍼스트 111동 101∼ 2201호, 102∼2202호"
오산시,세마동,20통,4반,"세교동 622 세마역 트루엘 더퍼스트 111동 103∼ 2203호, 104∼2204호"
오산시,세마동,20통,5반,"세교동 622 세마역 트루엘 더퍼스트 112동 101∼ 2201호, 102∼2202호"
오산시,세마동,20통,6반,"세교동 622 세마역 트루엘 더퍼스트 112동 103∼ 2203호, 104∼2204호"
오산시,세마동,20통,7반,"세교동 622 세마역 트루엘 더퍼스트 113동 201∼ 2201호, 102∼2202호"
오산시,세마동,20통,8반,"세교동 622 세마역 트루엘 더퍼스트 114동 101∼ 2201호, 102∼2202호"
오산시,세마동,20통,9반,"세교동 622 세마역 트루엘 더퍼스트 114동 303∼ 2203호, 104∼2204호"
오산시,세마동,21통,1반,"세교동 587 오산세교주상1블록 501동 201~2201호, 202~2202호"
오산시,세마동,21통,2반,"세교동 587 오산세교주상1블록 501동 203∼2303호, 204∼2304호"
오산시,세마동,21통,3반,"세교동 587 오산세교주상1블록 501동 205∼2305호, 206∼2306호"
오산시,세마동,21통,4반,"세교동 587 오산세교주상1블록 501동 207∼2307호, 208∼2308호"
오산시,세마동,21통,5반,"세교동 587 오산세교주상1블록 501동 209∼2309호, 210∼2310호"
오산시,세마동,21통,6반,세교동 587 오산세교주상1블록 오피스텔동
오산시,세마동,22통,1반,"세교동 587 오산세교주상1블록 502동 101~2101호, 102~2102호"
오산시,세마동,22통,2반,"세교동 587 오산세교주상1블록 502동 103∼2103호, 104∼2104호"
오산시,세마동,22통,3반,"세교동 587 오산세교주상1블록 502동 105∼2105호, 106∼2106호"
오산시,세마동,22통,4반,"세교동 587 오산세교주상1블록 502동 107∼2107호, 108∼2108호"
오산시,세마동,22통,5반,"세교동 587 오산세교주상1블록 502동 309∼2109호, 310∼2110호"
오산시,세마동,22통,6반,"세교동 587 오산세교주상1블록 502동 111∼2111호, 112∼2112호"
오산시,세마동,23통,1반,"세교동 587 오산세교주상1블록 503동 101~1901호, 102~1902호"
오산시,세마동,23통,2반,"세교동 587 오산세교주상1블록 503동 303∼1903호, 304∼1904호"
오산시,세마동,23통,3반,"세교동 587 오산세교주상1블록 503동 105∼1905호, 106∼1906호"
오산시,세마동,23통,4반,"세교동 587 오산세교주상1블록 503동 107∼1907호, 108∼1908호"
오산시,세마동,23통,5반,"세교동 587 오산세교주상1블록 503동 109∼1909호, 110∼1910호"
오산시,세마동,23통,6반,"세교동 587 오산세교주상1블록 503동 111∼1711호, 112∼1712호"
오산시,세마동,23통,7반,"세교동 587 오산세교주상1블록 503동 113∼1713호, 114∼1714호"
오산시,세마동,24통,1반,"지곶동 425-8 오산세교대림e편한세상아파트 101동 101∼2501호, 102∼2502호"
오산시,세마동,24통,2반,"지곶동 425-8 오산세교대림e편한세상아파트 101동 103∼2503호, 104∼2504호"
오산시,세마동,24통,3반,"지곶동 425-8 오산세교대림e편한세상아파트 102동 101∼2501호, 102∼2502호"
오산시,세마동,24통,4반,"지곶동 425-8 오산세교대림e편한세상아파트 103동 101∼2501호, 102∼2502호"
오산시,세마동,24통,5반,"지곶동 425-8 오산세교대림e편한세상아파트 103동 103∼2503호, 104∼2504호"
오산시,세마동,24통,6반,"지곶동 425-8 오산세교대림e편한세상아파트 106동 101∼2501호, 102∼2502호"
오산시,세마동,24통,7반,"지곶동 425-8 오산세교대림e편한세상아파트 106동 103∼2503호, 104∼2504호"
오산시,세마동,25통,1반,"지곶동 425-8 오산세교대림e편한세상아파트 107동 101∼2501호, 102∼2502호"
오산시,세마동,25통,2반,"지곶동 425-8 오산세교대림e편한세상아파트 107동 103∼2503호, 104∼2504호"
오산시,세마동,25통,3반,"지곶동 425-8 오산세교대림e편한세상아파트 108동 101∼2501호, 102∼2502호"
오산시,세마동,25통,4반,"지곶동 425-8 오산세교대림e편한세상아파트 108동 103∼2503호, 104∼2504호"
오산시,세마동,25통,5반,"지곶동 425-8 오산세교대림e편한세상아파트 109동 101∼2501호, 102∼2502호"
오산시,세마동,25통,6반,"지곶동 425-8 오산세교대림e편한세상아파트 109동 103∼2503호, 104∼2504호"
오산시,세마동,25통,7반,"지곶동 425-8 오산세교대림e편한세상아파트 110동 101∼2501호, 102∼2502호"
오산시,세마동,25통,8반,"지곶동 425-8 오산세교대림e편한세상아파트 110동 103∼2503호, 104∼2504호"
오산시,세마동,26통,1반,"지곶동 425-8 오산세교대림e편한세상아파트 104동 101∼2501호, 102∼2502호"
오산시,세마동,26통,2반,"지곶동 425-8 오산세교대림e편한세상아파트 104동 103∼2503호, 104∼2504호"
오산시,세마동,26통,3반,"지곶동 425-8 오산세교대림e편한세상아파트 105동 101∼2501호, 102∼2502호"
오산시,세마동,26통,4반,"지곶동 425-8 오산세교대림e편한세상아파트 105동 103∼2503호, 104∼2504호"
오산시,세마동,26통,5반,"지곶동 425-8 오산세교대림e편한세상아파트 111동 101∼2501호, 102∼2502호"
오산시,세마동,26통,6반,"지곶동 425-8 오산세교대림e편한세상아파트 111동 103∼2503호, 104∼2504호"
오산시,세마동,26통,7반,"지곶동 425-8 오산세교대림e편한세상아파트 112동 101∼2501호, 102∼2502호"
오산시,세마동,26통,8반,"지곶동 425-8 오산세교대림e편한세상아파트 112동 103∼2503호, 104∼2504호"
오산시,세마동,27통,1반,"지곶동 425-8 오산세교대림e편한세상아파트 113동 101∼2501호, 102∼2502호"
오산시,세마동,27통,2반,"지곶동 425-8 오산세교대림e편한세상아파트 113동 103∼2503호, 104∼2504호"
오산시,세마동,27통,3반,"지곶동 425-8 오산세교대림e편한세상아파트 114동 101∼2501호, 102∼2502호"
오산시,세마동,27통,4반,"지곶동 425-8 오산세교대림e편한세상아파트 114동 103∼2503호, 104∼2504호"
오산시,세마동,27통,5반,"지곶동 425-8 오산세교대림e편한세상아파트 115동 101∼2501호, 102∼2502호"
오산시,세마동,27통,6반,"지곶동 425-8 오산세교대림e편한세상아파트 115동 103∼2503호, 104∼2504호"
오산시,세마동,27통,7반,"지곶동 425-8 오산세교대림e편한세상아파트 116동 101∼2501호, 102∼2502호"
오산시,세마동,27통,8반,"지곶동 425-8 오산세교대림e편한세상아파트 116동 103∼2503호, 104∼2504호"
오산시,세마동,27통,9반,"지곶동 425-8 오산세교대림e편한세상아파트 117동 101∼2501호, 102∼2502호"
오산시,세마동,27통,10반,"지곶동 425-8 오산세교대림e편한세상아파트 117동 103∼2503호, 104∼2504호"
오산시,세마동,28통,1반,"지곶동 425-8 오산세교대림e편한세상아파트 118동 101∼2501호, 102∼2502호"
오산시,세마동,28통,2반,"지곶동 425-8 오산세교대림e편한세상아파트 119동 101∼2501호, 102∼2502호"
오산시,세마동,28통,3반,"지곶동 425-8 오산세교대림e편한세상아파트 119동 103∼2503호, 104∼2504호"
오산시,세마동,28통,4반,"지곶동 425-8 오산세교대림e편한세상아파트 120동 101∼2501호, 102∼2502호"
오산시,세마동,28통,5반,"지곶동 425-8 오산세교대림e편한세상아파트 120동 103∼2503호, 104∼2504호"
오산시,세마동,28통,6반,"지곶동 425-8 오산세교대림e편한세상아파트 121동 101∼2501호, 102∼2502호"
오산시,세마동,28통,7반,"지곶동 425-8 오산세교대림e편한세상아파트 122동 101∼2501호, 102∼2502호"
오산시,세마동,28통,8반,"지곶동 425-8 오산세교대림e편한세상아파트 122동 103∼2503호, 104∼2504호"
오산시,세마동,28통,9반,"지곶동 425-8 오산세교대림e편한세상아파트 123동 101∼2501호, 102∼2502호"
오산시,세마동,29통,1반,"외삼미동 251∼253, 255∼263, 269∼275, 351, 353, 438- 460∼478, 534∼536"
오산시,세마동,29통,2반,"외삼미동 288∼292, 297∼304, 308∼309, 317∼328, 335∼ 345, 354∼371, 376∼381, 산11∼12, 산14, 산1 9∼20"
오산시,세마동,29통,3반,"외삼미동 1∼8, 10∼13, 35, 49∼50, 307, 310∼312, 313∼ 316, 329∼334, 372∼375, 382∼400, 403, 409, 산26∼38, 산43-3, 산46∼산51-2, 산52-4"
오산시,세마동,29통,4반,"외삼미동 413-3∼4, 419-1, 420-2, 421-2∼4, 422-1∼2, 423-2∼3, 424∼424-2, 425-2, 426-1∼437, 444-1∼6, 479∼493-2, 496-4∼5, 501∼502, 514-1∼2, 516∼517-5, 520∼533, 537∼555-11, 557-1∼562-4, 564-1∼575, 583-1∼588-2, 산58"
오산시,세마동,29통,5반,"외삼미동 401∼401-1∼5, 402-1∼6, 403-1∼4, 404, 404-1, 404-4∼12, 405-1∼407-1, 408-1∼3, 408-4∼5, 410, 410-1, 411-1∼2, 413-1, 414-418, 576∼ 580, 598-1∼607-1, 산52-8, 산56-1, 산57"
오산시,세마동,30통,1반,"양산동 580∼585-2, 608∼632, 633-2∼636, 637∼644-2, 산19-91, 산19-100∼102"
오산시,세마동,30통,2반,"양산동 366-4, 404, 416∼434, 436∼444-1, 458, 460-13, 466, 466-12, 466-14∼18, 469-2, 471, 473, 473-1∼5, 478-3, 480-1, 480-5, 480-9, 480-12∼13, 521∼523, 539∼546, 546-2∼3, 579∼585-2, 644-3, 644-5, 산19-3, 산19-4, 산19-47∼49, 산19-57, 산19-60∼62, 산19-18∼69, 산19-81∼86, 산19-88∼90, 산19-100"
오산시,세마동,30통,3반,"양산동 374-2, 379-3, 379-5, 445-1∼446, 446-4, 447∼448-4. 450-2∼3, 452-2∼455, 456-1∼3, 457-1, 461-1∼2, 461-4, 461-6, 462∼463, 464-2, 465, 469-1, 469-4, 470-1, 470-3, 472, 474-3∼4, 474-6∼8, 475-2, 476, 478-2, 483, 484-3, 484-7, 485∼486, 490-1, 490-5, 490-36, 490-39, 490-40∼44, 490-71∼72, 490-74, 490-83∼490-89, 490-91, 490-94∼96, 490-102, 490-107, 490-112, 490-115∼120, 490-123∼125, 492-2, 493, 494-1, 494-3, 494-12, 495-1∼37, 496∼498-1, 498-3∼4, 499-1, 500∼503, 504-2∼4, 506, 506-3∼9, 508∼510-12, 511, 512-2, 513-1, 514-2, 515∼517-11, 519∼520, 524∼525-5, 525-8, 526, 526-2, 529-2, 530, 530-1∼533-6, 561∼564, 565∼566-1, 569∼570, 572, 589∼591, 592-2, 592-4, 593-2∼6, 594-2, 594-4, 595-2, 596∼601, 602-1∼2, 604∼607, 662-2"
오산시,세마동,30통,4반,"양산동 22-1, 23-4, 152, 154, 165, 170-9∼13, 171, 173, 175-1, 179-1∼179-4, 180-1∼181, 244-1∼2, 245-1∼3, 246-1, 247-2, 248∼249, 250, 321∼323, 324-2, 325-2, 326-1, 327-1, 328-2∼4, 329∼335, 336-1∼345. 347-2, 348, 349-2∼354, 355-1∼3, 355-4, 356-1, 362-1∼7, 363-1∼367, 369-1∼374, 375∼377-9, 378-1∼2, 379-1 30, 85, 86-1, 671-1∼7, 672-1∼9, 673-1∼9,"
오산시,세마동,30통,5반,"양산동 675-1∼17, 684"
오산시,세마동,30통,6반,"양산동 58-1, 68∼72-1, 73-1∼2, 74-1∼2, 75∼78, 84-1, 671-8∼21, 674-1∼10, 676, 677, 685"
오산시,세마동,31통,1반,외삼미동 650 더샵파크시티 
오산시,세마동,31통,2반,"외삼미동 650 더샵파크시티 101동 103∼2603호, 204∼2604호"
오산시,세마동,31통,3반,"외삼미동 650 더샵파크시티 102동 101∼2901호, 102∼2902호, 103∼2903호"
오산시,세마동,31통,4반,"외삼미동 650 더샵파크시티 102동 304∼2904호, 305∼2505호"
오산시,세마동,31통,5반,"외삼미동 650 더샵파크시티 103동 101∼2801호, 102∼2802호, 103∼2803호"
오산시,세마동,31통,6반,"외삼미동 650 더샵파크시티 103동 204∼2804호, 205∼2705호, 106∼2706호"
오산시,세마동,32통,1반,외삼미동 650 더샵파크시티 
오산시,세마동,32통,2반,"외삼미동 650 더샵파크시티 104동 103∼2703호, 104∼2704호, 205∼2405호"
오산시,세마동,32통,3반,"외삼미동 650 더샵파크시티 105동 101∼2901호, 102∼2902호, 103∼2903호"
오산시,세마동,32통,4반,"외삼미동 650 더샵파크시티 105동 204∼2904호, 205∼2605호, 106∼2606호"
오산시,세마동,32통,5반,"외삼미동 650 더샵파크시티 106동 101∼2901호, 102∼2802호, 103∼2803호"
오산시,세마동,32통,6반,"외삼미동 650 더샵파크시티 106동 204∼2904호, 305∼2505호, 306∼2506호"
오산시,세마동,33통,1반,외삼미동 650 더샵파크시티 
오산시,세마동,33통,2반,"외삼미동 650 더샵파크시티 107동 103∼2903호, 104∼2904호, 205∼2905호"
오산시,세마동,33통,3반,"외삼미동 650 더샵파크시티 108동 101∼2501호, 102∼2502호"
오산시,세마동,33통,4반,"외삼미동 650 더샵파크시티 108동 103∼2503호, 104∼2504호"
오산시,세마동,33통,5반,"외삼미동 650 더샵파크시티 109동 201∼2801호, 102∼2802호"
오산시,세마동,33통,6반,"외삼미동 650 더샵파크시티 109동 103∼2603호, 104∼2604호"
오산시,세마동,34통,1반,외삼미동 650 더샵파크시티 
오산시,세마동,34통,2반,"외삼미동 650 더샵파크시티 110동 103∼2803호, 104∼2804호, 205∼2405호"
오산시,세마동,34통,3반,"외삼미동 650 더샵파크시티 111동 101∼2801호, 102∼2802호"
오산시,세마동,34통,4반,"외삼미동 650 더샵파크시티 111동 103∼2603호, 104∼2604호"
오산시,세마동,34통,5반,"외삼미동 650 더샵파크시티 112동 101∼2901호, 102∼2902호"
오산시,세마동,34통,6반,"외삼미동 650 더샵파크시티 112동 103∼2903호, 104∼2904호, 205∼2505호"
오산시,세마동,35통,1반,외삼미동 650 더샵파크시티 
오산시,세마동,35통,2반,"외삼미동 650 더샵파크시티 113동 103∼2403호, 104∼2404호"
오산시,세마동,35통,3반,"외삼미동 650 더샵파크시티 114동 101∼2901호, 102∼2902호"
오산시,세마동,35통,4반,"외삼미동 650 더샵파크시티 114동 103∼2703호, 104∼2704호, 205∼2305호"
오산시,세마동,35통,5반,"외삼미동 650 더샵파크시티 115동 101∼2901호, 102∼2902호"
오산시,세마동,35통,6반,"외삼미동 650 더샵파크시티 115동 103∼2903호, 104∼2904호, 105∼2905호"
오산시,세마동,36통,1반,외삼미동 650 더샵파크시티 
오산시,세마동,36통,2반,"외삼미동 650 더샵파크시티 116동 103∼2903호, 104∼2904호, 105∼2605호"
오산시,세마동,36통,3반,"외삼미동 650 더샵파크시티 117동 101∼2601호, 102∼2602호, 103∼2603호"
오산시,세마동,36통,4반,"외삼미동 650 더샵파크시티 117동 104∼2604호, 105∼2305호, 206∼2306호"
오산시,세마동,36통,5반,"외삼미동 650 더샵파크시티 118동 101∼2901호, 102∼2902호, 103∼2903호"
오산시,세마동,36통,6반,"외삼미동 650 더샵파크시티 118동 304∼2904호, 305∼2405호"
오산시,세마동,37통,1반,"세교동 597-1∼4, 598-1∼4  599-3, 600-2∼6, 601-3∼4, 601-6∼7,"
오산시,세마동,37통,2반,"세교동 602-1∼6, 622-1∼4, 623∼623-1"
오산시,세마동,37통,3반,세교동 601-9 세마역아피체더봄
오산시,세마동,37통,4반,세교동 601-1 성도르피스
오산시,세마동,37통,5반,세교동 596-1∼3 청광플러스원
오산시,세마동,38통,1반,세교동 592-4∼6 세마역롯데캐슬트라움 38 통  101동 201호∼1007호
오산시,세마동,38통,2반,세교동 592-4∼6 세마역롯데캐슬트라움 101동 1101호∼1907호
오산시,세마동,38통,3반,세교동 592-4∼6 세마역롯데캐슬트라움 101동 2001호∼2707호
오산시,세마동,38통,4반,세교동 592-4∼6 세마역롯데캐슬트라움 102동 201호∼1008호
오산시,세마동,38통,5반,세교동 592-4∼6 세마역롯데캐슬트라움 102동 1101호∼1908호
오산시,세마동,38통,6반,세교동 592-4∼6 세마역롯데캐슬트라움 102동 2001호∼2708호
오산시,세마동,38통,7반,세교동 592-4∼6 세마역롯데캐슬트라움 103동 201호∼1006호
오산시,세마동,38통,8반,세교동 592-4∼6 세마역롯데캐슬트라움 103동 1101호∼1906호
오산시,세마동,38통,9반,세교동 592-4∼6 세마역롯데캐슬트라움 103동 2001호∼2706호
오산시,초평동,1통,1반,"서 동 191-4, 191-6, 197, 197-1∼4, 201∼202-4, 412-1∼3, 413∼417, 418-1∼2, 419∼436, 437-1∼3, 438∼450-9, 453∼455, 456-1∼4, 460-1∼3, 461-1∼4, 462-1∼5, 465∼475-17, 476-1∼5, 477∼491, 493∼514, 531-1∼29, 534∼546, 549, 569일부, 570∼572, 573일부, 574일부, 575∼589, 590일부, 591일부, 592, 산66-1, 산67, 산69, 산70∼산77-3, 산78∼79, 산87"
오산시,초평동,1통,2반,"서 동 492, 492-1∼28, 515, 516-2∼3, 517, 518, 518-1∼12, 519-1∼2, 520, 521, 522, 522-1∼4, 526, 527-1∼2, 529, 529-4, 531-33, 535-2∼5, 549, 604∼615, 산82-1∼2, 산84, 산85"
오산시,초평동,2통,1반,"서 동 1-2∼998-7, 106∼107-2, 235∼246-2, 258∼262, 264∼288-4, 291-1∼371, 549-2, 551, 556, 557, 559, 564∼567, 616∼619, 622, 산1-2∼산2-19, 산4-1, 산8∼산15, 산17-1∼산21, 산23-1∼산24-1, 산26-1, 산60-1∼산63-3, 산65, 산68, 산69일부"
오산시,초평동,2통,2반,"서 동 99∼99-3, 109∼113-7, 119-1,121∼124, 141∼142, 156∼156-2, 159-1∼2, 187∼192-2, 213∼216-7, 218-2, 221∼229-1, 234∼234-3, 247∼257-5, 263-1∼3, 477-5, 509-2∼3, 509-8, 510, 510-2, 572일부, 579일부, 580∼582, 583일부, 584∼589, 590일부, 591일부, 593∼603, 620, 623∼626, 628∼634, 637, 산26, 산27, 산29-1∼산29-7, 산32-1, 산32-3, 산34∼산35, 산39, 산41, 산41-1, 산44-1∼산48, 49일부, 산51-3, 산56-1, 산58"
오산시,초평동,3통,1반,"벌음동 141∼144, 150-1∼164, 175∼181-3, 237∼270-2, 273-4∼278-4, 280∼282, 284, 산31-1, 산31-3, 산32-1∼산42-5"
오산시,초평동,3통,2반,"벌음동 84∼140-3, 145∼149, 165∼174, 182∼ 185-5, 188-1, 189-1, 189-4∼5, 189-10, 189-16∼17, 190∼197-1, 215-1, 217-4, 219-1∼2, 223∼232-2, 236-1, 236-6, 산 25-1∼산29, 산31-4∼5"
오산시,초평동,3통,3반,"벌음동 1∼18, 20∼38, 43∼45-3, 49-76, 78∼80, 82∼83-3, 201∼205, 208-1∼214, 297, 299, 300, 302∼305, 309∼310, 312∼ 313-1, 315, 318, 321, 321-1∼2, 324, 326, 329, 331∼333, 335, 337, 339, 340, 342, 산2-1, 산3"
오산시,초평동,4통,1반,"두곡동 23∼29, 39∼43, 127-1∼133-5, 138-1, 산33∼산35"
오산시,초평동,4통,2반,"두곡동 136∼137-3, 138-2, 151∼157-7, 158-3, 160∼168, 산30∼산32-5"
오산시,초평동,5통,1반,"두곡동 1∼14, 16∼22-1, 30-1∼38-2, 44∼75, 99-9, 100∼107, 109-1, 110-2, 112-2∼ 121-6, 134∼135"
오산시,초평동,6통,1반,"탑 동 6∼7-2, 8-2, 8-4, 9∼14-2, 15, 15-1∼2, 47-5, 48-3, 49, 139∼144, 산1-3, 산3∼ 산6"
오산시,초평동,6통,2반,"탑 동 15-3, 124-1∼138, 145-1∼186, 산2-1, 산7∼산13, 산15-1∼산17-2"
오산시,초평동,6통,3반,"탑 동 48, 48-2 현대빌라"
오산시,초평동,6통,4반,"탑 동 8-1, 8-5∼6 원당빌라"
오산시,초평동,6통,5반,"탑 동 5-1, 5-3∼6 금환빌라"
오산시,초평동,7통,1반,"탑 동 200, 200-1, 201-1 탑동국민주택 1동"
오산시,초평동,7통,2반,탑 동 201-1 탑동국민주택 2동
오산시,초평동,7통,3반,탑 동 201-1 탑동국민주택 3동
오산시,초평동,7통,4반,탑 동 201-1 탑동국민주택 5동
오산시,초평동,7통,5반,탑 동 201-1 탑동국민주택 6동
오산시,초평동,7통,6반,탑 동 201-1 탑동국민주택 7동
오산시,초평동,8통,1반,"누읍동 625-1∼625-8, 627-1∼627-10"
오산시,초평동,8통,2반,누읍동 628-1∼628-10
오산시,초평동,8통,3반,누읍동 629-1∼629-10
오산시,초평동,8통,4반,"누읍동 626-1∼626-11, 630-1∼630-4, 631-1∼ 631-3"
오산시,초평동,8통,5반,"누읍동 7∼7-5, 12∼13-3, 17, 17-1, 19, 25∼ 25-6, 28∼29-5, 33, 41∼41-2, 43, 43-1, 45∼45-15, 49-5, 51-1∼58-1, 60∼67, 72, 72-3, 80-1∼5, 90-1∼6, 93-1, 96-2, 125-2∼3, 125-2∼3, 131∼131-2, 137∼ 138-5, 141-1, 145-1∼146-2, 177-2∼4, 178-2∼5, 179-1, 196-1, 196-3, 208∼220, 222, 224∼238-1, 240∼249-2, 251∼253, 255, 256, 349-1∼356-2"
오산시,초평동,9통,1반,"가수동 1∼27-1, 29∼33, 35∼42, 43-1, 43-3∼4, 44∼48-2, 114∼116-2, 120∼122-2, 123-2, 124∼132, 156, 산4-1, 산5-1∼2, 산7-1, 산7-3, 산8∼산10-1"
오산시,초평동,9통,2반,"가수동 94-5, 99-2∼3, 100-1, 101-4, 101-7, 102-2∼105, 133∼155, 157∼175∼7, 208-1, 216-1, 217∼233, 234-1, 235-1, 267-2, 270-1, 273-2, 274-1, 275∼286, 287-2, 288-1∼290-1, 290-3, 290-12, 290-15, 291, 291-1, 292, 292-3, 293-6, 298-4, 298-7, 산1∼산3"
오산시,초평동,9통,3반,"가수동 176-3∼207-2, 208-6, 208-8, 209-5∼215-2, 216-5, 234-5, 235-5∼6, 236∼266, 267-5∼7, 268, 269-1, 207-2, 271-2, 272-1, 273-5, 274-5, 287-5, 300-6, 301-4, 302-5∼7, 302-13∼16, 302-25, 302-31, 302-33, 303-6, 305∼316-7, 329-4, 331-2∼336-2, 338∼338-2, 378-4∼379-2, 382∼386-4"
오산시,초평동,9통,4반,"가수동 28, 34-1∼5, 43-2, 49∼52-1, 55∼58, 60-1, 62-1∼72-1, 76, 77-7, 79-1∼86, 90∼92-1, 94-2, 95∼96, 98, 99-1, 99-8, 99-11, 111-1, 112,112-3,391-1∼391-13, 산6-2, 산6-4∼5, 산7-5∼7, 산11-2, 산11-5, 산13∼산14-1"
오산시,초평동,9통,5반,"가수동 101-1, 101-5∼6 가수훼밀리타운"
오산시,초평동,10통,1반,"가수동 106-1 가수주공아파트 101동 106-3, 97"
오산시,초평동,10통,2반,"가수동 106-1 가수주공아파트 102동113-3, 111-7"
오산시,초평동,10통,3반,"가수동 113 가수주공아파트 103동, 113-2"
오산시,초평동,10통,4반,가수동 113 가수주공아파트 104동
오산시,초평동,10통,5반,가수동 113 가수주공아파트 112동
오산시,초평동,10통,6반,가수동 113 가수주공아파트 113동
오산시,초평동,10통,7반,가수동 106-1 가수주공아파트 114동
오산시,초평동,10통,8반,"가수동 106-1 가수주공아파트 115동, 107, 108 108-1"
오산시,초평동,10통,9반,"가수동 106-1 가수주공아파트 116동, 106"
오산시,초평동,11통,1반,가수동 113 가수주공아파트 105동
오산시,초평동,11통,2반,가수동 113 가수주공아파트 106동
오산시,초평동,11통,3반,가수동 113 가수주공아파트 107동
오산시,초평동,11통,4반,가수동 113 가수주공아파트 108동
오산시,초평동,11통,5반,가수동 113 가수주공아파트 109동
오산시,초평동,11통,6반,가수동 113 가수주공아파트 110동
오산시,초평동,11통,7반,"가수동 113 가수주공아파트 111동, 123-3, 395-2"
오산시,초평동,12통,1반,"탑 동 2-1∼2-14, 20, 21, 23∼25-5, 27∼28, 69∼76-1, 84-1, 87∼90-1, 202, 203, 207∼207-2, 209∼210-4, 212∼212-3, 213-2, 214-3∼5, 215, 216-2, 231, 235∼2, 236∼242, 244∼246, 247∼257-1, 258∼260, 278 벌음동 287∼287-4, 288∼288-5, 374, 375 누읍동 247∼253, 262∼263, 265∼275, 279∼283, 293-5∼293-10, 294∼296, 327-3, 400∼544, 656"
오산시,초평동,13통,1반,"서 동 125-2신동아아파트 101동 101호∼115호, 201호∼215호, 301호∼315호"
오산시,초평동,13통,2반,"서 동 125-2신동아아파트 101동 401호∼415호, 501호∼515호, 601호∼615호"
오산시,초평동,13통,3반,"서 동 125-2신동아아파트 101동 701호∼715호, 801호∼815호, 901호∼915호"
오산시,초평동,13통,4반,"서 동 125-2신동아아파트 101동 1001호∼1014호, 1101호∼1114호, 1201호∼1213호"
오산시,초평동,13통,5반,"서 동 125-2신동아아파트 101동 1301호∼1313호, 1401호∼1413호, 1501호∼1512호 1601호∼1602호"
오산시,초평동,14통,1반,"서 동 125-2신동아아파트 102동 101호∼110호, 201호∼210호, 301호∼310호 401호∼410호"
오산시,초평동,14통,2반,"서 동 125-2신동아아파트 102동 501호∼510호, 601호∼610호, 701호∼710호 801호∼810호"
오산시,초평동,14통,3반,"서 동 125-2신동아아파트 102동 901호∼910호, 1001호∼1010호, 1101호∼1110호, 1201호∼1210호"
오산시,초평동,14통,4반,"서 동 125-2신동아아파트 102동 1301호∼1310호, 1401호∼1410호, 1501호∼1510호, 1601호∼1610호"
오산시,초평동,15통,1반,"서 동 125-2 신동아아파트 103동 101호∼110호, 201호∼210호, 301호∼310호 401호∼410호"
오산시,초평동,15통,2반,"서 동 125-2 신동아아파트 103동 501호∼510호, 601호∼610호, 701호∼710호 801호∼810호"
오산시,초평동,15통,3반,"서 동 125-2 신동아아파트 103동 901호∼910호, 1001호∼1010호, 1101호∼1110호, 1201호∼1210호"
오산시,초평동,15통,4반,"서 동 125-2 신동아아파트 103동 1301호∼1310호, 1401호∼1410호, 1501호∼1510호, 1601호∼1610호"
오산시,초평동,16통,1반,"서 동 125-8번지 신동아2차아파트 201동 101∼1801호, 102∼1902호"
오산시,초평동,16통,2반,"서 동 125-8번지 신동아2차아파트 201동 103∼1903호, 105∼1905호"
오산시,초평동,16통,3반,"서 동 125-8번지 신동아2차아파트 201동 106∼1906호, 107∼1907호"
오산시,초평동,16통,4반,"서 동 125-8번지 신동아2차아파트 202동 101∼2001호, 102∼2002호"
오산시,초평동,16통,5반,"서 동 125-8번지 신동아2차아파트 202동 103∼2003호, 105∼2005호"
오산시,초평동,16통,6반,"서 동 125-8번지 신동아2차아파트 211동 101∼1901호, 102∼1902호"
오산시,초평동,16통,7반,"서 동 125-8번지 신동아2차아파트 211동 103∼1903호, 105∼1405호"
오산시,초평동,17통,1반,"서 동 125-8번지 신동아2차아파트 203동 101∼1901호, 102∼1902호"
오산시,초평동,17통,2반,"서 동 125-8번지 신동아2차아파트 203동 103∼1903호, 105∼1905호"
오산시,초평동,17통,3반,"서 동 125-8번지 신동아2차아파트 204동 101∼2001호, 102∼2002호"
오산시,초평동,17통,4반,"서 동 125-8번지 신동아2차아파트 204동 103∼2003호, 105∼2005호"
오산시,초평동,17통,5반,"서 동 125-8번지 신동아2차아파트 210동 101∼1901호, 102∼1902호"
오산시,초평동,17통,6반,"서 동 125-8번지 신동아2차아파트 210동 103∼1903호, 105∼1905호"
오산시,초평동,17통,7반,"서 동 125-8번지 신동아2차아파트 210동 106∼1906호, 107∼1907호"
오산시,초평동,18통,1반,"서 동 125-8번지 신동아2차아파트 205동 101∼1901호, 102∼1902호"
오산시,초평동,18통,2반,"서 동 125-8번지 신동아2차아파트 205동 103∼1903호, 105∼1905호"
오산시,초평동,18통,3반,"서 동 125-8번지 신동아2차아파트 206동 101∼2001호, 102∼2002호"
오산시,초평동,18통,4반,"서 동 125-8번지 신동아2차아파트 206동 103∼2003호, 105∼2005호"
오산시,초평동,18통,5반,서 동 125-8번지 신동아2차아파트 207동
오산시,초평동,18통,6반,서 동 125-8번지 신동아2차아파트 208동
오산시,초평동,18통,7반,"서 동 125-8번지 신동아2차아파트 209동 101∼1701호, 102∼1702호"
오산시,초평동,18통,8반,"서 동 125-8번지 신동아2차아파트 209동 103∼1903호, 105∼1905호"
오산시,초평동,18통,9반,"서 동 125-8번지 신동아2차아파트 209동 106∼1906호, 107∼1907호"
오산시,초평동,19통,1반,누읍동 438 한라아파트 101동 101∼2002호
오산시,초평동,19통,2반,누읍동 438 한라아파트 101동 103∼2004호
오산시,초평동,19통,3반,누읍동 438 한라아파트 101동 105∼2006호
오산시,초평동,19통,4반,누읍동 438 한라아파트 108동 101∼2002호
오산시,초평동,19통,5반,누읍동 438 한라아파트 108동 103∼704호
오산시,초평동,19통,6반,누읍동 438 한라아파트 107동 101∼1202호
오산시,초평동,19통,7반,누읍동 438 한라아파트 107동 103∼2004호
오산시,초평동,20통,1반,누읍동 438 한라아파트 102동 101∼2002호
오산시,초평동,20통,2반,누읍동 438 한라아파트 102동 103∼2004호
오산시,초평동,20통,3반,누읍동 438 한라아파트 106동 101∼2002호
오산시,초평동,20통,4반,누읍동 438 한라아파트 106동 103∼2004호
오산시,초평동,20통,5반,누읍동 438 한라아파트 109동 101∼2002호
오산시,초평동,20통,6반,누읍동 438 한라아파트 109동 103∼2004호
오산시,초평동,21통,1반,누읍동 438 한라아파트 103동 101∼2002호
오산시,초평동,21통,2반,누읍동 438 한라아파트 103동 103∼2004호
오산시,초평동,21통,3반,누읍동 438 한라아파트 104동 101∼2002호
오산시,초평동,21통,4반,누읍동 438 한라아파트 104동 103∼2004호
오산시,초평동,21통,5반,누읍동 438 한라아파트 105동 101∼2002호
오산시,초평동,21통,6반,누읍동 438 한라아파트 105동 103∼2004호
오산시,초평동,21통,7반,누읍동 438 한라아파트 110동 101∼1702호
오산시,초평동,21통,8반,누읍동 438 한라아파트 110동 103∼1804호
오산시,초평동,22통,1반,누읍동 561-1 이림아파트 101동 101∼413호
오산시,초평동,22통,2반,누읍동 561-1 이림아파트 101동 501∼813호
오산시,초평동,22통,3반,누읍동 561-1 이림아파트 101동 901∼1113호
오산시,초평동,22통,4반,누읍동 561-1 이림아파트 101동 1201∼1413호
오산시,초평동,22통,5반,누읍동 561-1 이림아파트 101동 1501∼1713호
오산시,초평동,22통,6반,누읍동 561-1 이림아파트 101동 1801∼2013호
오산시,초평동,23통,1반,누읍동 561-1 이림아파트 102동 101∼411호
오산시,초평동,23통,2반,누읍동 561-1 이림아파트 102동 501∼811호
오산시,초평동,23통,3반,누읍동 561-1 이림아파트 102동 901∼1211호
오산시,초평동,23통,4반,누읍동 561-1 이림아파트 102동 1301∼1611호
오산시,초평동,23통,5반,누읍동 561-1 이림아파트 102동 1701∼2011호
오산시,초평동,24통,1반,누읍동 561-1 이림아파트 103동 101∼409호
오산시,초평동,24통,2반,누읍동 561-1 이림아파트 103동 501∼809호
오산시,초평동,24통,3반,누읍동 561-1 이림아파트 103동 901∼1209호
오산시,초평동,24통,4반,누읍동 561-1 이림아파트 103동 1301∼1609호
오산시,초평동,24통,5반,누읍동 561-1 이림아파트 103동 1701∼2009호
오산시,초평동,25통,1반,"가수동 398 늘푸른오스카빌아파트 101동 101호∼1101호, 102호∼1202호"
오산시,초평동,25통,2반,"가수동 398 늘푸른오스카빌아파트 101동 103호∼1503호, 104호∼1504호"
오산시,초평동,25통,3반,"가수동 398 늘푸른오스카빌아파트 102동 101호∼1501호, 102호∼1502호"
오산시,초평동,25통,4반,"가수동 398 늘푸른오스카빌아파트 102동 103호∼1503호, 104호∼1504호"
오산시,초평동,25통,5반,"가수동 398 늘푸른오스카빌아파트 103동 101호∼1501호, 102호∼1502호"
오산시,초평동,25통,6반,"가수동 398 늘푸른오스카빌아파트 103동 103호∼1503호, 104호∼1504호"
오산시,초평동,25통,7반,"가수동 398 늘푸른오스카빌아파트 104동 101호∼1201호, 102호∼1202호"
오산시,초평동,25통,8반,"가수동 398 늘푸른오스카빌아파트 104동 103호∼1203호, 104호∼1204호"
오산시,초평동,25통,9반,"가수동 398 늘푸른오스카빌아파트 105동 101호∼1501호, 102호∼1502호 가수동 398-1 상가"
오산시,초평동,25통,10반,"가수동 398 늘푸른오스카빌아파트 105동 103호∼1503호, 104호∼1504호"
오산시,초평동,25통,11반,"가수동 398 늘푸른오스카빌아파트 105동 105호∼1505호, 106호∼1506호"
오산시,초평동,26통,1반,"가수동 398 늘푸른오스카빌아파트 106동 101호∼1501호, 102호∼1502호"
오산시,초평동,26통,2반,"가수동 398 늘푸른오스카빌아파트 106동 103호∼1503호, 104호∼1504호"
오산시,초평동,26통,3반,"가수동 398 늘푸른오스카빌아파트 107동 101호∼1401호, 102호∼1502호"
오산시,초평동,26통,4반,"가수동 398 늘푸른오스카빌아파트 107동 103호∼1503호, 104호∼1504호"
오산시,초평동,26통,5반,"가수동 398 늘푸른오스카빌아파트 108동 101호∼1501호, 102호∼1502호"
오산시,초평동,26통,6반,"가수동 398 늘푸른오스카빌아파트 108동 103호∼1503호, 104호∼1504호"
오산시,초평동,26통,7반,"가수동 398 늘푸른오스카빌아파트 109동 101호∼1501호, 102호∼1502호"
오산시,초평동,26통,8반,"가수동 398 늘푸른오스카빌아파트 109동 103호∼1503호, 104호∼1504호"
오산시,초평동,27통,1반,"가수동 398 늘푸른오스카빌아파트 110동 101호∼1501호, 102호∼1502호"
오산시,초평동,27통,2반,"가수동 398 늘푸른오스카빌아파트 110동 103호∼1503호, 104호∼1504호"
오산시,초평동,27통,3반,"가수동 398 늘푸른오스카빌아파트 110동 105호∼1505호, 106호∼1506호"
오산시,초평동,27통,4반,"가수동 398 늘푸른오스카빌아파트 111동 101호∼1501호, 102호∼1502호"
오산시,초평동,27통,5반,"가수동 398 늘푸른오스카빌아파트 111동 103호∼1503호, 104호∼1504호"
오산시,초평동,27통,6반,"가수동 398 늘푸른오스카빌아파트 111동 105호∼1505호, 106호∼1506호"
오산시,초평동,27통,7반,"가수동 398 늘푸른오스카빌아파트 112동 101호∼1201호, 102호∼1202호"
오산시,초평동,27통,8반,"가수동 398 늘푸른오스카빌아파트 112동 103호∼1303호, 104호∼1304호"
오산시,초평동,27통,9반,"가수동 398 늘푸른오스카빌아파트 113동 101호∼1501호, 102호∼1502호"
오산시,초평동,27통,10반,"가수동 398 늘푸른오스카빌아파트 113동 103호∼1503호, 304호∼1504호"
오산시,초평동,27통,11반,"가수동 398 늘푸른오스카빌아파트 114동 101호∼1501호, 102호∼1502호"
오산시,초평동,27통,12반,"가수동 398 늘푸른오스카빌아파트 114동 103호∼1503호, 104호∼1504호"
오산시,초평동,28통,1반,"누읍동 621 오산누읍 휴먼시아아파트 101동 702~706호, 상가"
오산시,초평동,28통,2반,누읍동 621 오산누읍 휴먼시아아파트 101동 801∼1506호
오산시,초평동,28통,3반,누읍동 621 오산누읍 휴먼시아아파트 102동 101∼705호
오산시,초평동,28통,4반,누읍동 621 오산누읍 휴먼시아아파트 102동 706∼1504호
오산시,초평동,28통,5반,누읍동 621 오산누읍 휴먼시아아파트 103동 101∼ 803호
오산시,초평동,28통,6반,누읍동 621 오산누읍 휴먼시아아파트 103동 804∼1506호
오산시,초평동,28통,7반,누읍동 621 오산누읍 휴먼시아아파트 104동 101∼803호
오산시,초평동,28통,8반,누읍동 621 오산누읍 휴먼시아아파트 104동 804∼1506호
오산시,초평동,28통,9반,누읍동 621 오산누읍 휴먼시아아파트 114동 101∼702호
오산시,초평동,28통,10반,"누읍동 621 오산누읍 휴먼시아아파트 114동 703∼1304호, 종교시설"
오산시,초평동,29통,1반,누읍동 621 오산누읍 휴먼시아아파트 105동 101~803호
오산시,초평동,29통,2반,누읍동 621 오산누읍 휴먼시아아파트 105동 804∼1506호
오산시,초평동,29통,3반,누읍동 621 오산누읍 휴먼시아아파트 106동 101∼803호
오산시,초평동,29통,4반,누읍동 621 오산누읍 휴먼시아아파트 106동 804∼1506호
오산시,초평동,29통,5반,누읍동 621 오산누읍 휴먼시아아파트 107동 101∼803호
오산시,초평동,29통,6반,누읍동 621 오산누읍 휴먼시아아파트 107동 804∼1506호
오산시,초평동,29통,7반,누읍동 621 오산누읍 휴먼시아아파트 108동 101∼803호
오산시,초평동,29통,8반,누읍동 621 오산누읍 휴먼시아아파트 108동 804∼1506호
오산시,초평동,30통,1반,"누읍동 621 오산누읍 휴먼시아아파트 109동 101~804호, 상가"
오산시,초평동,30통,2반,누읍동 621 오산누읍 휴먼시아아파트 109동 805∼1506호
오산시,초평동,30통,3반,누읍동 621 오산누읍 휴먼시아아파트 110동 201∼806호
오산시,초평동,30통,4반,누읍동 621 오산누읍 휴먼시아아파트 110동 901∼1506호
오산시,초평동,30통,5반,누읍동 621 오산누읍 휴먼시아아파트 111동 101∼802호
오산시,초평동,30통,6반,누읍동 621 오산누읍 휴먼시아아파트 111동 803∼1506호
오산시,초평동,30통,7반,누읍동 621 오산누읍 휴먼시아아파트 112동 101∼803호
오산시,초평동,30통,8반,누읍동 621 오산누읍 휴먼시아아파트 112동 804∼1506호
오산시,초평동,30통,9반,누읍동 621 오산누읍 휴먼시아아파트 113동 102∼804호
오산시,초평동,30통,10반,누읍동 621 오산누읍 휴먼시아아파트 113동 805∼1506호
오산시,초평동,31통,1반,가수동 215-4 오산세교2엘에이치12단지 1201동 101∼316호
오산시,초평동,31통,2반,가수동 215-4 오산세교2엘에이치12단지 1201동 401∼616호
오산시,초평동,31통,3반,가수동 215-4 오산세교2엘에이치12단지 1201동 701∼916호
오산시,초평동,31통,4반,가수동 215-4 오산세교2엘에이치12단지 1201동 1001∼1216호
오산시,초평동,31통,5반,가수동 215-4 오산세교2엘에이치12단지 1201동 1301∼1516호
오산시,초평동,31통,6반,가수동 215-4 오산세교2엘에이치12단지 1207동 301∼610호
오산시,초평동,31통,7반,가수동 215-4 오산세교2엘에이치12단지 1207동 701∼1010호
오산시,초평동,31통,8반,가수동 215-4 오산세교2엘에이치12단지 1207동 1101∼1510호
오산시,초평동,32통,1반,가수동 215-4 오산세교2엘에이치12단지 1202동 101∼314호
오산시,초평동,32통,2반,가수동 215-4 오산세교2엘에이치12단지 1202동 401∼614호
오산시,초평동,32통,3반,가수동 215-4 오산세교2엘에이치12단지 1202동 701∼914호
오산시,초평동,32통,4반,가수동 215-4 오산세교2엘에이치12단지 1202동 1001∼1214호
오산시,초평동,32통,5반,가수동 215-4 오산세교2엘에이치12단지 1202동 1301∼1514호
오산시,초평동,32통,6반,가수동 215-4 오산세교2엘에이치12단지 1203동 301∼610호
오산시,초평동,32통,7반,가수동 215-4 오산세교2엘에이치12단지 1203동 701∼1010호
오산시,초평동,32통,8반,가수동 215-4 오산세교2엘에이치12단지 1203동 1101∼1510호
오산시,초평동,33통,1반,가수동 215-4 오산세교2엘에이치12단지 1204동 101∼412호
오산시,초평동,33통,2반,가수동 215-4 오산세교2엘에이치12단지 1204동 501∼812호
오산시,초평동,33통,3반,가수동 215-4 오산세교2엘에이치12단지 1204동 901∼1212호
오산시,초평동,33통,4반,가수동 215-4 오산세교2엘에이치12단지 1204동 1301∼1512호
오산시,초평동,33통,5반,가수동 215-4 오산세교2엘에이치12단지 1205동 107∼512호
오산시,초평동,33통,6반,가수동 215-4 오산세교2엘에이치12단지 1205동 601∼912호
오산시,초평동,33통,7반,가수동 215-4 오산세교2엘에이치12단지 1205동 1001∼1312호
오산시,초평동,33통,8반,가수동 215-4 오산세교2엘에이치12단지 1206동 107∼512호
오산시,초평동,33통,9반,가수동 215-4 오산세교2엘에이치12단지 1206동 601∼812호
오산시,초평동,33통,10반,가수동 215-4 오산세교2엘에이치12단지 1206동 901∼1112호
오산시,초평동,34통,1반,"탑 동 오산세교2 A-15블록 2101동 101∼2501호, 102∼2502호"
오산시,초평동,34통,2반,"탑 동 오산세교2 A-15블록 2101동 103∼2403호, 104∼2404호"
오산시,초평동,34통,3반,"탑 동 오산세교2 A-15블록 2101동 105∼2505호, 106∼2506호"
오산시,초평동,34통,4반,"탑 동 오산세교2 A-15블록 2101동 107∼2507호, 108∼2508호"
오산시,초평동,34통,5반,"탑 동 오산세교2 A-15블록 2101동 309∼2509호, 310∼2410호"
오산시,초평동,34통,6반,"탑 동 오산세교2 A-15블록 2101동 111∼2411호, 112∼2412호"
오산시,초평동,34통,7반,"탑 동 오산세교2 A-15블록 2101동 113∼2413호, 314∼2414호"
오산시,초평동,35통,1반,"탑 동 오산세교2 A-15블록 2102동 101∼1701호, 102∼1702호"
오산시,초평동,35통,2반,"탑 동 오산세교2 A-15블록 2102동 303∼1703호, 304∼1704호"
오산시,초평동,35통,3반,"탑 동 오산세교2 A-15블록 2102동 105∼1505호, 106∼1506호"
오산시,초평동,35통,4반,"탑 동 오산세교2 A-15블록 2102동 107∼1507호, 108∼1508호"
오산시,초평동,35통,5반,"탑 동 오산세교2 A-15블록 2102동 109∼1509호, 110∼1510호"
오산시,초평동,36통,1반,"탑 동 오산세교2 A-15블록 2103동 101∼1501호, 102∼1502호"
오산시,초평동,36통,2반,"탑 동 오산세교2 A-15블록 2103동 303∼1303호, 304∼1304호, 105∼1305호, 106∼1306호"
오산시,초평동,36통,3반,"탑 동 오산세교2 A-15블록 2103동 107∼1507호, 108∼1508호, 109∼1509호"
오산시,초평동,36통,4반,"탑 동 오산세교2 A-15블록 2103동 110∼1510호, 111∼1511호, 112∼1512호"
오산시,초평동,36통,5반,"탑 동 오산세교2 A-15블록 2103동 113∼1513호, 114∼1314호, 115∼1315호"
오산시,초평동,37통,1반,"서 동 39-1 포스코더샵엘리포레 아파트 101동 101∼2901호, 202∼2902호"
오산시,초평동,37통,2반,"서 동 39-1 포스코더샵엘리포레 아파트 101동 103∼2903호, 104∼2904호"
오산시,초평동,37통,3반,"서 동 39-1 포스코더샵엘리포레 아파트 101동 105∼2905호, 106∼2906호"
오산시,초평동,37통,4반,"서 동 39-1 포스코더샵엘리포레 아파트 102동 201∼2501호, 202∼2502호"
오산시,초평동,37통,5반,"서 동 39-1 포스코더샵엘리포레 아파트 102동 203∼2003호, 204∼2004호"
오산시,초평동,38통,1반,"서 동 39-1 포스코더샵엘리포레 아파트 103동 201∼2901호, 202∼2902호"
오산시,초평동,38통,2반,"서 동 39-1 포스코더샵엘리포레 아파트 103동 103∼2903호, 104∼2904호"
오산시,초평동,38통,3반,"서 동 39-1 포스코더샵엘리포레 아파트 103동 105∼2905호, 106∼2906호"
오산시,초평동,38통,4반,"서 동 39-1 포스코더샵엘리포레 아파트 104동 201∼2701호, 202∼2702호"
오산시,초평동,38통,5반,"서 동 39-1 포스코더샵엘리포레 아파트 104동 203∼2903호, 204∼2904호"
오산시,초평동,38통,6반,"서 동 39-1 포스코더샵엘리포레 아파트 104동 205∼2905호, 206∼2906호"
오산시,초평동,39통,1반,"서 동 39-1 포스코더샵엘리포레 아파트 105동 201∼2701호, 202∼2702호"
오산시,초평동,39통,2반,"서 동 39-1 포스코더샵엘리포레 아파트 105동 203∼2903호, 204∼2904호"
오산시,초평동,39통,3반,"서 동 39-1 포스코더샵엘리포레 아파트 105동 205∼2905호, 206∼2906호"
오산시,초평동,39통,4반,"서 동 39-1 포스코더샵엘리포레 아파트 106동 101∼2701호, 202∼2702호"
오산시,초평동,39통,5반,"서 동 39-1 포스코더샵엘리포레 아파트 106동 103∼2903호, 104∼2904호"
오산시,초평동,39통,6반,"서 동 39-1 포스코더샵엘리포레 아파트 106동 205∼2905호, 106∼2906호"
오산시,초평동,40통,1반,서 동 7-5 오산세교한양수자인 101동 101∼2701호
오산시,초평동,40통,2반,서 동 7-5 오산세교한양수자인 101동 102∼2702호
오산시,초평동,40통,3반,서 동 7-5 오산세교한양수자인 101동 203∼2703호
오산시,초평동,40통,4반,서 동 7-5 오산세교한양수자인 102동 101∼2901호
오산시,초평동,40통,5반,서 동 7-5 오산세교한양수자인 102동 102∼2902호
오산시,초평동,40통,6반,서 동 7-5 오산세교한양수자인 102동 203∼2903호
오산시,초평동,40통,7반,서 동 7-5 오산세교한양수자인 103동 201∼2901호
오산시,초평동,40통,8반,서 동 7-5 오산세교한양수자인 103동 102∼2902호
오산시,초평동,40통,9반,서 동 7-5 오산세교한양수자인 103동 203∼2903호
오산시,초평동,40통,10반,서 동 7-5 오산세교한양수자인 103동 104∼2904호
오산시,초평동,41통,1반,서 동 7-5 오산세교한양수자인 104동 101∼2701호
오산시,초평동,41통,2반,서 동 7-5 오산세교한양수자인 104동 202∼2702호
오산시,초평동,41통,3반,서 동 7-5 오산세교한양수자인 104동 103∼2703호
오산시,초평동,41통,4반,서 동 7-5 오산세교한양수자인 105동 201∼2601호
오산시,초평동,41통,5반,서 동 7-5 오산세교한양수자인 105동 202∼2602호
오산시,초평동,41통,6반,서 동 7-5 오산세교한양수자인 105동 203∼2403호
오산시,초평동,41통,7반,서 동 7-5 오산세교한양수자인 105동 104∼2404호
오산시,초평동,41통,8반,서 동 7-5 오산세교한양수자인 105동 105∼1805호
오산시,초평동,41통,9반,서 동 7-5 오산세교한양수자인 105동 206∼1806호
오산시,초평동,42통,1반,서 동 7-5 오산세교한양수자인 106동 201∼2901호 
오산시,초평동,42통,2반,서 동 7-5 오산세교한양수자인 106동 102∼2902호
오산시,초평동,42통,3반,서 동 7-5 오산세교한양수자인 106동 203∼2903호
오산시,초평동,42통,4반,서 동 7-5 오산세교한양수자인 106동 104∼2904호
오산시,초평동,42통,5반,서 동 7-5 오산세교한양수자인 107동 201∼2701호
오산시,초평동,42통,6반,서 동 7-5 오산세교한양수자인 107동 102∼2702호
오산시,초평동,42통,7반,서 동 7-5 오산세교한양수자인 107동 103∼2703호
오산시,초평동,42통,8반,서 동 7-5 오산세교한양수자인 108동 101∼2701호
오산시,초평동,42통,9반,서 동 7-5 오산세교한양수자인 108동 202∼2702호
오산시,초평동,42통,10반,서 동 7-5 오산세교한양수자인 108동 103∼2603호
오산시,초평동,42통,11반,서 동 7-5 오산세교한양수자인 108동 204∼2204호
오산시,초평동,43통,1반,"누읍동 659 중흥S클래스 에듀하이 1601동 201∼2301호, 202∼2302호"
오산시,초평동,43통,2반,"누읍동 659 중흥S클래스 에듀하이 1601동 203∼2303호, 205∼2305호"
오산시,초평동,43통,3반,"누읍동 659 중흥S클래스 에듀하이 1602동 201∼2301호, 202∼2302호"
오산시,초평동,43통,4반,"누읍동 659 중흥S클래스 에듀하이 1602동 203∼2303호, 205∼2305호"
오산시,초평동,43통,5반,"누읍동 659 중흥S클래스 에듀하이 1603동 201∼2301호, 202∼2302호"
오산시,초평동,43통,6반,"누읍동 659 중흥S클래스 에듀하이 1603동 203∼2303호, 205∼2305호"
오산시,초평동,43통,7반,누읍동 659 중흥S클래스 에듀하이 1604동 201∼1902호
오산시,초평동,43통,8반,누읍동 659 중흥S클래스 에듀하이 1604동 203∼1905호
오산시,초평동,44통,1반,"누읍동 659 중흥S클래스 에듀하이 1605동 201∼2301호, 202∼2302호 "
오산시,초평동,44통,2반,"누읍동 659 중흥S클래스 에듀하이 1605동 203∼2303호, 205∼2305호"
오산시,초평동,44통,3반,"누읍동 659 중흥S클래스 에듀하이 1606동 201∼2501호, 202∼2502호"
오산시,초평동,44통,4반,"누읍동 659 중흥S클래스 에듀하이 1606동 203∼2403호, 205∼2405호"
오산시,초평동,44통,5반,"누읍동 659 중흥S클래스 에듀하이 1607동 201∼2501호, 202∼2502호"
오산시,초평동,44통,6반,누읍동 659 중흥S클래스 에듀하이 1607동 203∼2503호
오산시,초평동,44통,7반,"누읍동 659 중흥S클래스 에듀하이 1608동 201∼2201호, 202∼2502호"
오산시,초평동,44통,8반,누읍동 659 중흥S클래스 에듀하이 1608동 203∼2503호
오산시,초평동,45통,1반,가수동 437 SK뷰1차 901동 45 통
오산시,초평동,45통,2반,가수동 437 SK뷰1차 902동
오산시,초평동,45통,3반,가수동 437 SK뷰1차 903동
오산시,초평동,45통,4반,가수동 437 SK뷰1차 904동
오산시,초평동,46통,1반,가수동 442 SK뷰2차 1001동 46통
오산시,초평동,46통,2반,가수동 442 SK뷰2차 1002동
오산시,초평동,46통,3반,가수동 442 SK뷰2차 1003동
오산시,초평동,46통,4반,가수동 442 SK뷰2차 1004동
오산시,초평동,47통,1반,누읍동 424-5 칸타빌 더퍼스트 1501동 
오산시,초평동,47통,2반,누읍동 424-5 칸타빌 더퍼스트 1502동
오산시,초평동,47통,3반,누읍동 424-5 칸타빌 더퍼스트 1503동
오산시,초평동,48통,1반,누읍동 424-5 칸타빌 더퍼스트 1504동 
오산시,초평동,48통,2반,누읍동 424-5 칸타빌 더퍼스트 1505동
오산시,초평동,48통,3반,누읍동 424-5 칸타빌 더퍼스트 1506동
오산시,초평동,48통,4반,누읍동 424-5 칸타빌 더퍼스트 1507동
오산시,초평동,49통,1반,탑동 110-1 한신더휴 2201동
오산시,초평동,49통,2반,탑동 110-1 한신더휴 2202동
오산시,초평동,49통,3반,탑동 110-1 한신더휴 2203동
오산시,초평동,49통,4반,탑동 110-1 한신더휴 2204동
오산시,초평동,49통,5반,탑동 110-1 한신더휴 2205동
오산시,초평동,50통,1반,탑동 110-1 한신더휴 2206동
오산시,초평동,50통,2반,탑동 110-1 한신더휴 2207동
오산시,초평동,50통,3반,탑동 110-1 한신더휴 2208동
오산시,초평동,50통,4반,탑동 110-1 한신더휴 2209동
오산시,초평동,50통,5반,탑동 110-1 한신더휴 2210동
오산시,초평동,51통,1반,"탑동 148, 오산세교 우미린센트럴시티 2001동101호∼1701호, 102호∼1702호, 303호∼1803호"
오산시,초평동,51통,2반,"탑동 148, 오산세교 우미린센트럴시티 2001동104호∼1804호, 105호∼1805호, 106호∼1806호"
오산시,초평동,51통,3반,"탑동 148, 오산세교 우미린센트럴시티 2002동101호∼2501호, 102호∼2502호, 303호∼2503호"
오산시,초평동,51통,4반,"탑동 148, 오산세교 우미린센트럴시티 2002동104호∼2504호, 105호∼2505호, 106호∼2506호"
오산시,초평동,51통,5반,"탑동 148, 오산세교 우미린센트럴시티 2003동101호∼2501호, 102호∼2502호, 303호∼2503호"
오산시,초평동,51통,6반,"탑동 148, 오산세교 우미린센트럴시티 2003동304호∼2504호, 105호∼2505호, 106호∼2506호"
오산시,초평동,51통,7반,"탑동 148, 오산세교 우미린센트럴시티 2004동101호∼2501호, 102호∼2502호, 103호∼2503호"
오산시,초평동,51통,8반,"탑동 148, 오산세교 우미린센트럴시티 2004동304호∼2504호, 105호∼2505호, 106호∼2506호"
오산시,초평동,52통,1반,"탑동 148, 오산세교 우미린센트럴시티 2005동101호∼2501호, 102호∼2502호, 103호∼2503호"
오산시,초평동,52통,2반,"탑동 148, 오산세교 우미린센트럴시티 2005동304호∼2504호, 105호∼2505호, 106호∼2506호"
오산시,초평동,52통,3반,"탑동 148, 오산세교 우미린센트럴시티 2006동101호∼2501호, 102호∼2502호, 103호∼2503호"
오산시,초평동,52통,4반,"탑동 148, 오산세교 우미린센트럴시티 2006동304호∼2504호, 105호∼2505호, 106호∼2506호"
오산시,초평동,52통,5반,"탑동 148, 오산세교 우미린센트럴시티 2007동101호∼2501호, 102호∼2502호, 103호∼2503호"
오산시,초평동,52통,6반,"탑동 148, 오산세교 우미린센트럴시티 2007동304호∼2504호, 105호∼2505호, 106호∼2506호"
오산시,초평동,52통,7반,"탑동 148, 오산세교 우미린센트럴시티 2008동101호∼2501호, 102호∼2502호, 103호∼2503호"
오산시,초평동,52통,8반,"탑동 148, 오산세교 우미린센트럴시티 2008동104호∼2504호, 305호∼2505호"
오산시,초평동,53통,1반,"탑동 148, 오산세교 우미린센트럴시티 2009동101호∼2501호, 302호∼2502호, 303호∼2503호"
오산시,초평동,53통,2반,"탑동 148, 오산세교 우미린센트럴시티 2009동104호∼2504호, 105호∼2505호"
오산시,초평동,53통,3반,"탑동 148, 오산세교 우미린센트럴시티 2010동101호∼2501호, 102호∼2502호, 103호∼2503호"
오산시,초평동,53통,4반,"탑동 148, 오산세교 우미린센트럴시티 2010동304호∼2504호, 105호∼2505호, 106호∼2506호"
오산시,초평동,53통,5반,"탑동 148, 오산세교 우미린센트럴시티 2011동101호∼2501호, 102호∼2502호, 103호∼2503호"
오산시,초평동,53통,6반,"탑동 148, 오산세교 우미린센트럴시티 2010동304호∼2504호, 105호∼2505호, 106호∼2506호"
